{
  "run_name": "smoke_run_20260613_133915",
  "random_state": 42,
  "n_train": 8000,
  "n_test": 2001,
  "n_features": 77,
  "n_classes": 7,
  "class_names": [
    "BENIGN",
    "Bot",
    "Brute Force",
    "DDoS",
    "DoS",
    "PortScan",
    "Web Attack"
  ],
  "duration_seconds": 54.17,
  "models": [
    {
      "model": "random_forest",
      "accuracy": 0.9945027486256871,
      "balanced_accuracy": 0.8434257438101609,
      "f1_macro": 0.8491909976472684,
      "f1_weighted": 0.9942030606482869,
      "cv_f1_macro_mean": 0.8099289768388039,
      "cv_f1_macro_std": 0.009265914039899672,
      "cv_f1_macro_scores": [
        0.8029472865887332,
        0.8230233497235361,
        0.8038162942041428
      ],
      "label_shuffle_acc": 0.8055,
      "label_shuffle_f1_macro": 0.1306783637125933,
      "majority_baseline_acc": 0.8310844577711144,
      "best_params": {},
      "near_perfect_flag": true
    },
    {
      "model": "xgboost",
      "accuracy": 0.9940029985007496,
      "balanced_accuracy": 0.8433398405372462,
      "f1_macro": 0.8486888076710273,
      "f1_weighted": 0.9937055778210319,
      "cv_f1_macro_mean": 0.8726671852136431,
      "cv_f1_macro_std": 0.055009007512432165,
      "cv_f1_macro_scores": [
        0.8532764911304632,
        0.817116941611239,
        0.9476081228992269
      ],
      "label_shuffle_acc": 0.804,
      "label_shuffle_f1_macro": 0.13354995589570354,
      "majority_baseline_acc": 0.8310844577711144,
      "best_params": {},
      "near_perfect_flag": true
    }
  ]
}