{
  "model": "lightgbm",
  "accuracy": 0.9865,
  "balanced_accuracy": 0.8573483740604537,
  "f1_macro": 0.8590469037033182,
  "f1_weighted": 0.9847413842546573,
  "cv_f1_macro_mean": 0.8692752420714891,
  "cv_f1_macro_std": 0.023228884597767244,
  "cv_f1_macro_scores": [
    0.8866418728584927,
    0.8364429780297438,
    0.884740875326231
  ],
  "label_shuffle_acc": 0.504995004995005,
  "label_shuffle_f1_macro": 0.10913501719571943,
  "majority_baseline_acc": 0.6125,
  "best_params": {},
  "near_perfect_flag": false
}