{
  "run_name": "smoke",
  "random_state": 42,
  "n_train": 7998,
  "n_test": 2001,
  "n_features": 77,
  "n_classes": 9,
  "class_names": [
    "BENIGN",
    "Bot",
    "Brute Force",
    "DDoS",
    "DoS",
    "Heartbleed",
    "Infiltration",
    "PortScan",
    "Web Attack"
  ],
  "per_class_n_train": {
    "BENIGN": 3904,
    "Bot": 1558,
    "Brute Force": 17,
    "DDoS": 238,
    "DoS": 361,
    "Heartbleed": 8,
    "Infiltration": 29,
    "PortScan": 169,
    "Web Attack": 1714
  },
  "per_class_n_test": {
    "BENIGN": 976,
    "Bot": 390,
    "Brute Force": 4,
    "DDoS": 60,
    "DoS": 90,
    "Heartbleed": 3,
    "Infiltration": 7,
    "PortScan": 42,
    "Web Attack": 429
  },
  "majority_baseline_acc": 0.4877561219390305,
  "duration_seconds": 140.25,
  "models": [
    {
      "model": "random_forest",
      "accuracy": 0.991504247876062,
      "balanced_accuracy": 0.9597038435153189,
      "f1_macro": 0.9757687933528614,
      "f1_weighted": 0.991422901133618,
      "cv_f1_macro_mean": 0.9715658129081642,
      "cv_f1_macro_std": 0.0010635414276690335,
      "cv_f1_macro_scores": [
        0.972944922638312,
        0.9703564284395555,
        0.971396087646625
      ],
      "label_shuffle_acc": 0.402,
      "label_shuffle_f1_macro": 0.11318060605315955,
      "best_params": {},
      "near_perfect_flag": true
    },
    {
      "model": "xgboost",
      "accuracy": 0.9960019990004998,
      "balanced_accuracy": 0.982064199209008,
      "f1_macro": 0.9889934648211176,
      "f1_weighted": 0.9959851849900191,
      "cv_f1_macro_mean": 0.9738918489304828,
      "cv_f1_macro_std": 0.009106893731919323,
      "cv_f1_macro_scores": [
        0.9683453186711096,
        0.9867314079028952,
        0.9665988202174434
      ],
      "label_shuffle_acc": 0.315,
      "label_shuffle_f1_macro": 0.10813741852983413,
      "best_params": {},
      "near_perfect_flag": true
    },
    {
      "model": "lightgbm",
      "accuracy": 0.9955022488755623,
      "balanced_accuracy": 0.9818051989500078,
      "f1_macro": 0.9888067359573722,
      "f1_weighted": 0.9954852022425554,
      "cv_f1_macro_mean": 0.9837449522902911,
      "cv_f1_macro_std": 0.012292357172305583,
      "cv_f1_macro_scores": [
        0.9970211942416317,
        0.9868258393408753,
        0.9673878232883665
      ],
      "label_shuffle_acc": 0.363,
      "label_shuffle_f1_macro": 0.1112542412632475,
      "best_params": {},
      "near_perfect_flag": true
    }
  ]
}