{
  "run_name": "smoke",
  "random_state": 42,
  "n_train": 7999,
  "n_test": 2001,
  "n_features": 80,
  "n_classes": 9,
  "class_names": [
    "BENIGN",
    "Bot",
    "Brute Force",
    "DDoS",
    "DoS",
    "Heartbleed",
    "Infiltration",
    "PortScan",
    "Web Attack"
  ],
  "per_class_n_train": {
    "BENIGN": 4878,
    "Bot": 58,
    "Brute Force": 42,
    "DDoS": 362,
    "DoS": 157,
    "Heartbleed": 8,
    "Infiltration": 56,
    "PortScan": 36,
    "Web Attack": 2402
  },
  "per_class_n_test": {
    "BENIGN": 1220,
    "Bot": 15,
    "Brute Force": 10,
    "DDoS": 91,
    "DoS": 39,
    "Heartbleed": 3,
    "Infiltration": 14,
    "PortScan": 9,
    "Web Attack": 600
  },
  "majority_baseline_acc": 0.6096951524237881,
  "duration_seconds": 737.91,
  "models": [
    {
      "model": "random_forest",
      "accuracy": 0.9870064967516242,
      "balanced_accuracy": 0.8626150888172746,
      "f1_macro": 0.870842786762405,
      "f1_weighted": 0.9835208095858528,
      "cv_f1_macro_mean": 0.8738854608070105,
      "cv_f1_macro_std": 0.005992363279436564,
      "cv_f1_macro_scores": [
        0.8686840598584105,
        0.8822802701548161,
        0.8706920524078049
      ],
      "label_shuffle_acc": 0.5412706353176588,
      "label_shuffle_f1_macro": 0.10181214042911892,
      "best_params": {},
      "near_perfect_flag": false
    }
  ]
}