{
  "model": "random_forest",
  "accuracy": 0.9870064967516242,
  "balanced_accuracy": 0.8626150888172746,
  "f1_macro": 0.870842786762405,
  "f1_weighted": 0.9835208095858528,
  "cv_f1_macro_mean": 0.8738854608070105,
  "cv_f1_macro_std": 0.005992363279436564,
  "cv_f1_macro_scores": [
    0.8686840598584105,
    0.8822802701548161,
    0.8706920524078049
  ],
  "label_shuffle_acc": 0.5412706353176588,
  "label_shuffle_f1_macro": 0.10181214042911892,
  "majority_baseline_acc": 0.6096951524237881,
  "best_params": {},
  "near_perfect_flag": false
}