{
  "model": "xgboost",
  "accuracy": 0.9865,
  "balanced_accuracy": 0.8957928308914759,
  "f1_macro": 0.8824138485714639,
  "f1_weighted": 0.9861115876610118,
  "cv_f1_macro_mean": 0.8774746387393201,
  "cv_f1_macro_std": 0.014012231739093568,
  "cv_f1_macro_scores": [
    0.8851550769510946,
    0.8578144288268165,
    0.8894544104400492
  ],
  "label_shuffle_acc": 0.46403596403596403,
  "label_shuffle_f1_macro": 0.106814960563402,
  "majority_baseline_acc": 0.6125,
  "best_params": {},
  "near_perfect_flag": false
}