{
  "model": "catboost",
  "accuracy": 0.9829166666666667,
  "balanced_accuracy": 0.8861008598808234,
  "f1_macro": 0.8272472908229676,
  "f1_weighted": 0.9838288426500843,
  "cv_f1_macro_mean": 0.9533434460657724,
  "cv_f1_macro_std": 0.0010463505974177229,
  "cv_f1_macro_scores": [
    0.953839361019577,
    0.9539622719468134,
    0.9516594078893016,
    0.9526670181424132,
    0.9545891713307557
  ],
  "label_shuffle_acc": 0.23953142757234025,
  "label_shuffle_f1_macro": 0.09249315182243584,
  "majority_baseline_acc": 0.009983333333333334,
  "best_params": {
    "clf__learning_rate": 0.1,
    "clf__iterations": 500,
    "clf__depth": 6
  },
  "target_threshold": 0.9058462102908884,
  "target_precision": 0.28194444444444444,
  "target_recall": 0.33889816360601,
  "target_f1": 0.3078089461713419,
  "target_f2": 0.32573812580231065,
  "target_fpr": 0.008703557179172068,
  "target_false_positives": 517,
  "target_false_negatives": 396,
  "target_to_benign_fn": 396,
  "calibration_recall": 0.31552587646076796,
  "calibration_fpr": 0.007238935371458393,
  "near_perfect_flag": false,
  "training_protocol_version": 1,
  "imbalance_protocol_version": 6,
  "data_fingerprint": "96aaf4446dad781b870db6ffd639dd0a916acbcbaebd99cbfbfc2a4809fac3aa",
  "random_state": 42,
  "primary_metric": "target_f2",
  "rf_class_weight": "balanced_subsample",
  "hp_search": true,
  "hp_search_n_iter": 8,
  "hp_search_subsample": 80000,
  "imbalance_strategy": "targeted",
  "target_class": "Infiltration",
  "target_ratio": 1.0,
  "target_max_fpr": 0.02,
  "threshold_validation_size": 0.2
}