{
  "model": "lightgbm",
  "accuracy": 0.7634333333333333,
  "balanced_accuracy": 0.7898932104195258,
  "f1_macro": 0.617362199963169,
  "f1_weighted": 0.8454939704275164,
  "cv_f1_macro_mean": 0.4068544118291365,
  "cv_f1_macro_std": 0.18144370430826154,
  "cv_f1_macro_scores": [
    0.6882249067689912,
    0.462241612515796,
    0.41256594819640086,
    0.3444701120101007,
    0.12676947965439372
  ],
  "label_shuffle_acc": 0.2041262348107352,
  "label_shuffle_f1_macro": 0.10451395948143533,
  "majority_baseline_acc": 0.009983333333333334,
  "best_params": {
    "clf__num_leaves": 127,
    "clf__n_estimators": 600,
    "clf__min_child_samples": 1,
    "clf__learning_rate": 0.03
  },
  "target_threshold": 0.7517634809578062,
  "target_precision": 0.031465848042977744,
  "target_recall": 0.6844741235392321,
  "target_f1": 0.060165822877687285,
  "target_f2": 0.13289251912355762,
  "target_fpr": 0.21245433578559283,
  "target_false_positives": 12620,
  "target_false_negatives": 189,
  "target_to_benign_fn": 177,
  "calibration_recall": 0.659432387312187,
  "calibration_fpr": 0.21149475598053905,
  "near_perfect_flag": false,
  "training_protocol_version": 1,
  "imbalance_protocol_version": 6,
  "data_fingerprint": "96aaf4446dad781b870db6ffd639dd0a916acbcbaebd99cbfbfc2a4809fac3aa",
  "random_state": 42,
  "primary_metric": "target_f2",
  "rf_class_weight": "balanced_subsample",
  "hp_search": true,
  "hp_search_n_iter": 8,
  "hp_search_subsample": 80000,
  "imbalance_strategy": "targeted",
  "target_class": "Infiltration",
  "target_ratio": 1.0,
  "target_max_fpr": 0.02,
  "threshold_validation_size": 0.2
}