{
  "model": "logistic_regression",
  "accuracy": 0.94095,
  "balanced_accuracy": 0.7972497571579849,
  "f1_macro": 0.7081182731694504,
  "f1_weighted": 0.9463504662964765,
  "cv_f1_macro_mean": 0.8499412603076975,
  "cv_f1_macro_std": 0.0036635687498656404,
  "cv_f1_macro_scores": [
    0.8568810301685011,
    0.8480885442824839,
    0.846290457177758,
    0.8499833803085709,
    0.8484628896011733
  ],
  "label_shuffle_acc": 0.24294081650493923,
  "label_shuffle_f1_macro": 0.09337014945540949,
  "majority_baseline_acc": 0.009983333333333334,
  "best_params": {
    "clf__tol": 0.0001,
    "clf__C": 0.1
  },
  "target_threshold": 0.7548449527185835,
  "target_precision": 0.07502287282708142,
  "target_recall": 0.13689482470784642,
  "target_f1": 0.09692671394799054,
  "target_f2": 0.11751218114072799,
  "target_fpr": 0.017019915489638222,
  "target_false_positives": 1011,
  "target_false_negatives": 517,
  "target_to_benign_fn": 492,
  "calibration_recall": 0.09682804674457429,
  "calibration_fpr": 0.01720509755728018,
  "near_perfect_flag": false,
  "training_protocol_version": 1,
  "imbalance_protocol_version": 6,
  "data_fingerprint": "96aaf4446dad781b870db6ffd639dd0a916acbcbaebd99cbfbfc2a4809fac3aa",
  "random_state": 42,
  "primary_metric": "target_f2",
  "rf_class_weight": "balanced_subsample",
  "hp_search": true,
  "hp_search_n_iter": 8,
  "hp_search_subsample": 80000,
  "imbalance_strategy": "targeted",
  "target_class": "Infiltration",
  "target_ratio": 1.0,
  "target_max_fpr": 0.02,
  "threshold_validation_size": 0.2
}