{
  "run_name": "latest",
  "random_state": 42,
  "training_protocol_version": 1,
  "imbalance_protocol_version": 6,
  "data_fingerprint": "96aaf4446dad781b870db6ffd639dd0a916acbcbaebd99cbfbfc2a4809fac3aa",
  "primary_metric": "target_f2",
  "rf_class_weight": "balanced_subsample",
  "hp_search": true,
  "hp_search_n_iter": 8,
  "hp_search_subsample": 80000,
  "imbalance_strategy": "targeted",
  "target_class": "Infiltration",
  "target_ratio": 1.0,
  "target_max_fpr": 0.02,
  "threshold_validation_size": 0.2,
  "n_train": 180000,
  "n_calibration": 60000,
  "n_test": 60000,
  "n_features": 80,
  "n_classes": 9,
  "class_names": [
    "BENIGN",
    "Bot",
    "Brute Force",
    "DDoS",
    "DoS",
    "Heartbleed",
    "Infiltration",
    "PortScan",
    "Web Attack"
  ],
  "per_class_n_train": {
    "BENIGN": 77962,
    "Bot": 1891,
    "Brute Force": 1333,
    "DDoS": 11664,
    "DoS": 5035,
    "Heartbleed": 5,
    "Infiltration": 77963,
    "PortScan": 1171,
    "Web Attack": 2976
  },
  "per_class_n_calibration": {
    "BENIGN": 52355,
    "Bot": 630,
    "Brute Force": 444,
    "DDoS": 3888,
    "DoS": 1678,
    "Heartbleed": 3,
    "Infiltration": 599,
    "PortScan": 390,
    "Web Attack": 13
  },
  "per_class_n_test": {
    "BENIGN": 52355,
    "Bot": 630,
    "Brute Force": 444,
    "DDoS": 3888,
    "DoS": 1678,
    "Heartbleed": 3,
    "Infiltration": 599,
    "PortScan": 390,
    "Web Attack": 13
  },
  "majority_baseline_acc": 0.009983333333333334,
  "duration_seconds": 14652.53,
  "models": [
    {
      "model": "random_forest",
      "accuracy": 0.98555,
      "balanced_accuracy": 0.910123724436783,
      "f1_macro": 0.851901282082241,
      "f1_weighted": 0.9853944504646525,
      "cv_f1_macro_mean": 0.9560265152825966,
      "cv_f1_macro_std": 0.0005697851172017918,
      "cv_f1_macro_scores": [
        0.9555039307874666,
        0.955915500848893,
        0.9556732616355682,
        0.9571224901152529,
        0.9559173930258028
      ],
      "label_shuffle_acc": 0.2174141096249672,
      "label_shuffle_f1_macro": 0.10965419833599303,
      "best_params": {
        "clf__n_estimators": 200,
        "clf__min_samples_split": 10,
        "clf__min_samples_leaf": 2,
        "clf__max_depth": 20
      },
      "target_threshold": 0.9526120795983398,
      "target_precision": 0.34328358208955223,
      "target_recall": 0.3071786310517529,
      "target_f1": 0.3242290748898678,
      "target_f2": 0.31377899045020463,
      "target_fpr": 0.0059258261645426845,
      "target_false_positives": 352,
      "target_false_negatives": 415,
      "target_to_benign_fn": 415,
      "calibration_recall": 0.2704507512520868,
      "calibration_fpr": 0.004680055891314961,
      "near_perfect_flag": false
    },
    {
      "model": "xgboost",
      "accuracy": 0.9866666666666667,
      "balanced_accuracy": 0.9062355373589772,
      "f1_macro": 0.8650753936848369,
      "f1_weighted": 0.9859691752828216,
      "cv_f1_macro_mean": 0.9605574686503522,
      "cv_f1_macro_std": 0.000581956272387367,
      "cv_f1_macro_scores": [
        0.9598027362370954,
        0.9608049800473286,
        0.9603718467874334,
        0.9602761913150685,
        0.9615315888648348
      ],
      "label_shuffle_acc": 0.22947810123262524,
      "label_shuffle_f1_macro": 0.10126105140814773,
      "best_params": {
        "clf__subsample": 0.9,
        "clf__n_estimators": 400,
        "clf__max_depth": 6,
        "clf__learning_rate": 0.03
      },
      "target_threshold": 0.9099235534667969,
      "target_precision": 0.32762312633832974,
      "target_recall": 0.25542570951585974,
      "target_f1": 0.2870544090056285,
      "target_f2": 0.2672022354173943,
      "target_fpr": 0.0052861062945068265,
      "target_false_positives": 314,
      "target_false_negatives": 446,
      "target_to_benign_fn": 446,
      "calibration_recall": 0.2387312186978297,
      "calibration_fpr": 0.00441070015656302,
      "near_perfect_flag": false
    },
    {
      "model": "lightgbm",
      "accuracy": 0.7634333333333333,
      "balanced_accuracy": 0.7898932104195258,
      "f1_macro": 0.617362199963169,
      "f1_weighted": 0.8454939704275164,
      "cv_f1_macro_mean": 0.4068544118291365,
      "cv_f1_macro_std": 0.18144370430826154,
      "cv_f1_macro_scores": [
        0.6882249067689912,
        0.462241612515796,
        0.41256594819640086,
        0.3444701120101007,
        0.12676947965439372
      ],
      "label_shuffle_acc": 0.2041262348107352,
      "label_shuffle_f1_macro": 0.10451395948143533,
      "best_params": {
        "clf__num_leaves": 127,
        "clf__n_estimators": 600,
        "clf__min_child_samples": 1,
        "clf__learning_rate": 0.03
      },
      "target_threshold": 0.7517634809578062,
      "target_precision": 0.031465848042977744,
      "target_recall": 0.6844741235392321,
      "target_f1": 0.060165822877687285,
      "target_f2": 0.13289251912355762,
      "target_fpr": 0.21245433578559283,
      "target_false_positives": 12620,
      "target_false_negatives": 189,
      "target_to_benign_fn": 177,
      "calibration_recall": 0.659432387312187,
      "calibration_fpr": 0.21149475598053905,
      "near_perfect_flag": false
    },
    {
      "model": "catboost",
      "accuracy": 0.9829166666666667,
      "balanced_accuracy": 0.8861008598808234,
      "f1_macro": 0.8272472908229676,
      "f1_weighted": 0.9838288426500843,
      "cv_f1_macro_mean": 0.9533434460657724,
      "cv_f1_macro_std": 0.0010463505974177229,
      "cv_f1_macro_scores": [
        0.953839361019577,
        0.9539622719468134,
        0.9516594078893016,
        0.9526670181424132,
        0.9545891713307557
      ],
      "label_shuffle_acc": 0.23953142757234025,
      "label_shuffle_f1_macro": 0.09249315182243584,
      "best_params": {
        "clf__learning_rate": 0.1,
        "clf__iterations": 500,
        "clf__depth": 6
      },
      "target_threshold": 0.9058462102908884,
      "target_precision": 0.28194444444444444,
      "target_recall": 0.33889816360601,
      "target_f1": 0.3078089461713419,
      "target_f2": 0.32573812580231065,
      "target_fpr": 0.008703557179172068,
      "target_false_positives": 517,
      "target_false_negatives": 396,
      "target_to_benign_fn": 396,
      "calibration_recall": 0.31552587646076796,
      "calibration_fpr": 0.007238935371458393,
      "near_perfect_flag": false
    },
    {
      "model": "mlp",
      "accuracy": 0.9807333333333333,
      "balanced_accuracy": 0.7832650131596868,
      "f1_macro": 0.6981488937887341,
      "f1_weighted": 0.9804487263586878,
      "cv_f1_macro_mean": 0.9324035766003519,
      "cv_f1_macro_std": 0.003919297392575714,
      "cv_f1_macro_scores": [
        0.9348708798508647,
        0.92811364686419,
        0.9310275768640319,
        0.9292434570950591,
        0.9387623223276138
      ],
      "label_shuffle_acc": 0.23953142757234025,
      "label_shuffle_f1_macro": 0.06385998451758632,
      "best_params": {
        "clf__learning_rate_init": 0.005,
        "clf__hidden_layer_sizes": [
          128,
          64
        ],
        "clf__alpha": 0.0001
      },
      "target_threshold": 0.9616386890411377,
      "target_precision": 0.3503480278422274,
      "target_recall": 0.25208681135225375,
      "target_f1": 0.29320388349514565,
      "target_f2": 0.2670675627874072,
      "target_fpr": 0.004713725358158953,
      "target_false_positives": 280,
      "target_false_negatives": 448,
      "target_to_benign_fn": 445,
      "calibration_recall": 0.20868113522537562,
      "calibration_fpr": 0.004124509688389085,
      "near_perfect_flag": false
    },
    {
      "model": "logistic_regression",
      "accuracy": 0.94095,
      "balanced_accuracy": 0.7972497571579849,
      "f1_macro": 0.7081182731694504,
      "f1_weighted": 0.9463504662964765,
      "cv_f1_macro_mean": 0.8499412603076975,
      "cv_f1_macro_std": 0.0036635687498656404,