{
  "run_name": "latest",
  "random_state": 42,
  "n_train": 240000,
  "n_test": 60000,
  "n_features": 80,
  "n_classes": 9,
  "class_names": [
    "BENIGN",
    "Bot",
    "Brute Force",
    "DDoS",
    "DoS",
    "Heartbleed",
    "Infiltration",
    "PortScan",
    "Web Attack"
  ],
  "per_class_n_train": {
    "BENIGN": 207365,
    "Bot": 2497,
    "Brute Force": 1759,
    "DDoS": 15400,
    "DoS": 6648,
    "Heartbleed": 8,
    "Infiltration": 2375,
    "PortScan": 1546,
    "Web Attack": 2402
  },
  "per_class_n_test": {
    "BENIGN": 51841,
    "Bot": 624,
    "Brute Force": 440,
    "DDoS": 3850,
    "DoS": 1662,
    "Heartbleed": 3,
    "Infiltration": 594,
    "PortScan": 386,
    "Web Attack": 600
  },
  "majority_baseline_acc": 0.8640166666666667,
  "duration_seconds": 7.23,
  "models": [
    {
      "model": "random_forest",
      "accuracy": 0.9878166666666667,
      "balanced_accuracy": 0.8898405770767622,
      "f1_macro": 0.8978525383464757,
      "f1_weighted": 0.9847850024668441,
      "cv_f1_macro_mean": 0.8991143331968232,
      "cv_f1_macro_std": 0.0028716657845430887,
      "cv_f1_macro_scores": [
        0.9026608108469628,
        0.8945500878389117,
        0.901576740557557,
        0.8989901524038326,
        0.8977938743368519
      ],
      "label_shuffle_acc": 0.24642676127724278,
      "label_shuffle_f1_macro": 0.11193633688827058,
      "best_params": {},
      "near_perfect_flag": false
    },
    {
      "model": "xgboost",
      "accuracy": 0.9766833333333333,
      "balanced_accuracy": 0.9204710830763868,
      "f1_macro": 0.8916771456471599,
      "f1_weighted": 0.9801277326436625,
      "cv_f1_macro_mean": 0.8984317172125754,
      "cv_f1_macro_std": 0.00171422743135818,
      "cv_f1_macro_scores": [
        0.8993495059143787,
        0.8960645917541821,
        0.9004616009290345,
        0.8967346185646616,
        0.8995482689006205
      ],
      "label_shuffle_acc": 0.16360871768879878,
      "label_shuffle_f1_macro": 0.10903418651035114,
      "best_params": {
        "clf__subsample": 0.8,
        "clf__n_estimators": 600,
        "clf__max_depth": 12,
        "clf__learning_rate": 0.1
      },
      "near_perfect_flag": false
    },
    {
      "model": "lightgbm",
      "accuracy": 0.98165,
      "balanced_accuracy": 0.910419102105831,
      "f1_macro": 0.8905925524326038,
      "f1_weighted": 0.9825466759964159,
      "cv_f1_macro_mean": 0.903509762797951,
      "cv_f1_macro_std": 0.0015074990881951112,
      "cv_f1_macro_scores": [
        0.9048069426331095,
        0.9014443654416383,
        0.9047639828533881,
        0.901902382814834,
        0.9046311402467855
      ],
      "label_shuffle_acc": 0.2068930562595033,
      "label_shuffle_f1_macro": 0.10974709972615361,
      "best_params": {
        "clf__num_leaves": 255,
        "clf__n_estimators": 400,
        "clf__min_child_samples": 5,
        "clf__learning_rate": 0.05
      },
      "near_perfect_flag": false
    }
  ]
}