{
  "model": "random_forest",
  "accuracy": 0.98555,
  "balanced_accuracy": 0.910123724436783,
  "f1_macro": 0.851901282082241,
  "f1_weighted": 0.9853944504646525,
  "cv_f1_macro_mean": 0.9560265152825966,
  "cv_f1_macro_std": 0.0005697851172017918,
  "cv_f1_macro_scores": [
    0.9555039307874666,
    0.955915500848893,
    0.9556732616355682,
    0.9571224901152529,
    0.9559173930258028
  ],
  "label_shuffle_acc": 0.2174141096249672,
  "label_shuffle_f1_macro": 0.10965419833599303,
  "majority_baseline_acc": 0.009983333333333334,
  "best_params": {
    "clf__n_estimators": 200,
    "clf__min_samples_split": 10,
    "clf__min_samples_leaf": 2,
    "clf__max_depth": 20
  },
  "target_threshold": 0.9526120795983398,
  "target_precision": 0.34328358208955223,
  "target_recall": 0.3071786310517529,
  "target_f1": 0.3242290748898678,
  "target_f2": 0.31377899045020463,
  "target_fpr": 0.0059258261645426845,
  "target_false_positives": 352,
  "target_false_negatives": 415,
  "target_to_benign_fn": 415,
  "calibration_recall": 0.2704507512520868,
  "calibration_fpr": 0.004680055891314961,
  "near_perfect_flag": false,
  "training_protocol_version": 1,
  "imbalance_protocol_version": 6,
  "data_fingerprint": "96aaf4446dad781b870db6ffd639dd0a916acbcbaebd99cbfbfc2a4809fac3aa",
  "random_state": 42,
  "primary_metric": "target_f2",
  "rf_class_weight": "balanced_subsample",
  "hp_search": true,
  "hp_search_n_iter": 8,
  "hp_search_subsample": 80000,
  "imbalance_strategy": "targeted",
  "target_class": "Infiltration",
  "target_ratio": 1.0,
  "target_max_fpr": 0.02,
  "threshold_validation_size": 0.2
}