{
  "model": "random_forest",
  "accuracy": 0.9878166666666667,
  "balanced_accuracy": 0.8898405770767622,
  "f1_macro": 0.8978525383464757,
  "f1_weighted": 0.9847850024668441,
  "cv_f1_macro_mean": 0.8991143331968232,
  "cv_f1_macro_std": 0.0028716657845430887,
  "cv_f1_macro_scores": [
    0.9026608108469628,
    0.8945500878389117,
    0.901576740557557,
    0.8989901524038326,
    0.8977938743368519
  ],
  "label_shuffle_acc": 0.24642676127724278,
  "label_shuffle_f1_macro": 0.11193633688827058,
  "majority_baseline_acc": 0.8640166666666667,
  "best_params": {},
  "near_perfect_flag": false
}