{
  "model": "stacking",
  "accuracy": 0.9829666666666667,
  "balanced_accuracy": 0.8084700668685554,
  "f1_macro": 0.7509175624815382,
  "f1_weighted": 0.9843914954773457,
  "cv_f1_macro_mean": 0.8490433441458034,
  "cv_f1_macro_std": 0.0004714707156380979,
  "cv_f1_macro_scores": [
    0.8484917705459544,
    0.8490490336834058,
    0.8485383987701077,
    0.8495630018962657,
    0.849574515833284
  ],
  "label_shuffle_acc": 0.24014336917562723,
  "label_shuffle_f1_macro": 0.09245995500295368,
  "majority_baseline_acc": 0.009983333333333334,
  "best_params": {},
  "target_threshold": 0.9423169887383949,
  "target_precision": 0.2744630071599045,
  "target_recall": 0.38397328881469117,
  "target_f1": 0.32011134307585243,
  "target_f2": 0.3555967841682128,
  "target_fpr": 0.010235517920573728,
  "target_false_positives": 608,
  "target_false_negatives": 369,
  "target_to_benign_fn": 369,
  "calibration_recall": 0.3606010016694491,
  "calibration_fpr": 0.00846787091126412,
  "near_perfect_flag": false,
  "training_protocol_version": 1,
  "imbalance_protocol_version": 6,
  "data_fingerprint": "96aaf4446dad781b870db6ffd639dd0a916acbcbaebd99cbfbfc2a4809fac3aa",
  "random_state": 42,
  "primary_metric": "target_f2",
  "rf_class_weight": "balanced_subsample",
  "hp_search": true,
  "hp_search_n_iter": 8,
  "hp_search_subsample": 80000,
  "imbalance_strategy": "targeted",
  "target_class": "Infiltration",
  "target_ratio": 1.0,
  "target_max_fpr": 0.02,
  "threshold_validation_size": 0.2
}