{
  "model": "xgboost",
  "accuracy": 0.9866666666666667,
  "balanced_accuracy": 0.9062355373589772,
  "f1_macro": 0.8650753936848369,
  "f1_weighted": 0.9859691752828216,
  "cv_f1_macro_mean": 0.9605574686503522,
  "cv_f1_macro_std": 0.000581956272387367,
  "cv_f1_macro_scores": [
    0.9598027362370954,
    0.9608049800473286,
    0.9603718467874334,
    0.9602761913150685,
    0.9615315888648348
  ],
  "label_shuffle_acc": 0.22947810123262524,
  "label_shuffle_f1_macro": 0.10126105140814773,
  "majority_baseline_acc": 0.009983333333333334,
  "best_params": {
    "clf__subsample": 0.9,
    "clf__n_estimators": 400,
    "clf__max_depth": 6,
    "clf__learning_rate": 0.03
  },
  "target_threshold": 0.9099235534667969,
  "target_precision": 0.32762312633832974,
  "target_recall": 0.25542570951585974,
  "target_f1": 0.2870544090056285,
  "target_f2": 0.2672022354173943,
  "target_fpr": 0.0052861062945068265,
  "target_false_positives": 314,
  "target_false_negatives": 446,
  "target_to_benign_fn": 446,
  "calibration_recall": 0.2387312186978297,
  "calibration_fpr": 0.00441070015656302,
  "near_perfect_flag": false,
  "training_protocol_version": 1,
  "imbalance_protocol_version": 6,
  "data_fingerprint": "96aaf4446dad781b870db6ffd639dd0a916acbcbaebd99cbfbfc2a4809fac3aa",
  "random_state": 42,
  "primary_metric": "target_f2",
  "rf_class_weight": "balanced_subsample",
  "hp_search": true,
  "hp_search_n_iter": 8,
  "hp_search_subsample": 80000,
  "imbalance_strategy": "targeted",
  "target_class": "Infiltration",
  "target_ratio": 1.0,
  "target_max_fpr": 0.02,
  "threshold_validation_size": 0.2
}