{
  "model": "catboost",
  "accuracy": 0.9467444444444445,
  "balanced_accuracy": 0.9561337539864346,
  "f1_macro": 0.9070227192161029,
  "f1_weighted": 0.9470627167137567,
  "cv_f1_macro_mean": null,
  "cv_f1_macro_std": null,
  "cv_f1_macro_scores": [
    0.0013316784319809686,
    0.15646617106284094,
    null,
    0.16889565639710225,
    0.043991526901987724
  ],
  "label_shuffle_acc": 0.11710150835711373,
  "label_shuffle_f1_macro": 0.10018655261409319,
  "majority_baseline_acc": 0.24451111111111112,
  "best_params": {},
  "target_threshold": null,
  "target_precision": 0.7111667241974456,
  "target_recall": 0.8641988255033557,
  "target_f1": 0.7802499526604809,
  "target_f2": 0.8285409796509289,
  "target_fpr": 0.04159624179757407,
  "target_false_positives": 3347,
  "target_false_negatives": 1295,
  "target_to_benign_fn": 1273,
  "calibration_recall": null,
  "calibration_fpr": null,
  "near_perfect_flag": false,
  "training_protocol_version": 3,
  "imbalance_protocol_version": 6,
  "data_fingerprint": "db269c9f557bbae6a8e518462baa3a25cb2eae05d60451f9c9fb3a36a97ab870",
  "random_state": 42,
  "primary_metric": "target_f2",
  "rf_class_weight": "balanced_subsample",
  "hp_search": false,
  "hp_search_n_iter": 12,
  "hp_search_subsample": 150000,
  "imbalance_strategy": "class_weight",
  "target_class": "Infiltration",
  "target_ratio": 1.0,
  "target_max_fpr": 0.02,
  "threshold_validation_size": 0.0,
  "accelerator": "cpu",
  "gpu_devices": "0"
}
