{
  "model": "lightgbm",
  "accuracy": 0.9507333333333333,
  "balanced_accuracy": 0.8442202580233652,
  "f1_macro": 0.8407265685955552,
  "f1_weighted": 0.9509277223745036,
  "cv_f1_macro_mean": null,
  "cv_f1_macro_std": null,
  "cv_f1_macro_scores": [
    0.0013335828423812627,
    0.1588339511019318,
    null,
    0.2185639803183982,
    0.063868072655795
  ],
  "label_shuffle_acc": 0.14110273134936813,
  "label_shuffle_f1_macro": 0.11191977171795275,
  "majority_baseline_acc": 0.24451111111111112,
  "best_params": {},
  "target_threshold": null,
  "target_precision": 0.752045985970382,
  "target_recall": 0.8094588926174496,
  "target_f1": 0.7796969696969697,
  "target_f2": 0.7972855726326228,
  "target_fpr": 0.031629051501292506,
  "target_false_positives": 2545,
  "target_false_negatives": 1817,
  "target_to_benign_fn": 1815,
  "calibration_recall": null,
  "calibration_fpr": null,
  "near_perfect_flag": false,
  "training_protocol_version": 3,
  "imbalance_protocol_version": 6,
  "data_fingerprint": "db269c9f557bbae6a8e518462baa3a25cb2eae05d60451f9c9fb3a36a97ab870",
  "random_state": 42,
  "primary_metric": "target_f2",
  "rf_class_weight": "balanced_subsample",
  "hp_search": false,
  "hp_search_n_iter": 12,
  "hp_search_subsample": 150000,
  "imbalance_strategy": "class_weight",
  "target_class": "Infiltration",
  "target_ratio": 1.0,
  "target_max_fpr": 0.02,
  "threshold_validation_size": 0.0,
  "accelerator": "cpu",
  "gpu_devices": "0"
}
