{
  "model": "logistic_regression",
  "accuracy": 0.8993888888888889,
  "balanced_accuracy": 0.8602333854806621,
  "f1_macro": 0.8180767104104727,
  "f1_weighted": 0.8990574031550546,
  "cv_f1_macro_mean": null,
  "cv_f1_macro_std": null,
  "cv_f1_macro_scores": [
    0.0019639291676213544,
    0.18877191067814728,
    null,
    0.3318825915668181,
    0.07299850853334854
  ],
  "label_shuffle_acc": 0.08932939258051366,
  "label_shuffle_f1_macro": 0.07989885544096528,
  "majority_baseline_acc": 0.24451111111111112,
  "best_params": {},
  "target_threshold": null,
  "target_precision": 0.5618096535027992,
  "target_recall": 0.77873322147651,
  "target_f1": 0.652720400808649,
  "target_f2": 0.7229079864491258,
  "target_fpr": 0.07198250149135017,
  "target_false_positives": 5792,
  "target_false_negatives": 2110,
  "target_to_benign_fn": 1501,
  "calibration_recall": null,
  "calibration_fpr": null,
  "near_perfect_flag": false,
  "training_protocol_version": 3,
  "imbalance_protocol_version": 6,
  "data_fingerprint": "db269c9f557bbae6a8e518462baa3a25cb2eae05d60451f9c9fb3a36a97ab870",
  "random_state": 42,
  "primary_metric": "target_f2",
  "rf_class_weight": "balanced_subsample",
  "hp_search": false,
  "hp_search_n_iter": 12,
  "hp_search_subsample": 150000,
  "imbalance_strategy": "class_weight",
  "target_class": "Infiltration",
  "target_ratio": 1.0,
  "target_max_fpr": 0.02,
  "threshold_validation_size": 0.0,
  "accelerator": "cpu",
  "gpu_devices": "0"
}
