{
  "model": "mlp",
  "accuracy": 0.9284444444444444,
  "balanced_accuracy": 0.9439991374018173,
  "f1_macro": 0.8822109675841847,
  "f1_weighted": 0.9280971164954495,
  "cv_f1_macro_mean": null,
  "cv_f1_macro_std": null,
  "cv_f1_macro_scores": [
    0.001300153418103336,
    0.09974276338093639,
    null,
    0.1596548277861763,
    0.0511673316597581
  ],
  "label_shuffle_acc": 0.0989094985731757,
  "label_shuffle_f1_macro": 0.07838026015312705,
  "majority_baseline_acc": 0.24451111111111112,
  "best_params": {},
  "target_threshold": null,
  "target_precision": 0.629014477842287,
  "target_recall": 0.8975461409395973,
  "target_f1": 0.7396621008512292,
  "target_f2": 0.8269405422117447,
  "target_fpr": 0.06273613044342811,
  "target_false_positives": 5048,
  "target_false_negatives": 977,
  "target_to_benign_fn": 869,
  "calibration_recall": null,
  "calibration_fpr": null,
  "near_perfect_flag": false,
  "training_protocol_version": 3,
  "imbalance_protocol_version": 6,
  "data_fingerprint": "db269c9f557bbae6a8e518462baa3a25cb2eae05d60451f9c9fb3a36a97ab870",
  "random_state": 42,
  "primary_metric": "target_f2",
  "rf_class_weight": "balanced_subsample",
  "hp_search": false,
  "hp_search_n_iter": 12,
  "hp_search_subsample": 150000,
  "imbalance_strategy": "class_weight",
  "target_class": "Infiltration",
  "target_ratio": 1.0,
  "target_max_fpr": 0.02,
  "threshold_validation_size": 0.0,
  "accelerator": "cpu",
  "gpu_devices": "0"
}
