{
  "model": "random_forest",
  "accuracy": 0.9507333333333333,
  "balanced_accuracy": 0.8987236490404003,
  "f1_macro": 0.9160111377779133,
  "f1_weighted": 0.9507024868371214,
  "cv_f1_macro_mean": null,
  "cv_f1_macro_std": null,
  "cv_f1_macro_scores": [
    0.001332133984408464,
    0.210110657111497,
    null,
    0.16432541533702497,
    0.09977298484828917
  ],
  "label_shuffle_acc": 0.14436404402772116,
  "label_shuffle_f1_macro": 0.11384389131071332,
  "majority_baseline_acc": 0.24451111111111112,
  "best_params": {},
  "target_threshold": null,
  "target_precision": 0.7727655099894848,
  "target_recall": 0.7706585570469798,
  "target_f1": 0.7717105954006089,
  "target_f2": 0.7710790279934528,
  "target_fpr": 0.02685673096042951,
  "target_false_positives": 2161,
  "target_false_negatives": 2187,
  "target_to_benign_fn": 2173,
  "calibration_recall": null,
  "calibration_fpr": null,
  "near_perfect_flag": false,
  "training_protocol_version": 3,
  "imbalance_protocol_version": 6,
  "data_fingerprint": "db269c9f557bbae6a8e518462baa3a25cb2eae05d60451f9c9fb3a36a97ab870",
  "random_state": 42,
  "primary_metric": "target_f2",
  "rf_class_weight": "balanced_subsample",
  "hp_search": false,
  "hp_search_n_iter": 12,
  "hp_search_subsample": 150000,
  "imbalance_strategy": "class_weight",
  "target_class": "Infiltration",
  "target_ratio": 1.0,
  "target_max_fpr": 0.02,
  "threshold_validation_size": 0.0,
  "accelerator": "cpu",
  "gpu_devices": "0"
}
