{
  "model": "xgboost",
  "accuracy": 0.9523222222222222,
  "balanced_accuracy": 0.8477769057299266,
  "f1_macro": 0.8448270811265979,
  "f1_weighted": 0.9526397633614866,
  "cv_f1_macro_mean": null,
  "cv_f1_macro_std": null,
  "cv_f1_macro_scores": [
    null,
    0.2068864425546204,
    null,
    0.3484200754415006,
    null
  ],
  "label_shuffle_acc": 0.13544639217284957,
  "label_shuffle_f1_macro": 0.10878219546394507,
  "majority_baseline_acc": 0.24451111111111112,
  "best_params": {},
  "target_threshold": null,
  "target_precision": 0.7433140336366143,
  "target_recall": 0.8481543624161074,
  "target_f1": 0.7922809423519617,
  "target_f2": 0.8248852626211117,
  "target_fpr": 0.034711175183933185,
  "target_false_positives": 2793,
  "target_false_negatives": 1448,
  "target_to_benign_fn": 1447,
  "calibration_recall": null,
  "calibration_fpr": null,
  "near_perfect_flag": false,
  "training_protocol_version": 3,
  "imbalance_protocol_version": 6,
  "data_fingerprint": "db269c9f557bbae6a8e518462baa3a25cb2eae05d60451f9c9fb3a36a97ab870",
  "random_state": 42,
  "primary_metric": "target_f2",
  "rf_class_weight": "balanced_subsample",
  "hp_search": false,
  "hp_search_n_iter": 12,
  "hp_search_subsample": 150000,
  "imbalance_strategy": "class_weight",
  "target_class": "Infiltration",
  "target_ratio": 1.0,
  "target_max_fpr": 0.02,
  "threshold_validation_size": 0.0,
  "accelerator": "cpu",
  "gpu_devices": "0"
}
