set_id,features,overlap_with_F
0,Flow Duration | Total Length of Fwd Packets | Fwd Packet Length Mean | Flow IAT Min | Fwd IAT Total | Fwd IAT Min | Fwd Header Length | Min Packet Length | FIN Flag Count | PSH Flag Count | Down/Up Ratio | Init_Win_bytes_forward | Idle Mean,4
1,Fwd Packet Length Max | Fwd Packet Length Std | Flow IAT Mean | Flow IAT Min | Bwd IAT Total | Bwd IAT Mean | Bwd IAT Min | Fwd PSH Flags | Fwd Packets/s | Min Packet Length | Max Packet Length | URG Flag Count | Idle Mean,4
2,Fwd Packet Length Mean | Fwd Packet Length Std | Bwd Packet Length Mean | Flow IAT Std | Fwd IAT Max | Fwd IAT Min | Fwd URG Flags | Max Packet Length | Average Packet Size | Active Std | Active Min | Idle Mean | Idle Min,2
3,Destination Port | Total Length of Fwd Packets | Fwd Packet Length Max | Flow Packets/s | Flow IAT Mean | Flow IAT Std | Fwd IAT Total | Fwd IAT Mean | Fwd IAT Std | Max Packet Length | PSH Flag Count | ECE Flag Count | Init_Win_bytes_forward,3
4,Flow Duration | Flow IAT Max | Fwd IAT Mean | Fwd IAT Std | Bwd IAT Mean | Bwd IAT Std | Fwd PSH Flags | Packet Length Std | FIN Flag Count | Average Packet Size | min_seg_size_forward | Idle Std | Idle Min,1
5,Total Backward Packets | Total Length of Fwd Packets | Fwd Packet Length Mean | Flow Bytes/s | Flow IAT Min | Fwd IAT Total | Fwd IAT Max | RST Flag Count | ACK Flag Count | Average Packet Size | Active Mean | Active Std | Idle Mean,2
6,Flow Duration | Total Fwd Packets | Total Length of Bwd Packets | Fwd Packet Length Max | Fwd Packet Length Mean | Flow Bytes/s | Flow IAT Mean | Fwd PSH Flags | Down/Up Ratio | act_data_pkt_fwd | Active Std | Idle Mean | Idle Max,1
7,Fwd Packet Length Std | Bwd Packet Length Max | Flow Bytes/s | Flow IAT Mean | Fwd IAT Std | Bwd IAT Max | Bwd IAT Min | Down/Up Ratio | Average Packet Size | Init_Win_bytes_backward | Active Std | Active Max | Idle Max,2
8,Total Backward Packets | Fwd Packet Length Max | Fwd Packet Length Min | Fwd Packet Length Mean | Flow IAT Std | Flow IAT Min | Fwd IAT Std | Fwd IAT Max | Fwd Header Length | Bwd Packets/s | Packet Length Std | RST Flag Count | ACK Flag Count,2
9,Flow Duration | Total Length of Fwd Packets | Fwd Packet Length Max | Bwd Packet Length Std | Flow Bytes/s | Flow IAT Std | Fwd IAT Max | Fwd IAT Min | Fwd Header Length | FIN Flag Count | Active Mean | Idle Std | Idle Max,2
10,Total Backward Packets | Total Length of Bwd Packets | Bwd Packet Length Max | Bwd Packet Length Std | Flow Packets/s | Flow IAT Max | Fwd IAT Std | Bwd IAT Mean | Fwd URG Flags | Bwd Header Length | ACK Flag Count | Active Min | Idle Mean,1
11,Destination Port | Total Length of Bwd Packets | Fwd Packet Length Min | Flow IAT Std | Fwd IAT Mean | Fwd IAT Std | Bwd IAT Max | Fwd Header Length | Bwd Packets/s | FIN Flag Count | URG Flag Count | min_seg_size_forward | Active Std,2
12,Total Fwd Packets | Fwd Packet Length Min | Fwd Packet Length Mean | Bwd Packet Length Std | Flow Bytes/s | Flow Packets/s | Flow IAT Mean | Flow IAT Std | Fwd URG Flags | Max Packet Length | Packet Length Mean | URG Flag Count | min_seg_size_forward,3
13,Flow Duration | Total Fwd Packets | Fwd Packet Length Min | Bwd Packet Length Min | Bwd Packet Length Std | Flow IAT Max | Fwd IAT Max | Fwd PSH Flags | Fwd Header Length | Bwd Header Length | Packet Length Std | Active Max | Idle Std,2
14,Total Backward Packets | Fwd Packet Length Mean | Bwd Packet Length Max | Flow Bytes/s | Flow IAT Mean | Bwd IAT Mean | Bwd IAT Std | PSH Flag Count | ACK Flag Count | URG Flag Count | act_data_pkt_fwd | min_seg_size_forward | Idle Mean,2
15,Destination Port | Total Backward Packets | Fwd Packet Length Mean | Bwd Packet Length Min | Flow IAT Mean | Fwd IAT Total | Bwd IAT Mean | Bwd IAT Max | Fwd PSH Flags | Bwd Header Length | Fwd Packets/s | ACK Flag Count | Active Max,2
16,Flow Duration | Bwd Packet Length Max | Bwd IAT Total | Fwd URG Flags | Bwd Header Length | Min Packet Length | Max Packet Length | Packet Length Mean | FIN Flag Count | ACK Flag Count | ECE Flag Count | Average Packet Size | Active Max,2
17,Flow Duration | Total Length of Bwd Packets | Bwd Packet Length Mean | Flow Packets/s | Flow IAT Min | Fwd IAT Total | Fwd IAT Std | Bwd IAT Std | Fwd Packets/s | Bwd Packets/s | Active Std | Active Min | Idle Min,1
18,Destination Port | Flow Duration | Total Length of Bwd Packets | Fwd Packet Length Mean | Flow Packets/s | Flow IAT Std | Flow IAT Min | Bwd IAT Mean | Bwd IAT Min | Fwd PSH Flags | Max Packet Length | act_data_pkt_fwd | min_seg_size_forward,6
19,Destination Port | Flow IAT Mean | Flow IAT Max | Fwd IAT Total | Fwd IAT Std | Bwd IAT Min | Fwd URG Flags | Fwd Header Length | Bwd Packets/s | RST Flag Count | Init_Win_bytes_backward | Active Mean | Idle Std,4
20,Destination Port | Flow Duration | Total Fwd Packets | Total Length of Bwd Packets | Fwd Packet Length Mean | Bwd Packet Length Mean | Flow IAT Std | Fwd IAT Min | Bwd Packets/s | ACK Flag Count | Init_Win_bytes_forward | act_data_pkt_fwd | min_seg_size_forward,5
21,Destination Port | Bwd Packet Length Max | Bwd Packet Length Min | Flow Packets/s | Fwd IAT Mean | Bwd IAT Max | Bwd Header Length | Packet Length Std | PSH Flag Count | Init_Win_bytes_forward | Active Mean | Active Max | Idle Min,3
22,Destination Port | Total Length of Bwd Packets | Fwd Packet Length Max | Flow IAT Max | Fwd IAT Max | Fwd IAT Min | Bwd IAT Std | Bwd IAT Max | Fwd URG Flags | URG Flag Count | act_data_pkt_fwd | min_seg_size_forward | Active Std,4
23,Flow Bytes/s | Flow Packets/s | Flow IAT Std | Flow IAT Max | Flow IAT Min | Fwd IAT Std | Bwd IAT Total | Bwd IAT Mean | Bwd Packets/s | FIN Flag Count | Average Packet Size | Active Mean | Active Max,1
24,Destination Port | Total Fwd Packets | Bwd Packet Length Max | Flow IAT Mean | Flow IAT Std | Flow IAT Max | Fwd IAT Max | Bwd IAT Std | Bwd IAT Min | Min Packet Length | Packet Length Std | URG Flag Count | ECE Flag Count,3
25,Total Backward Packets | Total Length of Bwd Packets | Bwd Packet Length Max | Fwd IAT Std | Fwd IAT Max | Fwd IAT Min | Fwd PSH Flags | Fwd Header Length | URG Flag Count | min_seg_size_forward | Active Std | Idle Mean | Idle Max,2
26,Total Length of Bwd Packets | Fwd Packet Length Std | Flow IAT Mean | Flow IAT Max | Fwd IAT Std | Fwd IAT Max | Bwd IAT Total | Min Packet Length | Max Packet Length | Down/Up Ratio | Init_Win_bytes_forward | Init_Win_bytes_backward | Idle Max,4
27,Fwd Packet Length Min | Fwd Packet Length Mean | Fwd IAT Total | Fwd IAT Std | Fwd IAT Min | Packet Length Mean | RST Flag Count | Down/Up Ratio | Average Packet Size | Init_Win_bytes_forward | act_data_pkt_fwd | min_seg_size_forward | Active Std,5
28,Flow Duration | Total Length of Fwd Packets | Fwd Packet Length Min | Bwd Packet Length Std | Fwd IAT Std | Bwd IAT Std | Bwd Packets/s | Min Packet Length | Max Packet Length | Packet Length Mean | Packet Length Std | min_seg_size_forward | Idle Min,4
29,Total Length of Bwd Packets | Flow IAT Max | Flow IAT Min | Fwd IAT Total | Fwd IAT Min | Fwd PSH Flags | Fwd Header Length | Max Packet Length | Packet Length Std | FIN Flag Count | Init_Win_bytes_forward | Active Min | Idle Min,4
30,Flow Duration | Fwd Packet Length Min | Bwd Packet Length Max | Bwd Packet Length Min | Bwd Packet Length Mean | Flow IAT Min | Max Packet Length | ACK Flag Count | URG Flag Count | ECE Flag Count | Average Packet Size | Active Max | Idle Min,3
31,Total Fwd Packets | Fwd Packet Length Mean | Flow Packets/s | Fwd IAT Total | Fwd IAT Std | Bwd IAT Mean | Bwd IAT Min | Fwd PSH Flags | Fwd Packets/s | FIN Flag Count | URG Flag Count | act_data_pkt_fwd | Active Std,2
32,Flow Duration | Total Backward Packets | Bwd Packet Length Max | Bwd Packet Length Mean | Flow Bytes/s | Fwd IAT Total | Fwd IAT Mean | Bwd IAT Max | Fwd PSH Flags | Fwd URG Flags | Packet Length Std | PSH Flag Count | Init_Win_bytes_backward,1
33,Flow Duration | Total Length of Fwd Packets | Flow IAT Max | Flow IAT Min | Fwd IAT Total | Fwd IAT Std | Fwd Header Length | Fwd Packets/s | PSH Flag Count | ACK Flag Count | act_data_pkt_fwd | Active Mean | Idle Mean,2
34,Total Fwd Packets | Total Backward Packets | Fwd Packet Length Std | Bwd Packet Length Min | Flow IAT Mean | Bwd IAT Max | Bwd Packets/s | Max Packet Length | Packet Length Mean | ACK Flag Count | URG Flag Count | act_data_pkt_fwd | min_seg_size_forward,4
35,Total Length of Bwd Packets | Bwd Packet Length Min | Flow Bytes/s | Fwd IAT Total | Fwd IAT Mean | Fwd IAT Std | Bwd IAT Mean | Bwd IAT Min | Fwd PSH Flags | Fwd Header Length | Bwd Packets/s | Max Packet Length | Average Packet Size,3
36,Total Length of Fwd Packets | Fwd Packet Length Min | Bwd Packet Length Max | Bwd Packet Length Std | Flow IAT Mean | Flow IAT Std | Flow IAT Max | Bwd IAT Max | Fwd Header Length | Min Packet Length | ECE Flag Count | Average Packet Size | Idle Mean,2
37,Destination Port | Flow Duration | Fwd Packet Length Min | Bwd Packet Length Mean | Flow IAT Max | Fwd IAT Total | Fwd IAT Max | Bwd IAT Total | Max Packet Length | Packet Length Std | URG Flag Count | ECE Flag Count | Idle Mean,2
38,Total Length of Bwd Packets | Fwd Packet Length Min | Bwd Packet Length Mean | Bwd Packet Length Std | Flow Bytes/s | Bwd IAT Std | Min Packet Length | FIN Flag Count | PSH Flag Count | Down/Up Ratio | Average Packet Size | Init_Win_bytes_forward | Idle Mean,3
39,Destination Port | Flow Duration | Fwd Packet Length Max | Bwd Packet Length Min | Fwd IAT Max | Bwd IAT Min | Fwd URG Flags | Fwd Header Length | RST Flag Count | ACK Flag Count | Active Std | Active Min | Idle Min,4
40,Total Backward Packets | Bwd Packet Length Std | Flow IAT Mean | Flow IAT Std | Fwd IAT Mean | Fwd PSH Flags | Max Packet Length | PSH Flag Count | URG Flag Count | Average Packet Size | min_seg_size_forward | Idle Max | Idle Min,3
41,Bwd Packet Length Max | Flow Bytes/s | Flow IAT Max | Bwd IAT Std | Bwd IAT Max | Fwd Header Length | Fwd Packets/s | Bwd Packets/s | Packet Length Mean | Packet Length Std | Average Packet Size | Active Std | Idle Max,0
42,Total Length of Fwd Packets | Flow Packets/s | Fwd IAT Total | Fwd IAT Std | Fwd IAT Min | Bwd Header Length | Min Packet Length | ACK Flag Count | ECE Flag Count | Init_Win_bytes_forward | min_seg_size_forward | Active Std | Active Max,4
43,Flow Duration | Total Length of Bwd Packets | Fwd Packet Length Max | Flow IAT Mean | Flow IAT Max | Fwd IAT Std | Bwd IAT Total | Fwd PSH Flags | Fwd URG Flags | Min Packet Length | URG Flag Count | Average Packet Size | Idle Min,1
44,Flow Duration | Total Backward Packets | Total Length of Bwd Packets | Flow IAT Mean | Fwd IAT Max | Fwd Packets/s | ACK Flag Count | Down/Up Ratio | Init_Win_bytes_backward | act_data_pkt_fwd | min_seg_size_forward | Active Mean | Active Max,3
45,Total Backward Packets | Total Length of Fwd Packets | Bwd Packet Length Min | Fwd IAT Mean | Fwd IAT Max | Bwd IAT Mean | Max Packet Length | Packet Length Std | FIN Flag Count | PSH Flag Count | Init_Win_bytes_backward | Active Mean | Active Max,3
46,Total Backward Packets | Fwd Packet Length Std | Bwd Packet Length Min | Bwd Packet Length Std | Flow Packets/s | Bwd IAT Total | Bwd IAT Std | Fwd PSH Flags | Fwd Header Length | FIN Flag Count | Active Std | Idle Max | Idle Min,2
47,Total Length of Fwd Packets | Total Length of Bwd Packets | Bwd Packet Length Max | Bwd Packet Length Mean | Flow IAT Max | Flow IAT Min | Fwd IAT Max | Fwd IAT Min | Bwd Header Length | RST Flag Count | act_data_pkt_fwd | Idle Mean | Idle Min,4
48,Total Fwd Packets | Fwd Packet Length Mean | Bwd Packet Length Min | Fwd IAT Std | Bwd IAT Total | Bwd IAT Mean | Fwd PSH Flags | Max Packet Length | Packet Length Mean | ECE Flag Count | Down/Up Ratio | min_seg_size_forward | Active Mean,3
49,Fwd Packet Length Min | Flow IAT Std | Fwd IAT Total | Bwd IAT Total | Fwd PSH Flags | Fwd Header Length | Fwd Packets/s | Packet Length Mean | FIN Flag Count | RST Flag Count | URG Flag Count | Down/Up Ratio | Idle Min,1
50,Total Length of Fwd Packets | Fwd Packet Length Max | Fwd Packet Length Mean | Flow Bytes/s | Flow IAT Mean | Flow IAT Max | Fwd IAT Total | Fwd Packets/s | Max Packet Length | FIN Flag Count | URG Flag Count | min_seg_size_forward | Active Std,2
51,Flow Duration | Total Backward Packets | Fwd Packet Length Mean | Bwd Packet Length Std | Flow IAT Std | Fwd IAT Std | Bwd IAT Min | Bwd Header Length | Max Packet Length | ACK Flag Count | URG Flag Count | Active Min | Idle Mean,3
52,Total Backward Packets | Bwd Packet Length Std | Fwd IAT Max | Bwd IAT Total | Bwd IAT Mean | Bwd IAT Min | FIN Flag Count | URG Flag Count | Average Packet Size | min_seg_size_forward | Active Max | Active Min | Idle Max,3
53,Flow Duration | Total Backward Packets | Fwd Packet Length Std | Flow Bytes/s | Flow Packets/s | Bwd IAT Total | Bwd IAT Max | Fwd Packets/s | URG Flag Count | min_seg_size_forward | Active Std | Idle Std | Idle Max,1
54,Destination Port | Total Length of Fwd Packets | Bwd Packet Length Std | Flow Packets/s | Flow IAT Max | Flow IAT Min | Fwd IAT Total | Fwd IAT Max | Fwd Packets/s | Packet Length Mean | Average Packet Size | Active Min | Idle Mean,3
55,Total Backward Packets | Total Length of Fwd Packets | Fwd IAT Total | Fwd IAT Mean | Fwd IAT Max | Bwd IAT Total | Fwd PSH Flags | Bwd Header Length | Fwd Packets/s | Packet Length Mean | ECE Flag Count | Average Packet Size | Idle Min,0
56,Flow Duration | Bwd Packet Length Max | Bwd Packet Length Std | Flow Bytes/s | Flow IAT Std | Flow IAT Max | Bwd IAT Total | Packet Length Mean | URG Flag Count | ECE Flag Count | Average Packet Size | act_data_pkt_fwd | Active Std,2
57,Destination Port | Flow Duration | Total Length of Bwd Packets | Fwd IAT Max | Bwd IAT Std | Packet Length Mean | PSH Flag Count | ACK Flag Count | ECE Flag Count | Average Packet Size | Active Mean | Active Min | Idle Mean,1
58,Total Length of Fwd Packets | Bwd Packet Length Std | Flow Bytes/s | Fwd IAT Mean | Fwd PSH Flags | Bwd Header Length | Min Packet Length | Packet Length Mean | Packet Length Std | PSH Flag Count | Init_Win_bytes_backward | Idle Max | Idle Min,3
59,Total Length of Bwd Packets | Fwd Packet Length Mean | Bwd Packet Length Std | Flow Bytes/s | Flow IAT Std | Flow IAT Min | Fwd IAT Total | Fwd Header Length | Fwd Packets/s | RST Flag Count | ACK Flag Count | Init_Win_bytes_backward | Idle Max,4
60,Total Length of Fwd Packets | Total Length of Bwd Packets | Fwd Packet Length Mean | Bwd Packet Length Mean | Flow IAT Min | Fwd Packets/s | Packet Length Mean | ECE Flag Count | Down/Up Ratio | Average Packet Size | min_seg_size_forward | Active Min | Idle Std,2
61,Total Backward Packets | Total Length of Fwd Packets | Bwd Packet Length Std | Bwd IAT Total | Bwd IAT Mean | Bwd IAT Std | Bwd IAT Max | Fwd PSH Flags | Fwd URG Flags | Bwd Header Length | Init_Win_bytes_backward | Active Mean | Active Max,2
62,Fwd IAT Mean | Fwd IAT Min | Bwd IAT Std | Bwd IAT Min | Fwd URG Flags | Max Packet Length | PSH Flag Count | ACK Flag Count | min_seg_size_forward | Active Min | Idle Mean | Idle Max | Idle Min,4
63,Flow Duration | Total Backward Packets | Fwd Packet Length Min | Bwd Packet Length Std | Flow IAT Max | Flow IAT Min | Bwd IAT Mean | Bwd IAT Std | Bwd Header Length | Min Packet Length | Average Packet Size | Active Min | Idle Std,3
64,Total Length of Fwd Packets | Bwd Packet Length Max | Bwd Packet Length Std | Fwd IAT Mean | Fwd IAT Min | Bwd IAT Total | Bwd Packets/s | Packet Length Mean | RST Flag Count | Down/Up Ratio | Init_Win_bytes_forward | Idle Mean | Idle Std,4
65,Destination Port | Fwd Packet Length Min | Fwd Packet Length Std | Bwd Packet Length Std | Flow Bytes/s | Flow Packets/s | Fwd IAT Total | Min Packet Length | ACK Flag Count | URG Flag Count | Down/Up Ratio | Average Packet Size | Active Mean,3
66,Bwd Packet Length Max | Flow IAT Std | Flow IAT Max | Flow IAT Min | Fwd IAT Max | Bwd IAT Total | Bwd IAT Max | Fwd Packets/s | Packet Length Mean | Init_Win_bytes_forward | min_seg_size_forward | Active Std | Idle Mean,3
67,Destination Port | Flow Duration | Total Backward Packets | Bwd Packet Length Min | Bwd IAT Total | Bwd IAT Min | Fwd URG Flags | Fwd Header Length | FIN Flag Count | RST Flag Count | URG Flag Count | Average Packet Size | Active Std,4
68,Flow IAT Mean | Flow IAT Std | Fwd IAT Mean | Fwd IAT Std | Bwd IAT Min | Bwd Header Length | Fwd Packets/s | PSH Flag Count | Down/Up Ratio | Init_Win_bytes_backward | Active Mean | Active Min | Idle Min,2
69,Total Length of Bwd Packets | Fwd Packet Length Max | Fwd Packet Length Mean | Bwd Packet Length Mean | Bwd Packet Length Std | Flow IAT Min | Bwd IAT Max | Bwd Packets/s | Packet Length Mean | ACK Flag Count | Average Packet Size | act_data_pkt_fwd | Idle Min,3
70,Destination Port | Fwd Packet Length Mean | Fwd Packet Length Std | Bwd Packet Length Mean | Flow Bytes/s | Bwd IAT Total | Bwd IAT Mean | Bwd IAT Max | Fwd URG Flags | FIN Flag Count | act_data_pkt_fwd | Active Mean | Idle Max,2
71,Total Backward Packets | Flow IAT Mean | Flow IAT Std | Fwd IAT Std | Fwd IAT Min | Bwd IAT Mean | Bwd IAT Max | Bwd IAT Min | Bwd Header Length | Bwd Packets/s | Packet Length Std | min_seg_size_forward | Idle Max,3
72,Total Fwd Packets | Total Length of Fwd Packets | Total Length of Bwd Packets | Fwd IAT Total | Fwd IAT Mean | Fwd IAT Min | Bwd IAT Max | Bwd IAT Min | Fwd URG Flags | Init_Win_bytes_forward | min_seg_size_forward | Active Min | Idle Max,4
73,Fwd Packet Length Mean | Bwd Packet Length Max | Flow IAT Mean | Flow IAT Min | Fwd IAT Std | Bwd IAT Std | Fwd URG Flags | Fwd Header Length | Bwd Packets/s | Max Packet Length | RST Flag Count | Init_Win_bytes_backward | Idle Max,4
74,Total Backward Packets | Total Length of Bwd Packets | Fwd Packet Length Max | Bwd Packet Length Mean | Flow IAT Max | Bwd IAT Total | Fwd URG Flags | Bwd Header Length | FIN Flag Count | Init_Win_bytes_forward | act_data_pkt_fwd | min_seg_size_forward | Idle Max,3
75,Destination Port | Fwd Packet Length Mean | Bwd Packet Length Min | Flow Bytes/s | Flow IAT Max | Fwd IAT Total | Bwd IAT Std | Bwd Header Length | Fwd Packets/s | Bwd Packets/s | Packet Length Std | Active Std | Idle Mean,2
76,Total Length of Fwd Packets | Total Length of Bwd Packets | Fwd Packet Length Min | Flow IAT Mean | Fwd IAT Std | Fwd IAT Max | Bwd IAT Max | Fwd PSH Flags | Fwd Header Length | Packet Length Mean | Init_Win_bytes_backward | act_data_pkt_fwd | Idle Min,2
77,Flow Duration | Total Fwd Packets | Fwd Packet Length Std | Fwd IAT Total | Fwd IAT Max | Bwd IAT Max | Fwd Header Length | Max Packet Length | Packet Length Std | RST Flag Count | PSH Flag Count | min_seg_size_forward | Active Max,3
78,Total Length of Bwd Packets | Fwd Packet Length Min | Flow IAT Mean | Flow IAT Std | Bwd IAT Min | Fwd PSH Flags | Max Packet Length | Packet Length Mean | PSH Flag Count | Init_Win_bytes_backward | Active Std | Active Max | Idle Max,3
79,Bwd Packet Length Min | Bwd Packet Length Mean | Flow IAT Mean | Flow IAT Max | Fwd IAT Total | Bwd IAT Mean | Bwd Header Length | URG Flag Count | ECE Flag Count | Down/Up Ratio | Average Packet Size | Init_Win_bytes_forward | min_seg_size_forward,3
80,Total Length of Fwd Packets | Fwd Packet Length Max | Fwd Packet Length Min | Fwd Packet Length Std | Bwd Packet Length Mean | Fwd IAT Min | Bwd IAT Std | Fwd URG Flags | Bwd Packets/s | Max Packet Length | Packet Length Std | FIN Flag Count | Idle Std,2
81,Destination Port | Bwd Packet Length Max | Flow IAT Max | Fwd IAT Total | Fwd IAT Mean | Fwd IAT Min | Bwd IAT Max | Fwd Packets/s | Max Packet Length | RST Flag Count | ACK Flag Count | Idle Mean | Idle Max,4
82,Flow Duration | Bwd Packet Length Max | Bwd Packet Length Min | Flow Packets/s | Fwd IAT Max | Fwd Header Length | Bwd Packets/s | Packet Length Std | RST Flag Count | min_seg_size_forward | Active Max | Idle Max | Idle Min,3
83,Flow Duration | Fwd Packet Length Max | Fwd Packet Length Min | Bwd Packet Length Mean | Flow Bytes/s | Flow IAT Std | Fwd IAT Mean | Fwd URG Flags | Fwd Header Length | ACK Flag Count | ECE Flag Count | act_data_pkt_fwd | Idle Std,1
84,Total Fwd Packets | Bwd Packet Length Mean | Flow Packets/s | Flow IAT Std | Flow IAT Max | Fwd IAT Total | Bwd IAT Mean | Fwd PSH Flags | Fwd Header Length | Min Packet Length | Average Packet Size | Active Min | Idle Std,1
85,Destination Port | Total Length of Fwd Packets | Total Length of Bwd Packets | Fwd Packet Length Max | Flow IAT Min | Bwd IAT Max | Fwd Header Length | Bwd Header Length | Bwd Packets/s | FIN Flag Count | ECE Flag Count | Init_Win_bytes_forward | Active Max,3
86,Destination Port | Total Length of Bwd Packets | Fwd Packet Length Mean | Bwd Packet Length Min | Flow IAT Max | Bwd IAT Total | Bwd Packets/s | Packet Length Mean | FIN Flag Count | Init_Win_bytes_backward | Active Min | Idle Mean | Idle Std,3
87,Total Backward Packets | Fwd Packet Length Mean | Bwd Packet Length Min | Bwd Packet Length Mean | Flow Bytes/s | Flow Packets/s | Flow IAT Std | Fwd IAT Total | Fwd IAT Mean | Fwd PSH Flags | Packet Length Std | ACK Flag Count | act_data_pkt_fwd,2
88,Flow Duration | Fwd Packet Length Min | Flow IAT Std | Fwd IAT Total | Fwd IAT Min | Bwd IAT Mean | Max Packet Length | Packet Length Std | ACK Flag Count | Init_Win_bytes_forward | Active Mean | Active Std | Idle Min,3
89,Destination Port | Flow Duration | Fwd Packet Length Mean | Flow IAT Max | Fwd IAT Max | Fwd IAT Min | Fwd PSH Flags | Fwd Packets/s | Max Packet Length | RST Flag Count | Init_Win_bytes_forward | Init_Win_bytes_backward | act_data_pkt_fwd,7
90,Flow Duration | Total Length of Fwd Packets | Fwd IAT Std | Bwd IAT Total | Bwd IAT Max | Bwd IAT Min | Bwd Header Length | Min Packet Length | Max Packet Length | RST Flag Count | Down/Up Ratio | Init_Win_bytes_forward | act_data_pkt_fwd,6
91,Total Length of Bwd Packets | Fwd Packet Length Mean | Flow Bytes/s | Flow Packets/s | Bwd IAT Mean | Bwd IAT Std | Bwd IAT Max | Bwd Header Length | Min Packet Length | Init_Win_bytes_backward | min_seg_size_forward | Idle Mean | Idle Std,3
92,Total Length of Fwd Packets | Fwd Packet Length Std | Flow IAT Min | Fwd IAT Std | Fwd Packets/s | Max Packet Length | Packet Length Mean | Packet Length Std | FIN Flag Count | ECE Flag Count | Init_Win_bytes_backward | Active Mean | Active Std,3
93,Destination Port | Total Fwd Packets | Total Length of Fwd Packets | Total Length of Bwd Packets | Fwd Packet Length Mean | Flow IAT Std | Flow IAT Max | Fwd Packets/s | Min Packet Length | act_data_pkt_fwd | Active Max | Idle Mean | Idle Std,3
94,Total Length of Fwd Packets | Fwd Packet Length Min | Bwd Packet Length Max | Flow Bytes/s | Flow IAT Mean | Bwd IAT Max | Fwd PSH Flags | Bwd Packets/s | FIN Flag Count | Init_Win_bytes_forward | Init_Win_bytes_backward | min_seg_size_forward | Idle Max,3
95,Total Length of Fwd Packets | Fwd Packet Length Min | Bwd Packet Length Max | Flow IAT Min | Fwd IAT Total | Fwd IAT Mean | Fwd Header Length | Min Packet Length | FIN Flag Count | ECE Flag Count | Down/Up Ratio | act_data_pkt_fwd | Active Max,3
96,Flow Duration | Bwd Packet Length Mean | Flow Bytes/s | Fwd IAT Total | Fwd IAT Max | Fwd Header Length | Min Packet Length | FIN Flag Count | ECE Flag Count | min_seg_size_forward | Active Std | Active Max | Idle Mean,2
97,Total Backward Packets | Total Length of Bwd Packets | Fwd Packet Length Mean | Bwd Packet Length Std | Flow Bytes/s | Flow IAT Mean | Bwd IAT Mean | Max Packet Length | PSH Flag Count | URG Flag Count | min_seg_size_forward | Active Std | Active Min,3
98,Total Length of Bwd Packets | Fwd Packet Length Min | Fwd Packet Length Mean | Flow IAT Min | Bwd IAT Std | Fwd Packets/s | Min Packet Length | RST Flag Count | URG Flag Count | Average Packet Size | Active Mean | Active Std | Active Min,3
99,Fwd Packet Length Max | Fwd Packet Length Mean | Fwd Packet Length Std | Fwd IAT Std | Bwd IAT Mean | Bwd IAT Min | Fwd PSH Flags | Packet Length Std | RST Flag Count | ECE Flag Count | min_seg_size_forward | Idle Std | Idle Max,3
100,Fwd Packet Length Min | Fwd Packet Length Std | Bwd Packet Length Min | Bwd Packet Length Mean | Flow Packets/s | Flow IAT Min | Fwd IAT Min | Bwd IAT Total | Bwd IAT Std | Bwd Packets/s | ECE Flag Count | Init_Win_bytes_forward | Active Mean,4
101,Total Length of Bwd Packets | Fwd Packet Length Max | Fwd Packet Length Min | Bwd Packet Length Std | Flow IAT Min | Fwd IAT Total | Fwd IAT Max | Bwd IAT Min | ECE Flag Count | Init_Win_bytes_forward | act_data_pkt_fwd | Active Mean | Idle Max,5
102,Flow Duration | Total Fwd Packets | Total Length of Fwd Packets | Fwd Packet Length Min | Fwd Packet Length Mean | Bwd Packet Length Min | Bwd Packet Length Std | Flow Packets/s | Bwd IAT Std | Fwd Packets/s | Min Packet Length | Packet Length Std | Active Min,3
103,Total Backward Packets | Bwd Packet Length Mean | Bwd Packet Length Std | Flow Packets/s | Flow IAT Max | Flow IAT Min | Bwd IAT Total | Bwd IAT Std | Bwd Packets/s | FIN Flag Count | min_seg_size_forward | Idle Max | Idle Min,3
104,Flow Bytes/s | Bwd IAT Max | Fwd PSH Flags | Max Packet Length | PSH Flag Count | Init_Win_bytes_forward | Init_Win_bytes_backward | Active Mean | Active Std | Active Max | Idle Mean | Idle Std | Idle Max,3
105,Total Backward Packets | Fwd Packet Length Std | Bwd Packet Length Max | Flow Bytes/s | Fwd IAT Max | Bwd IAT Min | Fwd URG Flags | Fwd Packets/s | RST Flag Count | ACK Flag Count | ECE Flag Count | Average Packet Size | act_data_pkt_fwd,3
106,Destination Port | Flow Duration | Total Fwd Packets | Total Length of Fwd Packets | Fwd Packet Length Min | Flow Packets/s | Flow IAT Std | Fwd IAT Min | Bwd IAT Std | Fwd Header Length | Bwd Packets/s | act_data_pkt_fwd | Active Max,3
107,Destination Port | Total Length of Fwd Packets | Bwd Packet Length Std | Flow Bytes/s | Flow Packets/s | Fwd IAT Total | Fwd IAT Mean | Fwd IAT Min | Bwd IAT Mean | Bwd Packets/s | Packet Length Mean | FIN Flag Count | Idle Min,3
108,Destination Port | Flow Duration | Total Length of Fwd Packets | Fwd Packet Length Min | Fwd Packet Length Mean | Bwd Packet Length Mean | Bwd Packet Length Std | Flow Bytes/s | Fwd IAT Mean | Down/Up Ratio | Init_Win_bytes_backward | Active Mean | Active Max,3
109,Total Backward Packets | Total Length of Fwd Packets | Fwd Packet Length Max | Fwd Packet Length Std | Bwd Packet Length Max | Fwd Header Length | Min Packet Length | ACK Flag Count | Down/Up Ratio | act_data_pkt_fwd | Active Max | Idle Std | Idle Min,2
110,Flow Duration | Flow Packets/s | Flow IAT Std | Fwd IAT Min | Bwd IAT Total | Bwd IAT Std | Fwd Header Length | Packet Length Mean | Packet Length Std | FIN Flag Count | Init_Win_bytes_forward | Idle Mean | Idle Std,2
111,Total Fwd Packets | Total Backward Packets | Fwd Packet Length Max | Fwd Packet Length Mean | Flow IAT Mean | Bwd IAT Min | Fwd Header Length | Min Packet Length | Max Packet Length | URG Flag Count | Init_Win_bytes_forward | min_seg_size_forward | Idle Std,5
112,Total Backward Packets | Total Length of Fwd Packets | Bwd Packet Length Min | Flow Packets/s | Bwd IAT Std | Fwd Header Length | Fwd Packets/s | Packet Length Mean | PSH Flag Count | ECE Flag Count | min_seg_size_forward | Active Mean | Active Max,2
113,Destination Port | Total Fwd Packets | Bwd Packet Length Max | Flow IAT Max | Flow IAT Min | Fwd IAT Total | Fwd IAT Max | Bwd IAT Total | Bwd Header Length | Min Packet Length | Packet Length Mean | min_seg_size_forward | Active Std,4
114,Destination Port | Flow Duration | Flow IAT Max | Bwd IAT Max | Fwd Packets/s | PSH Flag Count | URG Flag Count | Average Packet Size | act_data_pkt_fwd | min_seg_size_forward | Active Max | Active Min | Idle Min,3
115,Total Fwd Packets | Total Backward Packets | Total Length of Bwd Packets | Fwd Packet Length Max | Fwd Packet Length Mean | Flow IAT Min | Fwd IAT Total | Fwd IAT Min | Bwd IAT Total | Bwd IAT Mean | ECE Flag Count | Init_Win_bytes_forward | Active Max,3
116,Flow Duration | Total Fwd Packets | Total Backward Packets | Fwd Packet Length Std | Bwd Packet Length Max | Fwd IAT Mean | Fwd IAT Std | Fwd Header Length | Bwd Packets/s | ACK Flag Count | URG Flag Count | Active Max | Idle Std,0
117,Flow Duration | Total Length of Bwd Packets | Fwd Packet Length Min | Fwd Packet Length Std | Flow IAT Max | Flow IAT Min | Fwd IAT Max | Fwd Packets/s | Bwd Packets/s | RST Flag Count | URG Flag Count | Active Mean | Idle Mean,2
118,Total Backward Packets | Total Length of Fwd Packets | Fwd Packet Length Std | Bwd Packet Length Min | Flow Packets/s | Flow IAT Std | Fwd IAT Std | Bwd IAT Mean | Fwd URG Flags | ACK Flag Count | ECE Flag Count | Init_Win_bytes_forward | Active Mean,2
119,Fwd Packet Length Max | Flow Packets/s | Fwd IAT Std | Fwd IAT Max | Bwd IAT Std | Bwd IAT Max | RST Flag Count | URG Flag Count | Down/Up Ratio | Init_Win_bytes_forward | Init_Win_bytes_backward | Active Min | Idle Mean,3
120,Destination Port | Total Backward Packets | Bwd Packet Length Min | Fwd IAT Mean | Fwd IAT Min | Bwd IAT Std | Bwd IAT Min | Bwd Header Length | Fwd Packets/s | Bwd Packets/s | ECE Flag Count | Down/Up Ratio | min_seg_size_forward,5
121,Total Length of Fwd Packets | Total Length of Bwd Packets | Bwd Packet Length Max | Bwd Packet Length Mean | Flow IAT Mean | Fwd IAT Total | Fwd IAT Std | Bwd IAT Total | Packet Length Mean | RST Flag Count | min_seg_size_forward | Active Max | Idle Mean,2
122,Destination Port | Total Length of Fwd Packets | Bwd Packet Length Mean | Flow IAT Mean | Fwd IAT Min | Bwd IAT Std | Bwd Header Length | Bwd Packets/s | PSH Flag Count | Average Packet Size | Init_Win_bytes_forward | Active Mean | Active Max,3
123,Destination Port | Flow Duration | Total Length of Bwd Packets | Bwd Packet Length Std | Flow Bytes/s | Flow IAT Mean | Fwd IAT Mean | Fwd IAT Max | Fwd URG Flags | FIN Flag Count | ACK Flag Count | URG Flag Count | Init_Win_bytes_forward,3
124,Total Fwd Packets | Fwd Packet Length Std | Bwd Packet Length Mean | Bwd Packet Length Std | Flow Bytes/s | Flow IAT Std | Fwd IAT Total | Fwd IAT Std | Bwd IAT Mean | Packet Length Mean | Down/Up Ratio | act_data_pkt_fwd | Idle Mean,2
125,Destination Port | Total Fwd Packets | Total Length of Fwd Packets | Fwd Packet Length Std | Flow Bytes/s | Flow IAT Min | Fwd Packets/s | Bwd Packets/s | RST Flag Count | PSH Flag Count | Active Mean | Idle Mean | Idle Std,3
126,Flow Duration | Bwd Packet Length Mean | Flow Bytes/s | Flow Packets/s | Flow IAT Mean | Flow IAT Std | Fwd IAT Max | Fwd PSH Flags | Fwd Packets/s | Packet Length Std | PSH Flag Count | ECE Flag Count | Idle Std,0
127,Bwd Packet Length Min | Bwd Packet Length Mean | Flow Packets/s | Flow IAT Mean | Fwd IAT Min | Bwd IAT Total | Bwd IAT Max | Fwd URG Flags | Max Packet Length | PSH Flag Count | URG Flag Count | ECE Flag Count | Idle Max,3
128,Total Length of Bwd Packets | Fwd Packet Length Mean | Fwd Packet Length Std | Bwd Packet Length Max | Flow IAT Max | Fwd IAT Mean | Fwd URG Flags | Max Packet Length | Packet Length Mean | ACK Flag Count | Average Packet Size | Active Mean | Active Std,1
129,Flow Bytes/s | Flow IAT Std | Bwd IAT Std | Fwd URG Flags | Bwd Packets/s | Min Packet Length | Packet Length Mean | RST Flag Count | PSH Flag Count | ACK Flag Count | Init_Win_bytes_forward | act_data_pkt_fwd | Active Max,4
130,Destination Port | Total Length of Fwd Packets | Fwd Packet Length Max | Fwd Packet Length Std | Bwd Packet Length Std | Flow IAT Max | Bwd IAT Mean | Bwd IAT Std | Bwd IAT Min | Fwd PSH Flags | ECE Flag Count | Active Mean | Active Max,3
131,Total Backward Packets | Fwd Packet Length Mean | Bwd Packet Length Min | Fwd IAT Max | Bwd IAT Total | Bwd IAT Max | Bwd IAT Min | Bwd Packets/s | Min Packet Length | ACK Flag Count | min_seg_size_forward | Active Mean | Idle Std,4
132,Total Length of Fwd Packets | Fwd Packet Length Max | Bwd Packet Length Max | Flow Packets/s | Flow IAT Std | Bwd IAT Std | Bwd IAT Min | Min Packet Length | URG Flag Count | Average Packet Size | act_data_pkt_fwd | Active Max | Active Min,3
133,Destination Port | Bwd Packet Length Min | Bwd Packet Length Mean | Flow IAT Mean | Flow IAT Std | Fwd IAT Total | Bwd IAT Mean | Bwd Header Length | Fwd Packets/s | Active Mean | Active Min | Idle Mean | Idle Std,2
134,Flow Duration | Total Fwd Packets | Fwd Packet Length Std | Bwd Packet Length Std | Flow Bytes/s | Flow IAT Mean | Flow IAT Std | Flow IAT Min | Fwd PSH Flags | Down/Up Ratio | Average Packet Size | Init_Win_bytes_backward | Active Min,3
135,Fwd Packet Length Max | Bwd Packet Length Max | Bwd Packet Length Min | Flow Packets/s | Flow IAT Std | Fwd IAT Std | Fwd URG Flags | Packet Length Mean | Active Min | Idle Mean | Idle Std | Idle Max | Idle Min,1
136,Flow Duration | Total Fwd Packets | Total Length of Bwd Packets | Fwd Packet Length Mean | Flow Bytes/s | Flow IAT Mean | Flow IAT Min | Fwd IAT Mean | Fwd IAT Max | Bwd IAT Total | URG Flag Count | ECE Flag Count | min_seg_size_forward,2
137,Total Fwd Packets | Total Length of Bwd Packets | Bwd Packet Length Mean | Flow IAT Std | Fwd IAT Mean | Fwd IAT Max | Bwd IAT Total | Fwd PSH Flags | ECE Flag Count | Active Std | Active Min | Idle Std | Idle Max,0
138,Total Fwd Packets | Total Backward Packets | Fwd Packet Length Min | Fwd IAT Mean | Fwd IAT Std | Fwd IAT Min | Bwd IAT Total | Bwd IAT Max | Fwd PSH Flags | Min Packet Length | ECE Flag Count | Init_Win_bytes_forward | Idle Std,3
139,Total Length of Fwd Packets | Fwd Packet Length Max | Flow IAT Min | Fwd IAT Total | Fwd IAT Std | Bwd IAT Mean | Bwd Header Length | Packet Length Std | FIN Flag Count | PSH Flag Count | Init_Win_bytes_forward | Active Std | Idle Max,2
140,Total Length of Fwd Packets | Total Length of Bwd Packets | Fwd Packet Length Mean | Bwd Packet Length Min | Fwd IAT Mean | Bwd IAT Total | Bwd IAT Std | URG Flag Count | Down/Up Ratio | act_data_pkt_fwd | min_seg_size_forward | Idle Std | Idle Min,3
141,Destination Port | Flow Duration | Total Backward Packets | Fwd Packet Length Max | Bwd Packet Length Max | Bwd Packet Length Min | Flow IAT Std | Bwd IAT Total | Bwd IAT Min | Fwd URG Flags | Bwd Packets/s | FIN Flag Count | ACK Flag Count,3
142,Flow Duration | Fwd Packet Length Std | Bwd Packet Length Std | Fwd URG Flags | Fwd Packets/s | Max Packet Length | FIN Flag Count | Init_Win_bytes_backward | min_seg_size_forward | Active Mean | Active Max | Active Min | Idle Max,4
143,Bwd Packet Length Min | Flow IAT Mean | Flow IAT Min | Fwd IAT Max | Bwd IAT Mean | Bwd IAT Max | Fwd Header Length | Bwd Header Length | Fwd Packets/s | ECE Flag Count | Down/Up Ratio | Average Packet Size | min_seg_size_forward,3
144,Flow Duration | Fwd Packet Length Min | Bwd Packet Length Min | Fwd IAT Mean | Bwd IAT Mean | Bwd IAT Max | Fwd URG Flags | Bwd Packets/s | Packet Length Mean | Init_Win_bytes_backward | act_data_pkt_fwd | min_seg_size_forward | Active Mean,4
145,Total Length of Fwd Packets | Bwd Packet Length Std | Flow IAT Mean | Flow IAT Min | Fwd IAT Max | Bwd IAT Mean | Bwd Header Length | Fwd Packets/s | Max Packet Length | ACK Flag Count | Down/Up Ratio | Average Packet Size | Idle Std,3
146,Flow Duration | Total Fwd Packets | Flow IAT Max | Fwd IAT Total | Bwd IAT Max | Bwd IAT Min | Bwd Header Length | Packet Length Mean | FIN Flag Count | ACK Flag Count | URG Flag Count | min_seg_size_forward | Idle Max,2
147,Total Fwd Packets | Total Backward Packets | Fwd Packet Length Mean | Flow IAT Max | Fwd IAT Mean | Fwd IAT Std | Bwd IAT Min | Fwd PSH Flags | Fwd Packets/s | Min Packet Length | Init_Win_bytes_backward | Active Min | Idle Max,3
148,Total Backward Packets | Total Length of Fwd Packets | Fwd Packet Length Min | Flow Bytes/s | Flow Packets/s | Fwd IAT Mean | Bwd IAT Total | Fwd PSH Flags | Min Packet Length | Max Packet Length | min_seg_size_forward | Active Std | Active Min,3
149,Flow Duration | Total Backward Packets | Fwd Packet Length Std | Flow IAT Std | Fwd IAT Std | Bwd IAT Max | URG Flag Count | ECE Flag Count | Average Packet Size | Init_Win_bytes_backward | Active Mean | Idle Mean | Idle Min,1
150,Destination Port | Total Length of Fwd Packets | Bwd Packet Length Mean | Fwd IAT Max | Bwd IAT Mean | Fwd URG Flags | Fwd Packets/s | PSH Flag Count | Average Packet Size | Init_Win_bytes_backward | act_data_pkt_fwd | Idle Max | Idle Min,3
151,Total Fwd Packets | Fwd Packet Length Min | Bwd Packet Length Max | Bwd Packet Length Min | Flow IAT Std | Fwd IAT Max | Bwd IAT Std | Max Packet Length | Packet Length Std | PSH Flag Count | ECE Flag Count | Down/Up Ratio | Active Std,2
152,Total Length of Bwd Packets | Fwd Packet Length Max | Fwd IAT Std | Fwd Header Length | Bwd Header Length | Bwd Packets/s | Min Packet Length | RST Flag Count | PSH Flag Count | URG Flag Count | Init_Win_bytes_forward | act_data_pkt_fwd | Active Min,4
153,Flow Duration | Fwd Packet Length Std | Bwd Packet Length Std | Flow IAT Min | Fwd IAT Mean | Fwd Header Length | Fwd Packets/s | Max Packet Length | Packet Length Mean | URG Flag Count | Down/Up Ratio | Init_Win_bytes_forward | Idle Max,4
154,Flow Duration | Total Fwd Packets | Fwd Packet Length Min | Flow IAT Max | Fwd IAT Min | Bwd IAT Min | Fwd PSH Flags | Fwd URG Flags | Bwd Header Length | FIN Flag Count | Down/Up Ratio | act_data_pkt_fwd | Idle Mean,3
155,Bwd Packet Length Max | Bwd Packet Length Std | Flow IAT Std | Flow IAT Max | Fwd IAT Mean | Fwd IAT Std | Fwd IAT Min | Fwd Header Length | Bwd Header Length | Min Packet Length | Packet Length Std | ECE Flag Count | Idle Max,3
156,Destination Port | Fwd Packet Length Min | Fwd Packet Length Std | Bwd Packet Length Std | Fwd IAT Mean | Fwd IAT Max | Bwd IAT Mean | Fwd PSH Flags | Bwd Header Length | ACK Flag Count | ECE Flag Count | Down/Up Ratio | Idle Min,2
157,Flow Duration | Total Fwd Packets | Total Backward Packets | Fwd Packet Length Max | Bwd Packet Length Mean | Flow Bytes/s | Flow IAT Std | Fwd URG Flags | Fwd Packets/s | Down/Up Ratio | Average Packet Size | Init_Win_bytes_forward | Idle Min,1
158,Total Fwd Packets | Fwd Packet Length Max | Bwd Packet Length Max | Flow IAT Min | Fwd PSH Flags | Packet Length Mean | RST Flag Count | URG Flag Count | Down/Up Ratio | Init_Win_bytes_backward | Active Mean | Active Std | Idle Max,3
159,Total Backward Packets | Total Length of Fwd Packets | Total Length of Bwd Packets | Fwd Packet Length Min | Bwd Packet Length Max | Bwd Packet Length Min | Flow Bytes/s | Flow IAT Max | Bwd IAT Mean | Fwd Header Length | Max Packet Length | URG Flag Count | Down/Up Ratio,2
160,Fwd Packet Length Std | Bwd Packet Length Max | Flow IAT Min | Bwd IAT Std | Fwd URG Flags | Bwd Packets/s | Down/Up Ratio | act_data_pkt_fwd | min_seg_size_forward | Active Std | Active Max | Idle Mean | Idle Max,3
161,Fwd Packet Length Min | Fwd Packet Length Mean | Bwd Packet Length Min | Flow Bytes/s | Flow Packets/s | Fwd IAT Std | Bwd IAT Mean | Bwd IAT Std | Fwd PSH Flags | Bwd Packets/s | Max Packet Length | RST Flag Count | PSH Flag Count,3
162,Destination Port | Flow Duration | Total Length of Fwd Packets | Fwd Packet Length Max | Flow IAT Std | Fwd Header Length | Packet Length Std | ACK Flag Count | URG Flag Count | Active Std | Idle Mean | Idle Std | Idle Max,1
163,Total Fwd Packets | Bwd Packet Length Max | Bwd Packet Length Mean | Fwd IAT Mean | Fwd IAT Std | Fwd IAT Min | Bwd IAT Std | Fwd Header Length | FIN Flag Count | Down/Up Ratio | Init_Win_bytes_forward | min_seg_size_forward | Idle Max,3
164,Flow Duration | Total Fwd Packets | Total Length of Bwd Packets | Fwd Packet Length Mean | Fwd Packet Length Std | Flow Packets/s | Bwd IAT Total | Fwd PSH Flags | Fwd Header Length | Fwd Packets/s | Min Packet Length | Idle Max | Idle Min,1
165,Bwd Packet Length Max | Bwd Packet Length Mean | Flow Bytes/s | Fwd IAT Std | Bwd IAT Std | Fwd Header Length | Bwd Header Length | Packet Length Mean | Packet Length Std | FIN Flag Count | min_seg_size_forward | Active Mean | Idle Min,1
166,Bwd Packet Length Max | Flow IAT Mean | Fwd IAT Std | Fwd IAT Max | Bwd IAT Std | Bwd IAT Min | Fwd Packets/s | Max Packet Length | ECE Flag Count | Down/Up Ratio | min_seg_size_forward | Active Max | Idle Mean,3
167,Fwd Packet Length Min | Bwd Packet Length Max | Bwd Packet Length Std | Bwd IAT Total | Bwd IAT Max | Fwd PSH Flags | Bwd Header Length | Bwd Packets/s | ECE Flag Count | min_seg_size_forward | Active Std | Idle Max | Idle Min,2
168,Destination Port | Fwd Packet Length Mean | Bwd Packet Length Std | Flow IAT Std | Flow IAT Max | Bwd IAT Std | Fwd PSH Flags | Bwd Header Length | Packet Length Mean | RST Flag Count | ACK Flag Count | Init_Win_bytes_forward | Active Min,4
169,Total Fwd Packets | Total Length of Fwd Packets | Flow Packets/s | Flow IAT Std | Fwd IAT Total | Fwd IAT Mean | Fwd IAT Std | Packet Length Mean | ECE Flag Count | Down/Up Ratio | Average Packet Size | min_seg_size_forward | Active Min,1
170,Destination Port | Total Length of Fwd Packets | Fwd Packet Length Std | Fwd IAT Std | Packet Length Mean | Packet Length Std | PSH Flag Count | ACK Flag Count | Average Packet Size | Active Mean | Active Max | Active Min | Idle Mean,1
171,Destination Port | Total Length of Fwd Packets | Total Length of Bwd Packets | Fwd Packet Length Max | Bwd Packet Length Std | Flow IAT Std | Bwd IAT Total | Bwd IAT Min | Fwd URG Flags | Fwd Header Length | Min Packet Length | Packet Length Mean | PSH Flag Count,4
172,Total Fwd Packets | Total Backward Packets | Total Length of Bwd Packets | Bwd Packet Length Min | Flow IAT Std | Flow IAT Min | Bwd IAT Std | Bwd IAT Min | Fwd URG Flags | ECE Flag Count | Average Packet Size | Active Min | Idle Max,3
173,Total Fwd Packets | Total Length of Fwd Packets | Fwd Packet Length Max | Bwd Packet Length Max | Bwd Packet Length Mean | Flow Packets/s | Fwd IAT Max | Bwd IAT Mean | Bwd Header Length | Max Packet Length | ECE Flag Count | Init_Win_bytes_forward | Init_Win_bytes_backward,3
174,Destination Port | Flow Packets/s | Flow IAT Min | Fwd IAT Mean | Fwd IAT Min | Bwd IAT Total | Min Packet Length | Max Packet Length | Packet Length Mean | Packet Length Std | ECE Flag Count | Init_Win_bytes_forward | Idle Std,6
175,Total Backward Packets | Flow Bytes/s | Flow IAT Mean | Fwd IAT Mean | Bwd IAT Std | Bwd IAT Max | Fwd Packets/s | Packet Length Mean | URG Flag Count | act_data_pkt_fwd | Active Std | Active Min | Idle Mean,1
176,Destination Port | Total Backward Packets | Fwd Packet Length Max | Bwd Packet Length Std | Fwd IAT Mean | Fwd IAT Min | Fwd URG Flags | Bwd Header Length | Packet Length Mean | PSH Flag Count | ECE Flag Count | act_data_pkt_fwd | Idle Min,4
177,Fwd Packet Length Max | Fwd Packet Length Min | Fwd Packet Length Mean | Bwd Packet Length Max | Flow Bytes/s | Fwd IAT Min | Bwd IAT Mean | Bwd Packets/s | Max Packet Length | URG Flag Count | ECE Flag Count | Init_Win_bytes_backward | Active Std,3
178,Flow Duration | Total Backward Packets | Fwd Packet Length Std | Bwd Packet Length Min | Bwd Packet Length Std | Flow IAT Max | Fwd IAT Std | Fwd URG Flags | Fwd Packets/s | ECE Flag Count | Down/Up Ratio | Average Packet Size | Idle Min,2
179,Flow Duration | Total Length of Fwd Packets | Total Length of Bwd Packets | Flow IAT Max | Flow IAT Min | Bwd IAT Max | Fwd PSH Flags | Bwd Packets/s | Average Packet Size | Init_Win_bytes_forward | min_seg_size_forward | Active Max | Idle Max,3
180,Total Backward Packets | Fwd Packet Length Min | Flow IAT Mean | Flow IAT Std | Fwd IAT Min | Bwd IAT Min | Fwd PSH Flags | Fwd URG Flags | Bwd Header Length | Packet Length Std | ECE Flag Count | Idle Max | Idle Min,2
181,Bwd Packet Length Mean | Bwd Packet Length Std | Flow Packets/s | Flow IAT Min | Fwd IAT Std | Fwd Packets/s | Bwd Packets/s | Max Packet Length | ACK Flag Count | act_data_pkt_fwd | Active Std | Active Min | Idle Std,4
182,Flow Duration | Total Length of Bwd Packets | Fwd Packet Length Std | Flow IAT Max | Fwd IAT Max | Fwd IAT Min | Bwd IAT Std | Bwd IAT Min | Init_Win_bytes_backward | act_data_pkt_fwd | Active Std | Active Min | Idle Mean,4
183,Total Fwd Packets | Bwd Packet Length Min | Bwd Packet Length Mean | Bwd Packet Length Std | Flow Bytes/s | Flow IAT Std | Fwd IAT Max | Bwd IAT Mean | Fwd URG Flags | Bwd Packets/s | Max Packet Length | Init_Win_bytes_backward | Active Min,4
184,Fwd Packet Length Mean | Bwd Packet Length Min | Flow Packets/s | Fwd IAT Total | Fwd IAT Mean | Fwd IAT Std | Fwd IAT Max | Bwd IAT Mean | Bwd IAT Max | Fwd URG Flags | Down/Up Ratio | Active Mean | Active Std,1
185,Destination Port | Bwd Packet Length Mean | Flow Bytes/s | Fwd IAT Min | Bwd IAT Std | Bwd IAT Max | Fwd URG Flags | Bwd Packets/s | Max Packet Length | Init_Win_bytes_backward | Active Std | Active Min | Idle Max,4
186,Total Fwd Packets | Total Length of Fwd Packets | Fwd Packet Length Min | Fwd Packet Length Mean | Fwd Packet Length Std | Bwd Packet Length Min | Fwd IAT Max | Bwd IAT Std | Bwd IAT Max | Fwd URG Flags | Down/Up Ratio | act_data_pkt_fwd | Idle Min,2
187,Destination Port | Total Fwd Packets | Total Backward Packets | Fwd Packet Length Min | Flow Bytes/s | Fwd IAT Max | Bwd IAT Std | Fwd Packets/s | Max Packet Length | FIN Flag Count | Down/Up Ratio | Active Mean | Active Std,2
188,Flow Duration | Total Length of Bwd Packets | Bwd Packet Length Max | Bwd Packet Length Mean | Flow IAT Mean | Fwd IAT Min | Bwd IAT Mean | RST Flag Count | PSH Flag Count | Active Mean | Active Std | Idle Max | Idle Min,2
189,Total Backward Packets | Fwd Packet Length Std | Bwd Packet Length Std | Fwd IAT Std | Fwd IAT Min | Bwd IAT Min | Fwd PSH Flags | Fwd Header Length | Min Packet Length | Max Packet Length | Down/Up Ratio | act_data_pkt_fwd | Active Min,6
190,Fwd Packet Length Min | Flow Bytes/s | Flow IAT Std | Fwd IAT Max | Bwd IAT Total | Fwd Packets/s | Packet Length Std | FIN Flag Count | RST Flag Count | ACK Flag Count | Active Mean | Active Max | Idle Min,1
191,Total Length of Bwd Packets | Fwd Packet Length Std | Flow IAT Mean | Fwd IAT Total | Fwd PSH Flags | Fwd URG Flags | Bwd Header Length | ACK Flag Count | URG Flag Count | Init_Win_bytes_forward | Active Min | Idle Max | Idle Min,1
192,Bwd Packet Length Max | Flow Packets/s | Bwd IAT Mean | Bwd IAT Std | Fwd Header Length | Min Packet Length | Packet Length Std | RST Flag Count | PSH Flag Count | ACK Flag Count | Down/Up Ratio | Init_Win_bytes_forward | Active Mean,3
193,Bwd Packet Length Max | Bwd Packet Length Std | Flow IAT Std | Fwd IAT Max | Fwd IAT Min | Bwd IAT Total | Fwd PSH Flags | Fwd Header Length | Min Packet Length | Max Packet Length | RST Flag Count | Down/Up Ratio | act_data_pkt_fwd,6
194,Flow Duration | Flow Packets/s | Flow IAT Min | Bwd IAT Mean | Bwd IAT Std | Fwd Packets/s | Min Packet Length | Packet Length Mean | Packet Length Std | FIN Flag Count | Average Packet Size | Active Max | Idle Min,2
195,Total Length of Bwd Packets | Bwd Packet Length Max | Bwd Packet Length Min | Bwd Packet Length Std | Flow Packets/s | Flow IAT Max | Bwd IAT Total | Bwd IAT Mean | Bwd IAT Max | Fwd PSH Flags | Bwd Packets/s | FIN Flag Count | URG Flag Count,2
196,Fwd Packet Length Mean | Flow IAT Mean | Flow IAT Min | Fwd IAT Total | Fwd IAT Std | Bwd IAT Total | Bwd IAT Mean | Bwd IAT Max | Max Packet Length | Init_Win_bytes_backward | act_data_pkt_fwd | Active Max | Idle Min,4
197,Flow Duration | Total Fwd Packets | Flow Bytes/s | Flow IAT Mean | Flow IAT Std | Flow IAT Min | Fwd IAT Std | Bwd IAT Total | Bwd IAT Min | Max Packet Length | Init_Win_bytes_forward | Active Std | Active Min,4
198,Bwd Packet Length Mean | Bwd Packet Length Std | Flow IAT Std | Fwd IAT Total | Fwd IAT Std | Bwd IAT Std | Fwd URG Flags | Fwd Header Length | Min Packet Length | Packet Length Std | PSH Flag Count | Init_Win_bytes_forward | Active Min,3
199,Flow Duration | Total Length of Fwd Packets | Total Length of Bwd Packets | Fwd Packet Length Std | Bwd Packet Length Max | Bwd Packet Length Mean | Bwd Packet Length Std | Fwd IAT Std | Fwd IAT Max | Bwd IAT Std | Fwd URG Flags | Active Mean | Idle Min,1
200,Total Length of Bwd Packets | Bwd Packet Length Max | Bwd Packet Length Std | Flow Packets/s | Fwd IAT Mean | Fwd IAT Min | Fwd URG Flags | Bwd Header Length | Packet Length Mean | URG Flag Count | ECE Flag Count | Init_Win_bytes_forward | Active Mean,3
201,Total Length of Bwd Packets | Fwd Packet Length Min | Fwd Packet Length Mean | Bwd Packet Length Std | Fwd IAT Total | Fwd IAT Min | Bwd IAT Total | Bwd IAT Max | Min Packet Length | Average Packet Size | Active Max | Idle Mean | Idle Min,3
202,Flow Duration | Total Length of Fwd Packets | Fwd Packet Length Min | Bwd Packet Length Max | Bwd Packet Length Min | Bwd Packet Length Mean | Bwd Packet Length Std | Flow Packets/s | Fwd IAT Mean | Min Packet Length | URG Flag Count | ECE Flag Count | Active Std,3
203,Total Backward Packets | Fwd IAT Mean | Bwd IAT Mean | Bwd IAT Max | Bwd IAT Min | Fwd URG Flags | Packet Length Std | FIN Flag Count | PSH Flag Count | ECE Flag Count | Init_Win_bytes_backward | act_data_pkt_fwd | Active Max,3
204,Flow Duration | Total Length of Fwd Packets | Fwd Packet Length Max | Bwd Packet Length Std | Flow IAT Mean | Fwd IAT Min | Bwd IAT Total | Bwd IAT Std | Fwd Header Length | RST Flag Count | Average Packet Size | Init_Win_bytes_backward | min_seg_size_forward,5
205,Total Backward Packets | Total Length of Bwd Packets | Fwd Packet Length Std | Flow Packets/s | Bwd IAT Std | Bwd IAT Min | Fwd Header Length | Packet Length Std | ACK Flag Count | Down/Up Ratio | Active Std | Idle Mean | Idle Max,1
206,Total Fwd Packets | Fwd Packet Length Max | Bwd Packet Length Mean | Flow Bytes/s | Flow IAT Max | Fwd Header Length | Fwd Packets/s | Bwd Packets/s | URG Flag Count | Init_Win_bytes_forward | min_seg_size_forward | Active Min | Idle Mean,2
207,Total Fwd Packets | Fwd Packet Length Max | Bwd Packet Length Max | Bwd Packet Length Min | Bwd Packet Length Std | Fwd IAT Total | Fwd URG Flags | Bwd Header Length | Fwd Packets/s | ECE Flag Count | Down/Up Ratio | Init_Win_bytes_forward | Active Min,3
208,Destination Port | Flow IAT Max | Flow IAT Min | Bwd IAT Total | Bwd IAT Mean | Bwd Header Length | Fwd Packets/s | PSH Flag Count | Down/Up Ratio | min_seg_size_forward | Active Mean | Active Min | Idle Mean,3
209,Flow Duration | Total Fwd Packets | Total Length of Bwd Packets | Bwd Packet Length Min | Flow IAT Max | Fwd IAT Std | Bwd IAT Min | Fwd URG Flags | Fwd Packets/s | ECE Flag Count | Down/Up Ratio | min_seg_size_forward | Idle Max,3
210,Fwd Packet Length Std | Bwd Packet Length Mean | Flow Bytes/s | Flow IAT Max | Flow IAT Min | Fwd IAT Total | Fwd IAT Mean | Fwd PSH Flags | Fwd Header Length | Packet Length Mean | Down/Up Ratio | Average Packet Size | Active Std,1
211,Destination Port | Fwd Packet Length Std | Bwd Packet Length Max | Bwd Packet Length Min | Fwd IAT Max | Fwd PSH Flags | Fwd URG Flags | Fwd Packets/s | Packet Length Mean | Init_Win_bytes_backward | act_data_pkt_fwd | Active Max | Idle Mean,4
212,Bwd Packet Length Mean | Bwd Packet Length Std | Flow Packets/s | Flow IAT Max | Fwd IAT Max | Bwd IAT Mean | Bwd IAT Min | Fwd URG Flags | Bwd Packets/s | Min Packet Length | act_data_pkt_fwd | Idle Std | Idle Min,4
213,Fwd Packet Length Max | Bwd Packet Length Mean | Flow Packets/s | Flow IAT Mean | Flow IAT Min | Fwd IAT Total | Fwd IAT Max | Fwd PSH Flags | Fwd URG Flags | ACK Flag Count | Active Max | Active Min | Idle Std,1
214,Total Length of Fwd Packets | Bwd Packet Length Min | Flow IAT Mean | Fwd IAT Std | Fwd Header Length | URG Flag Count | Down/Up Ratio | Average Packet Size | Init_Win_bytes_forward | act_data_pkt_fwd | Active Mean | Active Std | Active Max,3
215,Total Fwd Packets | Total Length of Fwd Packets | Flow Bytes/s | Flow IAT Mean | Flow IAT Std | Fwd URG Flags | Fwd Header Length | Max Packet Length | PSH Flag Count | ECE Flag Count | act_data_pkt_fwd | Active Max | Idle Max,2
216,Destination Port | Total Fwd Packets | Fwd Packet Length Max | Fwd Packet Length Std | Flow IAT Max | Fwd IAT Std | Bwd IAT Std | Bwd IAT Max | RST Flag Count | Init_Win_bytes_forward | Init_Win_bytes_backward | min_seg_size_forward | Active Std,5
217,Destination Port | Total Length of Fwd Packets | Bwd Packet Length Max | Bwd Packet Length Min | Flow Bytes/s | Fwd IAT Max | Fwd Packets/s | PSH Flag Count | ECE Flag Count | Init_Win_bytes_backward | Active Min | Idle Std | Idle Min,3
218,Fwd Packet Length Std | Bwd Packet Length Min | Flow Bytes/s | Flow IAT Max | Flow IAT Min | Fwd IAT Max | Bwd IAT Mean | Bwd IAT Min | Fwd Header Length | Packet Length Mean | ECE Flag Count | act_data_pkt_fwd | Idle Std,4
219,Total Backward Packets | Total Length of Fwd Packets | Fwd Packet Length Min | Fwd Packet Length Mean | Flow IAT Mean | Flow IAT Max | Fwd IAT Mean | Fwd IAT Max | Bwd IAT Max | Min Packet Length | ECE Flag Count | Init_Win_bytes_backward | Active Std,2
220,Total Length of Fwd Packets | Fwd Packet Length Max | Fwd Packet Length Min | Fwd Packet Length Std | Flow IAT Mean | Flow IAT Min | Fwd IAT Std | Bwd IAT Mean | Bwd IAT Std | Bwd Header Length | Packet Length Mean | PSH Flag Count | ECE Flag Count,1
221,Flow Duration | Total Fwd Packets | Total Length of Bwd Packets | Bwd Packet Length Min | Bwd Packet Length Std | Flow IAT Std | Flow IAT Min | Fwd IAT Min | Bwd IAT Total | Fwd URG Flags | FIN Flag Count | act_data_pkt_fwd | Idle Max,5
222,Total Fwd Packets | Total Backward Packets | Bwd Packet Length Min | Bwd Packet Length Std | Flow IAT Std | Fwd IAT Min | Bwd IAT Max | Fwd Packets/s | Packet Length Std | ACK Flag Count | ECE Flag Count | Active Max | Idle Min,3
223,Total Fwd Packets | Fwd Packet Length Std | Bwd Packet Length Min | Flow Packets/s | Flow IAT Mean | Fwd IAT Std | Fwd IAT Min | Fwd Packets/s | Min Packet Length | PSH Flag Count | ACK Flag Count | URG Flag Count | min_seg_size_forward,4
224,Flow Duration | Fwd Packet Length Max | Fwd Packet Length Mean | Fwd Packet Length Std | Bwd Packet Length Std | Flow IAT Mean | Flow IAT Std | Fwd IAT Min | Bwd IAT Mean | Bwd IAT Max | Bwd Packets/s | Min Packet Length | act_data_pkt_fwd,4
225,Flow Duration | Total Length of Fwd Packets | Total Length of Bwd Packets | Bwd Packet Length Max | Bwd Packet Length Mean | Flow Packets/s | Flow IAT Mean | Flow IAT Std | Fwd IAT Std | Bwd IAT Max | Fwd Packets/s | Average Packet Size | Idle Min,0
226,Bwd Packet Length Mean | Bwd Packet Length Std | Flow IAT Min | Fwd IAT Min | Bwd IAT Total | Bwd IAT Mean | Bwd IAT Std | Bwd IAT Min | Fwd Packets/s | Min Packet Length | Max Packet Length | RST Flag Count | Idle Min,7
227,Total Fwd Packets | Bwd Packet Length Max | Bwd Packet Length Mean | Flow Packets/s | Flow IAT Max | Fwd IAT Std | Fwd IAT Min | Fwd Header Length | RST Flag Count | URG Flag Count | Average Packet Size | act_data_pkt_fwd | Idle Min,3
228,Total Backward Packets | Total Length of Bwd Packets | Fwd Packet Length Mean | Fwd Packet Length Std | Bwd Packet Length Min | Flow Bytes/s | Flow IAT Min | Fwd IAT Mean | Fwd URG Flags | Fwd Packets/s | Average Packet Size | Active Min | Idle Max,2
229,Flow Duration | Fwd Packet Length Std | Bwd Packet Length Mean | Bwd Packet Length Std | Fwd IAT Total | Fwd IAT Max | Fwd URG Flags | Fwd Header Length | Max Packet Length | Packet Length Std | Average Packet Size | Init_Win_bytes_forward | Idle Min,3
230,Total Fwd Packets | Fwd Packet Length Max | Fwd Packet Length Min | Fwd Packet Length Std | Bwd Packet Length Min | Flow IAT Mean | Flow IAT Max | Bwd IAT Total | Bwd IAT Mean | Bwd IAT Max | Fwd Packets/s | ECE Flag Count | Active Mean,1
231,Destination Port | Total Fwd Packets | Total Length of Fwd Packets | Bwd Packet Length Mean | Flow IAT Std | Flow IAT Max | Fwd IAT Total | Bwd IAT Min | Bwd Packets/s | Packet Length Mean | ECE Flag Count | act_data_pkt_fwd | Idle Min,3
232,Total Fwd Packets | Total Backward Packets | Total Length of Bwd Packets | Fwd Packet Length Std | Flow IAT Min | Fwd IAT Max | Bwd IAT Min | RST Flag Count | ACK Flag Count | Down/Up Ratio | Average Packet Size | Init_Win_bytes_forward | min_seg_size_forward,5
233,Total Length of Fwd Packets | Bwd Packet Length Min | Bwd IAT Total | Bwd IAT Mean | Fwd PSH Flags | Fwd URG Flags | Packet Length Std | Down/Up Ratio | Init_Win_bytes_forward | Init_Win_bytes_backward | act_data_pkt_fwd | Idle Max | Idle Min,4
234,Destination Port | Bwd Packet Length Max | Bwd Packet Length Min | Bwd Packet Length Mean | Flow IAT Std | Fwd IAT Mean | Fwd IAT Max | Bwd Packets/s | Packet Length Std | Down/Up Ratio | act_data_pkt_fwd | Idle Std | Idle Max,3
235,Flow Duration | Bwd Packet Length Min | Flow IAT Mean | Fwd IAT Total | Fwd IAT Std | Fwd IAT Min | Fwd PSH Flags | Fwd Header Length | Bwd Packets/s | Packet Length Mean | Down/Up Ratio | Active Max | Idle Std,2
236,Flow Duration | Total Fwd Packets | Total Backward Packets | Fwd Packet Length Min | Bwd Packet Length Max | Flow Packets/s | Flow IAT Mean | RST Flag Count | PSH Flag Count | Init_Win_bytes_forward | act_data_pkt_fwd | Active Std | Idle Std,3
237,Total Length of Fwd Packets | Fwd Packet Length Mean | Bwd Packet Length Min | Flow IAT Max | Fwd IAT Min | Fwd PSH Flags | Max Packet Length | PSH Flag Count | ACK Flag Count | URG Flag Count | Init_Win_bytes_forward | Init_Win_bytes_backward | min_seg_size_forward,6
238,Total Length of Bwd Packets | Fwd Packet Length Max | Fwd Packet Length Mean | Fwd Packet Length Std | Bwd Packet Length Std | Flow IAT Max | Fwd IAT Std | Bwd IAT Min | Bwd Header Length | Packet Length Std | URG Flag Count | act_data_pkt_fwd | Idle Min,3
239,Flow Duration | Total Fwd Packets | Total Length of Bwd Packets | Flow Bytes/s | Flow IAT Std | Fwd IAT Mean | Bwd IAT Max | Bwd Packets/s | Min Packet Length | Max Packet Length | Down/Up Ratio | Active Min | Idle Max,2
240,Total Length of Fwd Packets | Fwd Packet Length Max | Fwd Packet Length Min | Bwd Packet Length Min | Flow Bytes/s | Flow Packets/s | Fwd IAT Total | Fwd IAT Min | Bwd IAT Mean | Fwd Header Length | Packet Length Std | Active Std | Idle Mean,2
241,Destination Port | Total Fwd Packets | Fwd Packet Length Std | Flow Bytes/s | Flow IAT Min | Fwd IAT Total | Bwd IAT Std | Bwd IAT Max | Fwd Packets/s | Packet Length Std | URG Flag Count | Average Packet Size | min_seg_size_forward,3
242,Destination Port | Total Backward Packets | Total Length of Fwd Packets | Fwd Packet Length Max | Fwd Packet Length Mean | Flow Packets/s | Fwd IAT Max | Bwd Packets/s | Packet Length Std | ECE Flag Count | Init_Win_bytes_backward | min_seg_size_forward | Idle Mean,3
243,Destination Port | Total Backward Packets | Fwd IAT Mean | Bwd IAT Min | Fwd Packets/s | Max Packet Length | Packet Length Mean | FIN Flag Count | PSH Flag Count | Active Std | Active Min | Idle Std | Idle Min,3
244,Destination Port | Total Length of Bwd Packets | Bwd Packet Length Max | Fwd IAT Std | Fwd URG Flags | Down/Up Ratio | Average Packet Size | Init_Win_bytes_forward | Active Std | Idle Mean | Idle Std | Idle Max | Idle Min,2
245,Total Length of Bwd Packets | Bwd Packet Length Min | Flow Bytes/s | Fwd IAT Std | Bwd IAT Total | Fwd Header Length | Bwd Packets/s | Packet Length Std | FIN Flag Count | Down/Up Ratio | Init_Win_bytes_backward | min_seg_size_forward | Idle Mean,3
246,Flow Duration | Total Backward Packets | Total Length of Bwd Packets | Fwd Packet Length Min | Bwd Packet Length Max | Bwd Packet Length Std | Flow IAT Min | Fwd IAT Total | Fwd IAT Max | URG Flag Count | Active Mean | Active Max | Active Min,2
247,Total Backward Packets | Fwd Packet Length Min | Bwd Packet Length Std | Flow IAT Mean | Flow IAT Max | Flow IAT Min | Fwd PSH Flags | Fwd URG Flags | Bwd Header Length | Max Packet Length | ACK Flag Count | URG Flag Count | Average Packet Size,3
248,Flow Duration | Total Backward Packets | Flow Bytes/s | Flow IAT Std | Flow IAT Max | Bwd IAT Total | Bwd IAT Std | FIN Flag Count | URG Flag Count | Init_Win_bytes_forward | Active Min | Idle Mean | Idle Min,1
249,Destination Port | Bwd Packet Length Max | Flow Packets/s | Bwd IAT Mean | Bwd IAT Max | Fwd URG Flags | Fwd Header Length | Bwd Packets/s | Down/Up Ratio | act_data_pkt_fwd | Active Mean | Idle Mean | Idle Std,2
250,Total Fwd Packets | Total Backward Packets | Bwd Packet Length Min | Flow IAT Max | Flow IAT Min | Fwd IAT Total | Bwd IAT Total | Bwd IAT Max | Min Packet Length | Packet Length Mean | RST Flag Count | URG Flag Count | Init_Win_bytes_forward,5
251,Total Backward Packets | Flow IAT Min | Fwd IAT Mean | Bwd IAT Min | Bwd Header Length | Fwd Packets/s | Bwd Packets/s | Min Packet Length | Max Packet Length | Init_Win_bytes_forward | act_data_pkt_fwd | Active Max | Idle Min,6
252,Total Length of Bwd Packets | Fwd Packet Length Min | Bwd Packet Length Min | Bwd Packet Length Mean | Fwd URG Flags | Min Packet Length | Max Packet Length | Packet Length Mean | RST Flag Count | URG Flag Count | Down/Up Ratio | Idle Max | Idle Min,4
253,Total Length of Bwd Packets | Fwd Packet Length Mean | Bwd Packet Length Max | Flow Bytes/s | Flow IAT Max | Fwd IAT Max | Bwd IAT Min | Fwd URG Flags | Fwd Header Length | Max Packet Length | Init_Win_bytes_forward | Init_Win_bytes_backward | Active Mean,4
254,Destination Port | Bwd Packet Length Min | Bwd Packet Length Mean | Bwd IAT Max | Fwd URG Flags | Fwd Header Length | Bwd Header Length | Fwd Packets/s | PSH Flag Count | URG Flag Count | ECE Flag Count | act_data_pkt_fwd | Idle Max,3
255,Total Fwd Packets | Total Backward Packets | Bwd Packet Length Mean | Bwd Packet Length Std | Flow Bytes/s | Fwd IAT Max | Fwd URG Flags | FIN Flag Count | PSH Flag Count | ACK Flag Count | Average Packet Size | act_data_pkt_fwd | Idle Max,2
256,Total Length of Bwd Packets | Fwd Packet Length Max | Fwd Packet Length Min | Flow Packets/s | Fwd IAT Mean | Fwd Header Length | Bwd Header Length | Packet Length Std | PSH Flag Count | ACK Flag Count | Down/Up Ratio | min_seg_size_forward | Active Max,1
257,Flow Duration | Total Fwd Packets | Fwd Packet Length Std | Bwd Packet Length Max | Bwd Packet Length Std | Flow IAT Mean | Bwd IAT Total | Fwd URG Flags | FIN Flag Count | RST Flag Count | PSH Flag Count | Down/Up Ratio | Average Packet Size,2
258,Flow Duration | Total Fwd Packets | Total Length of Fwd Packets | Fwd Packet Length Min | Flow Bytes/s | Flow Packets/s | Flow IAT Max | Fwd IAT Max | Bwd IAT Min | Fwd Header Length | FIN Flag Count | RST Flag Count | ECE Flag Count,2
259,Destination Port | Total Fwd Packets | Total Backward Packets | Total Length of Fwd Packets | Flow IAT Mean | Fwd IAT Std | Fwd PSH Flags | FIN Flag Count | RST Flag Count | Down/Up Ratio | Average Packet Size | Active Mean | Active Min,2
260,Fwd Packet Length Max | Fwd Packet Length Min | Fwd Packet Length Mean | Fwd Packet Length Std | Bwd Packet Length Mean | Flow IAT Min | Bwd IAT Total | Bwd IAT Mean | Bwd IAT Max | Bwd Header Length | ACK Flag Count | URG Flag Count | Active Std,1
261,Destination Port | Flow Duration | Bwd Packet Length Std | Fwd IAT Total | Fwd IAT Std | Bwd IAT Mean | Bwd IAT Max | Fwd PSH Flags | Max Packet Length | URG Flag Count | act_data_pkt_fwd | Active Mean | Idle Max,4
262,Total Backward Packets | Fwd Packet Length Mean | Fwd Packet Length Std | Flow Bytes/s | Flow IAT Max | Fwd IAT Min | Fwd PSH Flags | Fwd URG Flags | Min Packet Length | Max Packet Length | Active Std | Active Min | Idle Mean,3
263,Total Backward Packets | Fwd Packet Length Max | Fwd Packet Length Std | Bwd Packet Length Max | Fwd IAT Total | Bwd IAT Min | Fwd URG Flags | Max Packet Length | Down/Up Ratio | Active Std | Active Max | Idle Mean | Idle Min,2
264,Flow Duration | Total Fwd Packets | Fwd Packet Length Min | Bwd Packet Length Max | Bwd Packet Length Mean | Flow IAT Std | Fwd IAT Max | Bwd IAT Total | Bwd IAT Max | Bwd Packets/s | Packet Length Std | Active Std | Idle Min,0
265,Fwd Packet Length Max | Fwd Packet Length Std | Bwd Packet Length Mean | Fwd IAT Total | Fwd Header Length | Packet Length Mean | FIN Flag Count | URG Flag Count | Init_Win_bytes_forward | Init_Win_bytes_backward | Active Min | Idle Std | Idle Max,2
266,Total Backward Packets | Fwd Packet Length Max | Bwd Packet Length Std | Flow Bytes/s | Flow Packets/s | Flow IAT Min | Fwd IAT Mean | Fwd IAT Max | Fwd PSH Flags | Bwd Packets/s | Packet Length Std | Average Packet Size | Active Mean,2
267,Fwd Packet Length Min | Bwd Packet Length Mean | Flow IAT Std | Fwd IAT Total | Fwd IAT Min | Bwd IAT Total | Bwd IAT Min | Fwd PSH Flags | Fwd Header Length | Bwd Header Length | URG Flag Count | Down/Up Ratio | Active Std,2
268,Total Length of Fwd Packets | Bwd Packet Length Max | Flow IAT Std | Fwd IAT Total | Fwd IAT Max | Bwd IAT Total | Bwd IAT Mean | Bwd Packets/s | FIN Flag Count | Init_Win_bytes_forward | min_seg_size_forward | Active Max | Idle Min,2
269,Total Backward Packets | Bwd Packet Length Min | Flow IAT Std | Bwd IAT Total | Max Packet Length | Packet Length Std | FIN Flag Count | ACK Flag Count | Average Packet Size | Init_Win_bytes_forward | act_data_pkt_fwd | Active Min | Idle Mean,4
270,Flow Duration | Total Backward Packets | Fwd Packet Length Min | Fwd Packet Length Std | Bwd Packet Length Mean | Fwd IAT Mean | Fwd IAT Min | Bwd IAT Std | Fwd URG Flags | Min Packet Length | ECE Flag Count | Active Mean | Active Min,2
271,Total Length of Fwd Packets | Total Length of Bwd Packets | Fwd Packet Length Std | Bwd Packet Length Min | Bwd Packet Length Mean | Flow Packets/s | Flow IAT Std | Fwd IAT Std | Bwd IAT Std | Fwd PSH Flags | Fwd URG Flags | Max Packet Length | Active Mean,2
272,Total Backward Packets | Total Length of Fwd Packets | Fwd Packet Length Mean | Bwd Packet Length Max | Bwd Packet Length Mean | Flow Bytes/s | Fwd IAT Max | Bwd IAT Std | Fwd URG Flags | Bwd Packets/s | Packet Length Mean | FIN Flag Count | URG Flag Count,0
273,Total Length of Fwd Packets | Total Length of Bwd Packets | Fwd Packet Length Std | Bwd Packet Length Max | Flow Packets/s | Fwd IAT Total | Bwd IAT Min | Packet Length Mean | PSH Flag Count | ECE Flag Count | Init_Win_bytes_forward | Init_Win_bytes_backward | min_seg_size_forward,4
274,Destination Port | Bwd Packet Length Min | Bwd Packet Length Mean | Flow IAT Max | Fwd IAT Total | Fwd IAT Max | Bwd IAT Max | Fwd Header Length | Fwd Packets/s | Bwd Packets/s | Max Packet Length | URG Flag Count | Idle Max,3
275,Destination Port | Total Fwd Packets | Total Length of Fwd Packets | Bwd Packet Length Mean | Fwd IAT Total | Fwd IAT Mean | Min Packet Length | Init_Win_bytes_backward | Active Mean | Active Min | Idle Mean | Idle Max | Idle Min,3
276,Fwd Packet Length Mean | Flow IAT Std | Fwd IAT Total | Fwd IAT Min | Min Packet Length | Max Packet Length | Packet Length Std | FIN Flag Count | ECE Flag Count | Init_Win_bytes_backward | Active Std | Active Max | Active Min,4
277,Flow Duration | Total Backward Packets | Total Length of Bwd Packets | Fwd Packet Length Mean | Bwd Packet Length Max | Bwd Packet Length Min | Bwd Packet Length Mean | Flow IAT Max | Bwd Header Length | Packet Length Mean | Down/Up Ratio | Init_Win_bytes_backward | Active Mean,2
278,Destination Port | Flow Duration | Fwd Packet Length Max | Fwd Packet Length Std | Flow IAT Std | Fwd IAT Max | Bwd IAT Mean | Bwd Header Length | RST Flag Count | PSH Flag Count | Init_Win_bytes_backward | act_data_pkt_fwd | Active Min,4
279,Total Fwd Packets | Fwd Packet Length Mean | Bwd IAT Max | Fwd PSH Flags | Fwd Header Length | Min Packet Length | Packet Length Mean | Packet Length Std | URG Flag Count | Down/Up Ratio | Init_Win_bytes_forward | min_seg_size_forward | Idle Std,3
280,Fwd Packet Length Min | Fwd Packet Length Std | Bwd Packet Length Max | Bwd Packet Length Std | Flow Bytes/s | Fwd IAT Min | Fwd Header Length | Fwd Packets/s | Bwd Packets/s | Packet Length Mean | RST Flag Count | ECE Flag Count | Init_Win_bytes_backward,4
281,Total Fwd Packets | Fwd Packet Length Mean | Flow IAT Mean | Flow IAT Std | Flow IAT Min | Fwd IAT Max | Bwd IAT Mean | Fwd PSH Flags | Max Packet Length | FIN Flag Count | URG Flag Count | ECE Flag Count | Idle Std,2
282,Flow Duration | Fwd Packet Length Min | Fwd IAT Total | Bwd IAT Mean | Bwd IAT Min | Bwd Header Length | Bwd Packets/s | FIN Flag Count | RST Flag Count | PSH Flag Count | act_data_pkt_fwd | Active Max | Idle Min,3
283,Flow Duration | Fwd Packet Length Max | Flow IAT Mean | Fwd IAT Min | Bwd IAT Mean | Bwd IAT Max | Bwd IAT Min | Fwd Packets/s | Packet Length Mean | RST Flag Count | PSH Flag Count | Active Min | Idle Mean,3
284,Destination Port | Total Fwd Packets | Total Length of Fwd Packets | Fwd Packet Length Std | Bwd IAT Mean | Bwd Header Length | Packet Length Std | URG Flag Count | Down/Up Ratio | Average Packet Size | min_seg_size_forward | Active Mean | Idle Mean,2
285,Fwd Packet Length Mean | Flow IAT Std | Flow IAT Max | Fwd IAT Total | Fwd IAT Mean | Bwd IAT Total | Bwd IAT Mean | Bwd IAT Std | Bwd IAT Min | Fwd PSH Flags | Max Packet Length | RST Flag Count | min_seg_size_forward,4
286,Flow Duration | Total Fwd Packets | Total Length of Bwd Packets | Bwd Packet Length Mean | Fwd IAT Min | Bwd IAT Total | Bwd IAT Max | Bwd Header Length | Bwd Packets/s | Min Packet Length | FIN Flag Count | Active Std | Idle Std,2
287,Fwd Packet Length Mean | Bwd Packet Length Std | Flow Bytes/s | Fwd IAT Total | Fwd IAT Mean | Fwd IAT Min | Bwd IAT Max | Max Packet Length | Packet Length Std | RST Flag Count | ACK Flag Count | min_seg_size_forward | Active Std,5
288,Total Fwd Packets | Total Length of Fwd Packets | Bwd Packet Length Mean | Flow Bytes/s | Fwd IAT Max | Bwd IAT Min | Fwd URG Flags | Fwd Header Length | Max Packet Length | RST Flag Count | Active Mean | Idle Mean | Idle Std,3
289,Flow Duration | Total Backward Packets | Fwd Packet Length Min | Fwd Packet Length Mean | Bwd Packet Length Mean | Fwd IAT Max | Fwd IAT Min | Bwd Header Length | Packet Length Std | Down/Up Ratio | Init_Win_bytes_backward | Active Mean | Idle Std,2
290,Flow Duration | Total Length of Bwd Packets | Bwd Packet Length Std | Flow Bytes/s | Flow IAT Max | Fwd IAT Total | Bwd IAT Max | FIN Flag Count | Average Packet Size | Init_Win_bytes_forward | Active Mean | Active Max | Idle Max,2
291,Total Length of Fwd Packets | Fwd Packet Length Max | Bwd Packet Length Min | Bwd Packet Length Std | Flow IAT Std | Bwd IAT Total | Bwd IAT Max | Fwd URG Flags | Packet Length Mean | FIN Flag Count | Active Std | Idle Mean | Idle Max,2
292,Total Length of Bwd Packets | Fwd Packet Length Mean | Bwd Packet Length Max | Bwd Packet Length Std | Flow IAT Mean | Max Packet Length | RST Flag Count | ACK Flag Count | URG Flag Count | Init_Win_bytes_forward | Active Std | Idle Std | Idle Min,4
293,Fwd Packet Length Max | Fwd Packet Length Mean | Flow IAT Max | Fwd IAT Std | Bwd IAT Total | Fwd URG Flags | Max Packet Length | URG Flag Count | Init_Win_bytes_forward | Active Min | Idle Mean | Idle Std | Idle Max,2
294,Destination Port | Flow Duration | Total Backward Packets | Total Length of Bwd Packets | Fwd Packet Length Max | Fwd IAT Total | Fwd IAT Mean | Bwd IAT Min | Bwd Header Length | Min Packet Length | Packet Length Mean | ECE Flag Count | Init_Win_bytes_forward,4
295,Total Fwd Packets | Fwd Packet Length Max | Fwd Packet Length Min | Flow Bytes/s | Flow IAT Std | Fwd IAT Mean | Bwd IAT Total | Bwd IAT Mean | Packet Length Std | PSH Flag Count | Init_Win_bytes_forward | Init_Win_bytes_backward | Active Min,2
296,Flow Duration | Bwd Packet Length Min | Flow Bytes/s | Flow IAT Mean | Fwd IAT Mean | Bwd IAT Std | Max Packet Length | ECE Flag Count | Init_Win_bytes_backward | act_data_pkt_fwd | Active Std | Active Min | Idle Min,4
297,Flow Duration | Fwd Packet Length Max | Flow IAT Max | Fwd IAT Min | Bwd IAT Mean | Bwd IAT Std | Fwd PSH Flags | Fwd Header Length | Fwd Packets/s | ACK Flag Count | ECE Flag Count | Idle Mean | Idle Max,1
298,Fwd Packet Length Max | Fwd Packet Length Min | Flow IAT Mean | Flow IAT Std | Fwd IAT Std | Fwd IAT Min | Bwd IAT Mean | Bwd IAT Std | Bwd Header Length | RST Flag Count | Init_Win_bytes_forward | min_seg_size_forward | Idle Mean,4
299,Bwd Packet Length Min | Bwd Packet Length Mean | Flow IAT Std | Flow IAT Max | Fwd IAT Mean | Bwd IAT Min | Fwd PSH Flags | Min Packet Length | RST Flag Count | Down/Up Ratio | Average Packet Size | act_data_pkt_fwd | Idle Mean,5
300,Destination Port | Fwd Packet Length Std | Flow IAT Std | Bwd IAT Mean | Bwd IAT Min | Fwd PSH Flags | Bwd Header Length | Fwd Packets/s | URG Flag Count | Down/Up Ratio | Average Packet Size | Idle Std | Idle Min,2
301,Destination Port | Fwd Packet Length Mean | Bwd Packet Length Mean | Bwd Packet Length Std | Flow Bytes/s | Fwd IAT Min | Bwd Header Length | Packet Length Std | ACK Flag Count | Init_Win_bytes_forward | Init_Win_bytes_backward | Active Max | Idle Max,5
302,Total Fwd Packets | Total Length of Fwd Packets | Bwd Packet Length Max | Bwd Packet Length Mean | Fwd IAT Total | Fwd URG Flags | Fwd Header Length | Packet Length Mean | FIN Flag Count | Average Packet Size | Active Mean | Idle Mean | Idle Max,0
303,Destination Port | Flow Duration | Fwd Packet Length Max | Fwd Packet Length Min | Fwd Packet Length Mean | Flow Packets/s | Fwd IAT Total | Fwd IAT Mean | Bwd IAT Mean | Fwd Header Length | RST Flag Count | Active Std | Idle Max,2
304,Fwd Packet Length Max | Fwd Packet Length Min | Fwd Packet Length Mean | Bwd Packet Length Max | Fwd IAT Min | Bwd IAT Mean | Bwd Header Length | Bwd Packets/s | Packet Length Mean | PSH Flag Count | URG Flag Count | Down/Up Ratio | min_seg_size_forward,2
305,Flow Duration | Fwd Packet Length Max | Bwd Packet Length Max | Flow Packets/s | Bwd IAT Min | Bwd Header Length | URG Flag Count | ECE Flag Count | Down/Up Ratio | Active Std | Active Min | Idle Mean | Idle Max,1
306,Total Backward Packets | Fwd Packet Length Mean | Bwd Packet Length Max | Flow IAT Mean | Bwd IAT Max | Bwd IAT Min | Fwd URG Flags | Max Packet Length | Packet Length Std | RST Flag Count | Init_Win_bytes_forward | Active Min | Idle Std,4
307,Total Length of Bwd Packets | Fwd Packet Length Max | Fwd Packet Length Min | Flow Bytes/s | Flow IAT Max | Fwd IAT Total | Fwd IAT Std | Bwd IAT Max | RST Flag Count | ACK Flag Count | Init_Win_bytes_forward | Active Std | Idle Max,2
308,Total Length of Bwd Packets | Fwd Packet Length Max | Fwd Packet Length Mean | Fwd IAT Total | Bwd IAT Total | Bwd IAT Max | Fwd PSH Flags | FIN Flag Count | Init_Win_bytes_backward | act_data_pkt_fwd | min_seg_size_forward | Active Mean | Idle Mean,3
309,Total Length of Bwd Packets | Fwd Packet Length Mean | Flow IAT Mean | Flow IAT Std | Fwd IAT Std | Bwd IAT Total | Packet Length Mean | Packet Length Std | FIN Flag Count | ACK Flag Count | URG Flag Count | min_seg_size_forward | Idle Min,1
310,Total Backward Packets | Fwd Packet Length Max | Flow IAT Std | Fwd IAT Total | Bwd IAT Mean | Bwd IAT Max | Bwd IAT Min | Fwd URG Flags | Packet Length Std | URG Flag Count | act_data_pkt_fwd | min_seg_size_forward | Idle Min,3
311,Fwd Packet Length Min | Flow Packets/s | Bwd IAT Mean | Bwd IAT Min | Min Packet Length | Packet Length Mean | Packet Length Std | FIN Flag Count | ACK Flag Count | Average Packet Size | Init_Win_bytes_forward | Init_Win_bytes_backward | Active Max,4
312,Total Fwd Packets | Total Backward Packets | Fwd Packet Length Std | Flow Packets/s | Flow IAT Std | Fwd IAT Mean | Bwd IAT Total | Fwd URG Flags | Packet Length Mean | ECE Flag Count | Active Mean | Active Std | Active Min,0
313,Fwd Packet Length Min | Fwd Packet Length Mean | Flow Bytes/s | Flow IAT Mean | Flow IAT Std | Fwd IAT Mean | Bwd Header Length | Packet Length Mean | PSH Flag Count | ACK Flag Count | Active Min | Idle Mean | Idle Std,0
314,Flow Duration | Total Backward Packets | Bwd Packet Length Min | Bwd Packet Length Mean | Flow IAT Max | Fwd IAT Total | Fwd IAT Std | Fwd IAT Max | ACK Flag Count | Init_Win_bytes_backward | Active Mean | Active Max | Idle Max,2
315,Flow Duration | Total Fwd Packets | Fwd Packet Length Max | Bwd Packet Length Mean | Flow Bytes/s | Flow IAT Min | Fwd IAT Std | Fwd IAT Max | Bwd IAT Total | Bwd IAT Std | act_data_pkt_fwd | Active Mean | Idle Mean,2
316,Destination Port | Flow Duration | Bwd Packet Length Mean | Flow Bytes/s | Bwd IAT Mean | Fwd Header Length | Bwd Header Length | Bwd Packets/s | RST Flag Count | Down/Up Ratio | Active Max | Idle Mean | Idle Max,2
317,Total Length of Bwd Packets | Fwd Packet Length Min | Bwd Packet Length Mean | Bwd IAT Total | Fwd Header Length | Bwd Header Length | Max Packet Length | RST Flag Count | ACK Flag Count | Active Min | Idle Mean | Idle Max | Idle Min,2
318,Total Backward Packets | Total Length of Fwd Packets | Bwd Packet Length Mean | Flow Packets/s | Flow IAT Max | Fwd IAT Min | Bwd IAT Total | Bwd IAT Min | Fwd URG Flags | Fwd Header Length | ACK Flag Count | Idle Std | Idle Max,2
319,Destination Port | Total Length of Bwd Packets | Bwd Packet Length Mean | Fwd IAT Total | Fwd IAT Mean | Bwd IAT Total | Bwd IAT Std | Packet Length Mean | FIN Flag Count | Average Packet Size | Active Max | Active Min | Idle Max,1
320,Flow Duration | Bwd Packet Length Max | Flow IAT Mean | Bwd IAT Std | Bwd Header Length | Fwd Packets/s | Min Packet Length | Packet Length Std | RST Flag Count | URG Flag Count | act_data_pkt_fwd | Active Min | Idle Max,3
321,Total Length of Bwd Packets | Fwd Packet Length Min | Bwd Packet Length Std | Flow IAT Min | Fwd IAT Total | Fwd IAT Mean | Bwd IAT Mean | Fwd Packets/s | Packet Length Mean | Packet Length Std | ACK Flag Count | Idle Mean | Idle Std,2
322,Destination Port | Flow Duration | Total Backward Packets | Total Length of Fwd Packets | Bwd Packet Length Min | Flow Bytes/s | Fwd IAT Mean | Fwd IAT Max | Bwd IAT Total | Fwd Packets/s | ACK Flag Count | URG Flag Count | min_seg_size_forward,3
323,Total Length of Fwd Packets | Total Length of Bwd Packets | Bwd Packet Length Max | Bwd Packet Length Min | Flow Bytes/s | Fwd IAT Mean | Bwd IAT Total | Bwd IAT Std | Bwd Header Length | Packet Length Std | ECE Flag Count | act_data_pkt_fwd | Active Mean,2
324,Destination Port | Flow Duration | Total Length of Bwd Packets | Fwd Packet Length Max | Fwd Packet Length Std | Bwd Packet Length Max | Flow IAT Mean | Flow IAT Max | Bwd IAT Max | Fwd URG Flags | Min Packet Length | Down/Up Ratio | act_data_pkt_fwd,3
325,Fwd Packet Length Mean | Bwd IAT Std | Bwd IAT Min | Bwd Header Length | Min Packet Length | Packet Length Mean | URG Flag Count | Average Packet Size | min_seg_size_forward | Active Mean | Active Max | Idle Mean | Idle Max,3
326,Total Backward Packets | Total Length of Fwd Packets | Total Length of Bwd Packets | Fwd Packet Length Max | Bwd Packet Length Max | Bwd Packet Length Std | Flow Bytes/s | Fwd IAT Mean | Fwd IAT Std | Bwd IAT Total | Bwd Packets/s | Init_Win_bytes_forward | Init_Win_bytes_backward,3
327,Total Fwd Packets | Fwd Packet Length Max | Bwd Packet Length Min | Bwd Packet Length Mean | Flow IAT Std | Fwd IAT Mean | Min Packet Length | Down/Up Ratio | Average Packet Size | Active Std | Active Max | Idle Mean | Idle Std,2
328,Flow Duration | Fwd Packet Length Mean | Bwd Packet Length Max | Flow IAT Mean | Fwd IAT Total | Fwd IAT Std | Bwd IAT Max | Max Packet Length | Packet Length Mean | FIN Flag Count | PSH Flag Count | Average Packet Size | Idle Mean,1
329,Destination Port | Total Length of Fwd Packets | Bwd Packet Length Min | Flow IAT Mean | Fwd IAT Std | Fwd IAT Min | Bwd Header Length | Max Packet Length | PSH Flag Count | Active Mean | Active Min | Idle Max | Idle Min,4
330,Fwd Packet Length Mean | Fwd Packet Length Std | Flow Packets/s | Flow IAT Std | Fwd IAT Total | Bwd Header Length | Bwd Packets/s | Min Packet Length | Packet Length Std | RST Flag Count | min_seg_size_forward | Active Max | Idle Max,3
331,Total Length of Bwd Packets | Bwd Packet Length Mean | Fwd IAT Std | Bwd IAT Total | Bwd IAT Mean | Bwd IAT Min | Bwd Packets/s | Min Packet Length | Packet Length Mean | FIN Flag Count | PSH Flag Count | Active Std | Active Max,2
332,Flow Duration | Total Fwd Packets | Bwd Packet Length Min | Flow IAT Min | Fwd IAT Mean | Fwd IAT Std | Fwd IAT Max | Fwd IAT Min | Bwd IAT Mean | Fwd Header Length | Bwd Packets/s | PSH Flag Count | Down/Up Ratio,3
333,Total Backward Packets | Bwd Packet Length Min | Fwd IAT Std | Bwd IAT Total | Bwd IAT Min | Fwd Header Length | FIN Flag Count | PSH Flag Count | Init_Win_bytes_backward | act_data_pkt_fwd | Active Mean | Idle Mean | Idle Min,4
334,Flow Duration | Total Fwd Packets | Total Length of Bwd Packets | Fwd Packet Length Min | Fwd Packet Length Mean | Bwd Packet Length Min | Flow IAT Mean | Flow IAT Max | Flow IAT Min | RST Flag Count | URG Flag Count | Active Min | Idle Std,3
335,Flow Duration | Total Backward Packets | Bwd Packet Length Std | Flow IAT Std | Fwd Header Length | Fwd Packets/s | Min Packet Length | FIN Flag Count | ACK Flag Count | Average Packet Size | Init_Win_bytes_forward | Init_Win_bytes_backward | act_data_pkt_fwd,5
336,Total Backward Packets | Total Length of Fwd Packets | Fwd Packet Length Max | Fwd Packet Length Std | Bwd Packet Length Std | Fwd IAT Max | Bwd IAT Max | Min Packet Length | Packet Length Std | PSH Flag Count | min_seg_size_forward | Active Max | Idle Mean,3
337,Total Fwd Packets | Total Backward Packets | Fwd Packet Length Min | Fwd Packet Length Mean | Flow IAT Std | Flow IAT Min | Fwd IAT Min | Bwd IAT Max | Fwd URG Flags | Bwd Header Length | Down/Up Ratio | Init_Win_bytes_forward | min_seg_size_forward,4
338,Destination Port | Flow Duration | Bwd Packet Length Max | Bwd Packet Length Mean | Bwd Packet Length Std | Flow IAT Std | Fwd IAT Total | Fwd IAT Min | Bwd IAT Mean | Fwd Packets/s | Init_Win_bytes_backward | Active Min | Idle Mean,4
339,Bwd Packet Length Max | Bwd Packet Length Min | Flow IAT Min | Bwd IAT Std | Min Packet Length | Packet Length Mean | FIN Flag Count | Average Packet Size | min_seg_size_forward | Active Std | Active Min | Idle Mean | Idle Min,4
340,Flow Duration | Fwd Packet Length Max | Fwd Packet Length Mean | Bwd Packet Length Max | Flow Bytes/s | Flow Packets/s | Flow IAT Mean | Flow IAT Std | Max Packet Length | ECE Flag Count | Init_Win_bytes_backward | act_data_pkt_fwd | Active Max,3
341,Destination Port | Total Backward Packets | Total Length of Bwd Packets | Fwd IAT Max | Fwd IAT Min | Bwd IAT Std | Min Packet Length | Down/Up Ratio | Init_Win_bytes_forward | Active Max | Active Min | Idle Std | Idle Min,4
342,Destination Port | Fwd Packet Length Std | Flow IAT Mean | Flow IAT Std | Bwd IAT Std | Bwd IAT Min | Fwd Header Length | URG Flag Count | Down/Up Ratio | act_data_pkt_fwd | min_seg_size_forward | Active Max | Idle Mean,4
343,Destination Port | Total Length of Bwd Packets | Bwd Packet Length Mean | Flow Bytes/s | Flow IAT Mean | Flow IAT Std | Fwd IAT Total | Bwd IAT Total | Bwd Header Length | Max Packet Length | URG Flag Count | Active Max | Idle Max,2
344,Total Backward Packets | Fwd Packet Length Max | Fwd Packet Length Mean | Bwd Packet Length Std | Flow Packets/s | Flow IAT Std | Bwd IAT Std | Bwd IAT Max | Fwd Header Length | Packet Length Mean | RST Flag Count | Active Max | Idle Mean,2
345,Destination Port | Fwd Packet Length Max | Fwd Packet Length Min | Flow IAT Std | Bwd IAT Mean | Bwd IAT Std | Fwd Header Length | Fwd Packets/s | Down/Up Ratio | Average Packet Size | Active Mean | Active Max | Active Min,1
346,Total Length of Fwd Packets | Total Length of Bwd Packets | Fwd Packet Length Max | Flow IAT Max | Bwd IAT Mean | Bwd IAT Std | Fwd PSH Flags | Bwd Header Length | FIN Flag Count | RST Flag Count | PSH Flag Count | Init_Win_bytes_forward | min_seg_size_forward,3
347,Total Fwd Packets | Fwd Packet Length Min | Flow Bytes/s | Flow IAT Std | Bwd IAT Total | Bwd IAT Std | Fwd URG Flags | Bwd Header Length | Fwd Packets/s | Bwd Packets/s | Min Packet Length | Active Mean | Idle Max,1
348,Total Length of Fwd Packets | Fwd Packet Length Mean | Bwd Packet Length Max | Bwd Packet Length Min | Flow Packets/s | Fwd IAT Max | Fwd Header Length | Max Packet Length | Packet Length Mean | ACK Flag Count | Down/Up Ratio | Active Mean | Active Max,2
349,Flow Duration | Fwd Packet Length Max | Bwd Packet Length Std | Flow IAT Max | Fwd IAT Std | Bwd IAT Min | Bwd Packets/s | FIN Flag Count | ECE Flag Count | Down/Up Ratio | Average Packet Size | min_seg_size_forward | Active Min,3
350,Flow Duration | Total Length of Bwd Packets | Bwd Packet Length Max | Flow IAT Mean | Flow IAT Min | Fwd IAT Max | Bwd IAT Max | Fwd Header Length | Bwd Packets/s | FIN Flag Count | PSH Flag Count | ECE Flag Count | Idle Std,1
351,Total Fwd Packets | Fwd Packet Length Mean | Flow Bytes/s | Flow IAT Max | Fwd IAT Max | Fwd IAT Min | Bwd IAT Std | Bwd IAT Min | Bwd Packets/s | Max Packet Length | Packet Length Mean | min_seg_size_forward | Active Min,4
352,Flow Duration | Total Backward Packets | Total Length of Fwd Packets | Fwd Packet Length Max | Bwd Packet Length Max | Fwd IAT Std | Fwd Packets/s | Min Packet Length | Max Packet Length | FIN Flag Count | ACK Flag Count | Active Mean | Active Max,2
353,Destination Port | Flow Duration | Total Backward Packets | Fwd Packet Length Std | Flow IAT Mean | Fwd Packets/s | Bwd Packets/s | Max Packet Length | Packet Length Std | PSH Flag Count | Average Packet Size | min_seg_size_forward | Active Std,3
354,Bwd Packet Length Std | Flow Packets/s | Fwd IAT Total | Fwd IAT Min | Fwd PSH Flags | Fwd Header Length | Bwd Packets/s | PSH Flag Count | ACK Flag Count | ECE Flag Count | Average Packet Size | Active Mean | Idle Min,2
355,Fwd Packet Length Mean | Bwd Packet Length Max | Flow IAT Min | Fwd IAT Total | Fwd IAT Max | Bwd IAT Std | Bwd IAT Min | Fwd URG Flags | Bwd Packets/s | Min Packet Length | Packet Length Std | Init_Win_bytes_backward | Idle Std,4
356,Total Length of Fwd Packets | Bwd Packet Length Min | Flow IAT Min | Fwd IAT Total | Fwd IAT Std | Bwd IAT Min | Fwd Header Length | Bwd Header Length | Min Packet Length | FIN Flag Count | Init_Win_bytes_backward | Active Min | Idle Min,5
357,Total Backward Packets | Fwd Packet Length Max | Bwd Packet Length Std | Flow Bytes/s | Flow IAT Max | Fwd IAT Total | Fwd IAT Max | Bwd IAT Mean | Fwd PSH Flags | Fwd Packets/s | Min Packet Length | Init_Win_bytes_backward | Active Min,3
358,Flow Duration | Bwd Packet Length Min | Fwd IAT Max | Bwd IAT Min | Fwd Header Length | FIN Flag Count | RST Flag Count | URG Flag Count | ECE Flag Count | Init_Win_bytes_forward | Init_Win_bytes_backward | Active Std | Idle Max,5
359,Flow Duration | Flow Packets/s | Flow IAT Min | Bwd IAT Std | Fwd URG Flags | Bwd Packets/s | Packet Length Mean | FIN Flag Count | ACK Flag Count | Average Packet Size | Init_Win_bytes_forward | Idle Std | Idle Max,2
360,Total Length of Fwd Packets | Fwd Packet Length Max | Bwd Packet Length Std | Flow Packets/s | Flow IAT Max | Flow IAT Min | Min Packet Length | PSH Flag Count | ACK Flag Count | URG Flag Count | Average Packet Size | Init_Win_bytes_backward | Active Max,4
361,Total Length of Fwd Packets | Bwd Packet Length Max | Bwd Packet Length Std | Flow Packets/s | Fwd IAT Max | RST Flag Count | URG Flag Count | act_data_pkt_fwd | min_seg_size_forward | Active Std | Active Max | Active Min | Idle Std,4
362,Total Fwd Packets | Flow IAT Std | Fwd IAT Mean | Fwd IAT Max | Bwd IAT Max | Fwd URG Flags | Min Packet Length | FIN Flag Count | URG Flag Count | ECE Flag Count | Active Std | Active Max | Idle Min,1
363,Total Length of Bwd Packets | Fwd Packet Length Max | Flow IAT Std | Flow IAT Min | Fwd IAT Max | Bwd IAT Std | Min Packet Length | Max Packet Length | RST Flag Count | PSH Flag Count | Init_Win_bytes_forward | Idle Mean | Idle Std,5
364,Total Length of Fwd Packets | Fwd Packet Length Min | Flow Packets/s | Fwd IAT Std | Bwd IAT Std | Bwd IAT Max | Fwd Packets/s | URG Flag Count | ECE Flag Count | Down/Up Ratio | Average Packet Size | Init_Win_bytes_backward | Active Mean,1
365,Destination Port | Total Length of Fwd Packets | Bwd Packet Length Max | Bwd Packet Length Std | Flow IAT Max | Fwd IAT Max | Bwd IAT Total | Bwd IAT Max | Bwd IAT Min | Max Packet Length | FIN Flag Count | Init_Win_bytes_backward | Active Max,5
366,Destination Port | Flow Duration | Total Backward Packets | Bwd Packet Length Mean | Flow Bytes/s | Fwd IAT Std | Bwd IAT Total | Bwd IAT Std | Packet Length Std | FIN Flag Count | Down/Up Ratio | Average Packet Size | Active Min,1
367,Flow Duration | Total Backward Packets | Total Length of Fwd Packets | Fwd Packet Length Min | Bwd Packet Length Max | Bwd Packet Length Mean | Flow Packets/s | Bwd IAT Max | Bwd IAT Min | Down/Up Ratio | Init_Win_bytes_backward | Active Max | Active Min,2
368,Total Length of Fwd Packets | Fwd Packet Length Max | Flow Bytes/s | Fwd IAT Min | Bwd IAT Mean | Bwd Packets/s | Min Packet Length | PSH Flag Count | Down/Up Ratio | Average Packet Size | Init_Win_bytes_backward | Active Std | Idle Min,3
369,Flow Duration | Total Length of Fwd Packets | Fwd Packet Length Min | Bwd Packet Length Max | Bwd Packet Length Mean | Flow Packets/s | Fwd IAT Max | Bwd IAT Total | Bwd IAT Std | Fwd Packets/s | PSH Flag Count | Active Min | Idle Min,0
370,Total Length of Bwd Packets | Fwd Packet Length Min | Fwd Packet Length Std | Flow Packets/s | Fwd IAT Mean | Bwd IAT Max | Fwd PSH Flags | Min Packet Length | ACK Flag Count | Init_Win_bytes_forward | min_seg_size_forward | Active Min | Idle Max,3
371,Total Fwd Packets | Total Length of Fwd Packets | Total Length of Bwd Packets | Fwd Packet Length Max | Fwd Packet Length Min | Flow Packets/s | Flow IAT Max | Fwd IAT Std | Bwd IAT Std | Bwd Packets/s | Min Packet Length | Average Packet Size | act_data_pkt_fwd,2
372,Total Fwd Packets | Total Backward Packets | Fwd Packet Length Min | Fwd Packet Length Std | Fwd IAT Min | Bwd IAT Mean | Packet Length Std | PSH Flag Count | ACK Flag Count | Average Packet Size | Init_Win_bytes_forward | Idle Std | Idle Max,2
373,Total Length of Bwd Packets | Fwd Packet Length Std | Flow Packets/s | Flow IAT Mean | Flow IAT Min | Bwd IAT Min | Fwd Packets/s | Bwd Packets/s | RST Flag Count | PSH Flag Count | ACK Flag Count | Init_Win_bytes_forward | Active Max,4
374,Flow Duration | Fwd Packet Length Mean | Fwd Packet Length Std | Bwd Packet Length Min | Flow Bytes/s | Fwd IAT Mean | Fwd IAT Std | Fwd Header Length | Min Packet Length | Init_Win_bytes_forward | Active Max | Idle Mean | Idle Min,3
375,Flow Duration | Bwd Packet Length Std | Flow IAT Min | Fwd IAT Mean | Fwd IAT Std | Bwd IAT Max | Fwd PSH Flags | Bwd Packets/s | Packet Length Mean | PSH Flag Count | ECE Flag Count | Down/Up Ratio | Active Min,2
376,Destination Port | Fwd Packet Length Mean | Bwd Packet Length Max | Bwd Packet Length Min | Fwd IAT Total | Fwd IAT Mean | Fwd PSH Flags | Fwd Header Length | Fwd Packets/s | Min Packet Length | Max Packet Length | ECE Flag Count | act_data_pkt_fwd,5
377,Destination Port | Flow Duration | Fwd Packet Length Max | Fwd Packet Length Min | Bwd Packet Length Max | Flow Packets/s | Flow IAT Mean | Fwd PSH Flags | FIN Flag Count | Down/Up Ratio | Init_Win_bytes_forward | Init_Win_bytes_backward | min_seg_size_forward,4
378,Total Backward Packets | Fwd Packet Length Max | Bwd Packet Length Max | Bwd Packet Length Mean | Flow IAT Mean | Bwd IAT Total | Fwd PSH Flags | Bwd Packets/s | Max Packet Length | Packet Length Std | PSH Flag Count | URG Flag Count | Active Std,1
379,Total Length of Fwd Packets | Total Length of Bwd Packets | Flow Bytes/s | Fwd IAT Total | Fwd IAT Std | Bwd IAT Total | Bwd IAT Std | Fwd PSH Flags | Fwd Packets/s | ECE Flag Count | Average Packet Size | act_data_pkt_fwd | Idle Mean,1
380,Total Fwd Packets | Bwd Packet Length Mean | Flow Bytes/s | Fwd IAT Total | Bwd IAT Max | Fwd PSH Flags | Fwd Packets/s | Bwd Packets/s | Packet Length Std | RST Flag Count | PSH Flag Count | Init_Win_bytes_forward | Idle Mean,2
381,Destination Port | Bwd Packet Length Mean | Flow Bytes/s | Fwd IAT Total | Bwd IAT Min | Fwd URG Flags | Bwd Packets/s | Min Packet Length | URG Flag Count | ECE Flag Count | Average Packet Size | Init_Win_bytes_forward | Idle Std,4
382,Total Fwd Packets | Bwd Packet Length Max | Bwd Packet Length Mean | Fwd IAT Std | Bwd IAT Total | Bwd IAT Min | Fwd URG Flags | Bwd Packets/s | FIN Flag Count | Init_Win_bytes_forward | Active Std | Active Max | Idle Min,2
383,Fwd Packet Length Min | Fwd Packet Length Mean | Fwd Packet Length Std | Bwd Packet Length Min | Flow IAT Min | Fwd IAT Min | Bwd IAT Std | Bwd IAT Max | RST Flag Count | ACK Flag Count | Init_Win_bytes_forward | act_data_pkt_fwd | Active Min,6
384,Bwd Packet Length Min | Flow IAT Std | Flow IAT Min | Bwd IAT Total | Bwd IAT Mean | Fwd Header Length | Bwd Header Length | Fwd Packets/s | Max Packet Length | PSH Flag Count | min_seg_size_forward | Idle Mean | Idle Min,4
385,Total Length of Bwd Packets | Fwd Packet Length Min | Fwd Packet Length Mean | Bwd Packet Length Min | Flow IAT Std | Fwd IAT Std | Fwd PSH Flags | Fwd URG Flags | Fwd Header Length | FIN Flag Count | Init_Win_bytes_backward | Active Mean | Active Min,2
386,Flow Duration | Total Fwd Packets | Fwd Packet Length Mean | Flow IAT Mean | Fwd IAT Mean | Bwd IAT Max | Fwd Packets/s | Packet Length Mean | URG Flag Count | ECE Flag Count | Init_Win_bytes_forward | act_data_pkt_fwd | Active Max,2
387,Destination Port | Flow Duration | Flow Bytes/s | Flow IAT Mean | Fwd IAT Min | Bwd IAT Min | Bwd Packets/s | Packet Length Mean | URG Flag Count | Average Packet Size | Init_Win_bytes_backward | Idle Mean | Idle Min,4
388,Total Length of Bwd Packets | Fwd Packet Length Max | Bwd IAT Total | Bwd IAT Std | Bwd IAT Min | Fwd PSH Flags | Fwd URG Flags | Bwd Header Length | Packet Length Std | Down/Up Ratio | Init_Win_bytes_forward | act_data_pkt_fwd | Idle Max,3
389,Fwd Packet Length Mean | Bwd Packet Length Max | Flow Bytes/s | Fwd IAT Total | Fwd IAT Max | Bwd IAT Mean | Bwd IAT Std | Bwd IAT Max | Bwd Packets/s | Packet Length Std | ACK Flag Count | Init_Win_bytes_backward | Active Mean,1
390,Fwd Packet Length Std | Bwd Packet Length Max | Bwd Packet Length Mean | Flow IAT Mean | Fwd IAT Std | Bwd IAT Min | Bwd Packets/s | RST Flag Count | Init_Win_bytes_backward | min_seg_size_forward | Active Mean | Active Min | Idle Std,4
391,Total Fwd Packets | Fwd Packet Length Mean | Bwd Packet Length Std | Flow Bytes/s | Flow IAT Max | Fwd IAT Total | Fwd IAT Mean | Fwd Header Length | Packet Length Std | PSH Flag Count | Init_Win_bytes_backward | Idle Mean | Idle Std,2
392,Total Length of Fwd Packets | Bwd Packet Length Mean | Flow IAT Mean | Fwd IAT Total | Fwd IAT Max | Fwd IAT Min | Bwd Header Length | FIN Flag Count | Down/Up Ratio | Average Packet Size | Init_Win_bytes_forward | Init_Win_bytes_backward | Active Max,3
393,Fwd Packet Length Min | Bwd Packet Length Max | Flow Bytes/s | Flow Packets/s | Flow IAT Mean | Fwd URG Flags | Bwd Packets/s | FIN Flag Count | RST Flag Count | PSH Flag Count | Init_Win_bytes_forward | act_data_pkt_fwd | Active Mean,3
394,Fwd Packet Length Max | Fwd Packet Length Mean | Bwd Packet Length Std | Flow IAT Std | Fwd IAT Min | Bwd IAT Total | Fwd Header Length | Bwd Packets/s | RST Flag Count | Init_Win_bytes_forward | Init_Win_bytes_backward | act_data_pkt_fwd | Active Std,6
395,Total Backward Packets | Fwd Packet Length Min | Fwd Packet Length Std | Bwd Packet Length Mean | Flow Packets/s | Flow IAT Std | Flow IAT Max | Fwd IAT Std | Bwd Header Length | Packet Length Mean | URG Flag Count | act_data_pkt_fwd | Active Max,1
396,Flow Duration | Total Backward Packets | Fwd Packet Length Max | Fwd Packet Length Min | Bwd Packet Length Max | Flow IAT Std | Bwd IAT Min | Fwd Header Length | Packet Length Std | FIN Flag Count | RST Flag Count | Down/Up Ratio | Init_Win_bytes_forward,3
397,Flow Duration | Total Length of Bwd Packets | Bwd Packet Length Std | Fwd IAT Min | Bwd IAT Total | Fwd URG Flags | Fwd Header Length | Bwd Header Length | Max Packet Length | Packet Length Mean | RST Flag Count | act_data_pkt_fwd | Active Min,5
398,Fwd Packet Length Max | Fwd Packet Length Std | Bwd Packet Length Std | Fwd IAT Mean | Fwd PSH Flags | Fwd URG Flags | RST Flag Count | ACK Flag Count | Down/Up Ratio | Active Mean | Active Max | Active Min | Idle Mean,2
399,Fwd Packet Length Std | Bwd Packet Length Min | Bwd Packet Length Std | Flow IAT Min | Fwd IAT Mean | Bwd IAT Total | Fwd PSH Flags | Fwd Packets/s | Max Packet Length | FIN Flag Count | RST Flag Count | Active Std | Active Max,5
400,Fwd Packet Length Max | Fwd Packet Length Min | Bwd Packet Length Mean | Flow Bytes/s | Fwd IAT Std | Bwd IAT Total | Fwd URG Flags | Min Packet Length | FIN Flag Count | PSH Flag Count | Down/Up Ratio | Init_Win_bytes_forward | Idle Mean,2
401,Flow Duration | Total Length of Fwd Packets | Total Length of Bwd Packets | Fwd Packet Length Min | Fwd Packet Length Mean | Bwd Packet Length Min | Bwd Packet Length Std | Flow IAT Max | Fwd IAT Total | Bwd Header Length | ACK Flag Count | URG Flag Count | Idle Min,2
402,Bwd Packet Length Mean | Bwd Packet Length Std | Flow Packets/s | Flow IAT Max | Flow IAT Min | Fwd IAT Total | Fwd IAT Mean | Fwd IAT Min | Fwd Packets/s | Packet Length Mean | FIN Flag Count | URG Flag Count | act_data_pkt_fwd,4
403,Total Length of Bwd Packets | Bwd Packet Length Mean | Flow IAT Std | Flow IAT Max | Bwd Header Length | FIN Flag Count | ACK Flag Count | Init_Win_bytes_backward | act_data_pkt_fwd | min_seg_size_forward | Active Mean | Active Max | Active Min,3
404,Fwd Packet Length Max | Fwd Packet Length Min | Flow Bytes/s | Flow Packets/s | Flow IAT Std | Fwd IAT Std | Fwd Packets/s | Packet Length Mean | Packet Length Std | FIN Flag Count | ECE Flag Count | Init_Win_bytes_forward | Idle Std,1
405,Total Backward Packets | Fwd Packet Length Mean | Bwd Packet Length Std | Flow Packets/s | Flow IAT Mean | Flow IAT Max | Fwd IAT Mean | Fwd Header Length | Bwd Header Length | Init_Win_bytes_backward | Active Mean | Idle Std | Idle Max,2
406,Destination Port | Total Length of Fwd Packets | Total Length of Bwd Packets | Flow IAT Min | FIN Flag Count | Init_Win_bytes_backward | min_seg_size_forward | Active Mean | Active Std | Active Max | Active Min | Idle Std | Idle Max,4
407,Fwd Packet Length Mean | Fwd Packet Length Std | Bwd Packet Length Std | Flow Packets/s | Fwd IAT Total | Fwd IAT Mean | Fwd IAT Max | Bwd IAT Std | PSH Flag Count | URG Flag Count | ECE Flag Count | Active Mean | Idle Max,1
408,Destination Port | Total Length of Fwd Packets | Fwd Packet Length Max | Bwd Packet Length Max | Bwd Packet Length Mean | Flow Packets/s | Fwd Header Length | Bwd Packets/s | Min Packet Length | PSH Flag Count | Init_Win_bytes_forward | Active Max | Idle Max,3
409,Destination Port | Fwd Packet Length Mean | Bwd Packet Length Min | Fwd IAT Total | Fwd IAT Max | Max Packet Length | FIN Flag Count | ECE Flag Count | Down/Up Ratio | act_data_pkt_fwd | Active Max | Active Min | Idle Mean,4
410,Total Fwd Packets | Flow Packets/s | Fwd IAT Mean | Bwd IAT Total | Bwd IAT Mean | Bwd Packets/s | Min Packet Length | Max Packet Length | Packet Length Std | URG Flag Count | Average Packet Size | Active Std | Active Min,2
411,Total Backward Packets | Total Length of Fwd Packets | Total Length of Bwd Packets | Bwd Packet Length Max | Flow IAT Std | Flow IAT Max | Fwd IAT Max | Bwd IAT Mean | Bwd IAT Min | Fwd Header Length | Min Packet Length | act_data_pkt_fwd | Active Std,3
412,Destination Port | Fwd Packet Length Mean | Bwd Packet Length Max | Flow IAT Mean | Flow IAT Std | Fwd IAT Min | Packet Length Std | ECE Flag Count | Average Packet Size | Init_Win_bytes_backward | Active Mean | Active Std | Idle Mean,3
413,Flow Duration | Bwd Packet Length Min | Bwd Packet Length Std | Fwd IAT Total | Bwd IAT Total | Bwd IAT Min | Fwd PSH Flags | Fwd Header Length | Bwd Header Length | URG Flag Count | Active Mean | Idle Std | Idle Min,3
414,Flow Duration | Fwd IAT Total | Bwd IAT Mean | Bwd IAT Min | Fwd PSH Flags | Fwd Header Length | Packet Length Mean | Packet Length Std | URG Flag Count | Init_Win_bytes_forward | min_seg_size_forward | Active Std | Idle Min,3
415,Total Length of Fwd Packets | Total Length of Bwd Packets | Flow Packets/s | Flow IAT Min | Fwd IAT Mean | Fwd IAT Max | Bwd IAT Std | Bwd IAT Max | Fwd URG Flags | Fwd Header Length | RST Flag Count | Active Mean | Idle Max,2
416,Flow Duration | Total Backward Packets | Bwd Packet Length Min | Flow Bytes/s | Flow IAT Std | Flow IAT Max | Fwd IAT Mean | Fwd IAT Min | Bwd IAT Mean | Fwd PSH Flags | Fwd Header Length | min_seg_size_forward | Active Min,3
417,Flow Duration | Fwd Packet Length Mean | Bwd Packet Length Std | Flow Bytes/s | Flow IAT Mean | Flow IAT Max | Fwd URG Flags | Bwd Header Length | Bwd Packets/s | Min Packet Length | Init_Win_bytes_forward | Active Std | Active Max,3
418,Fwd Packet Length Max | Flow IAT Std | Flow IAT Min | Fwd PSH Flags | Fwd URG Flags | Bwd Header Length | Max Packet Length | Packet Length Mean | FIN Flag Count | Average Packet Size | Init_Win_bytes_forward | Active Mean | Active Max,3
419,Flow Bytes/s | Flow IAT Min | Fwd IAT Max | Bwd IAT Mean | Bwd IAT Min | Bwd Header Length | Packet Length Mean | RST Flag Count | PSH Flag Count | ACK Flag Count | Down/Up Ratio | Init_Win_bytes_forward | Idle Min,4
420,Total Fwd Packets | Bwd Packet Length Std | Flow IAT Min | Fwd IAT Max | Fwd IAT Min | Bwd IAT Mean | Bwd IAT Min | Fwd Packets/s | Bwd Packets/s | URG Flag Count | Init_Win_bytes_backward | Active Max | Idle Max,5
421,Total Length of Bwd Packets | Bwd Packet Length Std | Flow IAT Std | Fwd IAT Mean | Bwd IAT Total | Fwd PSH Flags | Min Packet Length | Average Packet Size | Init_Win_bytes_forward | min_seg_size_forward | Active Mean | Active Std | Active Max,4
422,Flow Duration | Total Length of Bwd Packets | Fwd Packet Length Max | Fwd Packet Length Mean | Bwd Packet Length Max | Flow IAT Max | Flow IAT Min | Bwd IAT Std | Packet Length Mean | PSH Flag Count | Init_Win_bytes_forward | Idle Mean | Idle Min,2
423,Fwd Packet Length Std | Bwd Packet Length Max | Fwd IAT Mean | Bwd IAT Mean | Bwd IAT Min | Fwd Header Length | Bwd Packets/s | Packet Length Mean | URG Flag Count | Down/Up Ratio | act_data_pkt_fwd | Active Mean | Idle Mean,2
424,Destination Port | Fwd Packet Length Mean | Bwd Packet Length Min | Flow Packets/s | Fwd IAT Mean | Fwd IAT Std | Bwd IAT Max | Fwd PSH Flags | URG Flag Count | act_data_pkt_fwd | Active Mean | Active Std | Idle Std,3
425,Fwd Packet Length Min | Bwd Packet Length Min | Bwd Packet Length Mean | Bwd Packet Length Std | Fwd IAT Mean | Bwd IAT Total | Bwd IAT Mean | Bwd IAT Max | Max Packet Length | Packet Length Mean | ECE Flag Count | Idle Std | Idle Min,3
426,Total Length of Bwd Packets | Fwd Packet Length Mean | Flow IAT Std | Flow IAT Max | Bwd IAT Total | Bwd IAT Mean | Bwd IAT Min | Packet Length Mean | FIN Flag Count | PSH Flag Count | ACK Flag Count | Average Packet Size | min_seg_size_forward,2
427,Total Backward Packets | Fwd Packet Length Mean | Bwd Packet Length Max | Bwd Packet Length Min | Bwd Packet Length Mean | Fwd IAT Std | Fwd IAT Min | Fwd URG Flags | Max Packet Length | PSH Flag Count | URG Flag Count | Init_Win_bytes_backward | min_seg_size_forward,5
428,Fwd Packet Length Max | Fwd Packet Length Std | Flow Packets/s | Fwd IAT Min | Fwd Packets/s | Bwd Packets/s | ACK Flag Count | URG Flag Count | Average Packet Size | Init_Win_bytes_backward | min_seg_size_forward | Active Std | Idle Mean,3
429,Total Fwd Packets | Fwd Packet Length Std | Flow Bytes/s | Fwd IAT Std | Fwd IAT Min | Bwd Packets/s | RST Flag Count | ACK Flag Count | Down/Up Ratio | Init_Win_bytes_forward | Active Mean | Active Std | Idle Min,3
430,Flow Duration | Total Length of Fwd Packets | Fwd Packet Length Max | Flow IAT Min | Bwd Header Length | Max Packet Length | Packet Length Std | FIN Flag Count | ACK Flag Count | URG Flag Count | min_seg_size_forward | Active Std | Idle Std,3
431,Total Length of Bwd Packets | Fwd Packet Length Min | Fwd Packet Length Mean | Bwd Packet Length Min | Flow Packets/s | Flow IAT Std | Bwd IAT Mean | Bwd IAT Std | PSH Flag Count | Down/Up Ratio | Active Max | Active Min | Idle Mean,1
432,Destination Port | Flow Duration | Total Length of Bwd Packets | Bwd Packet Length Std | Flow IAT Std | Flow IAT Min | Bwd IAT Min | Bwd Packets/s | Packet Length Mean | URG Flag Count | ECE Flag Count | act_data_pkt_fwd | Active Max,5
433,Fwd Packet Length Max | Fwd Packet Length Min | Flow IAT Mean | Flow IAT Std | Fwd IAT Total | Fwd IAT Mean | Bwd IAT Mean | Bwd IAT Max | Fwd URG Flags | RST Flag Count | Init_Win_bytes_forward | Active Std | Active Min,2
434,Flow Duration | Bwd Packet Length Max | Bwd Packet Length Std | Fwd IAT Min | Bwd IAT Total | Bwd IAT Mean | Bwd IAT Std | Max Packet Length | Packet Length Std | RST Flag Count | act_data_pkt_fwd | Idle Max | Idle Min,5
435,Flow Duration | Fwd Packet Length Std | Bwd Packet Length Min | Bwd Packet Length Std | Flow IAT Min | Fwd IAT Min | Min Packet Length | Max Packet Length | Packet Length Mean | PSH Flag Count | URG Flag Count | Down/Up Ratio | Init_Win_bytes_backward,7
436,Total Length of Fwd Packets | Fwd Packet Length Max | Bwd Packet Length Max | Bwd Packet Length Min | Flow IAT Mean | Flow IAT Min | Bwd IAT Total | Bwd IAT Std | Min Packet Length | URG Flag Count | Down/Up Ratio | Init_Win_bytes_backward | act_data_pkt_fwd,5
437,Flow Duration | Total Length of Bwd Packets | Fwd Packet Length Std | Flow Packets/s | Fwd IAT Mean | Fwd Header Length | Bwd Header Length | Fwd Packets/s | Packet Length Std | ECE Flag Count | Active Min | Idle Max | Idle Min,0
438,Flow Duration | Total Backward Packets | Flow IAT Mean | Fwd IAT Total | Fwd IAT Std | Fwd IAT Min | Fwd Packets/s | Bwd Packets/s | Packet Length Mean | URG Flag Count | Average Packet Size | Init_Win_bytes_backward | min_seg_size_forward,3
439,Total Length of Bwd Packets | Fwd Packet Length Min | Bwd Packet Length Std | Flow Packets/s | Fwd IAT Mean | Fwd IAT Min | Bwd IAT Mean | Bwd IAT Max | Bwd Header Length | Fwd Packets/s | PSH Flag Count | Init_Win_bytes_forward | Idle Std,3
440,Destination Port | Bwd Packet Length Max | Flow IAT Max | Fwd IAT Total | Bwd IAT Max | Bwd Packets/s | Max Packet Length | Packet Length Std | RST Flag Count | URG Flag Count | Init_Win_bytes_forward | Idle Mean | Idle Max,4
441,Total Length of Fwd Packets | Total Length of Bwd Packets | Flow Bytes/s | Fwd IAT Min | Bwd IAT Min | Fwd PSH Flags | Fwd URG Flags | Fwd Packets/s | Packet Length Mean | Init_Win_bytes_forward | Init_Win_bytes_backward | Active Mean | Active Max,4
442,Flow Duration | Total Length of Fwd Packets | Bwd Packet Length Mean | Bwd Packet Length Std | Fwd IAT Std | Fwd IAT Min | Fwd PSH Flags | FIN Flag Count | ECE Flag Count | Average Packet Size | Init_Win_bytes_backward | act_data_pkt_fwd | Active Std,4
443,Fwd Packet Length Std | Bwd Packet Length Std | Flow Bytes/s | Flow IAT Min | Fwd IAT Min | Bwd IAT Std | Bwd IAT Min | Bwd Header Length | Min Packet Length | ACK Flag Count | Active Max | Idle Mean | Idle Std,5
444,Flow Duration | Fwd Packet Length Min | Flow IAT Max | Flow IAT Min | Fwd IAT Total | Fwd IAT Max | Fwd Header Length | Bwd Header Length | Fwd Packets/s | Max Packet Length | Init_Win_bytes_forward | act_data_pkt_fwd | Active Std,4
445,Bwd Packet Length Min | Bwd Packet Length Mean | Fwd IAT Mean | Bwd IAT Max | Fwd URG Flags | Fwd Header Length | ACK Flag Count | Average Packet Size | min_seg_size_forward | Active Mean | Active Std | Active Max | Idle Mean,2
446,Total Backward Packets | Total Length of Bwd Packets | Fwd Packet Length Max | Fwd Packet Length Mean | Bwd Packet Length Mean | Fwd URG Flags | Bwd Header Length | Bwd Packets/s | Max Packet Length | FIN Flag Count | RST Flag Count | Average Packet Size | Idle Std,2
447,Total Length of Bwd Packets | Fwd Packet Length Min | Bwd Packet Length Min | Bwd IAT Std | Fwd Header Length | Bwd Header Length | Fwd Packets/s | FIN Flag Count | Down/Up Ratio | Init_Win_bytes_forward | act_data_pkt_fwd | Active Min | Idle Min,3
448,Destination Port | Total Length of Bwd Packets | Bwd Packet Length Std | Flow IAT Std | Flow IAT Max | Fwd IAT Total | Fwd IAT Max | Bwd Packets/s | Min Packet Length | Max Packet Length | URG Flag Count | Init_Win_bytes_backward | act_data_pkt_fwd,6
449,Total Length of Bwd Packets | Fwd Packet Length Min | Fwd Packet Length Mean | Fwd IAT Total | Bwd IAT Max | Fwd PSH Flags | Packet Length Mean | RST Flag Count | URG Flag Count | Down/Up Ratio | Average Packet Size | Idle Std | Idle Min,1
450,Fwd Packet Length Max | Bwd Packet Length Min | Bwd Packet Length Std | Flow Bytes/s | Fwd IAT Total | Fwd IAT Std | Fwd IAT Min | Bwd IAT Total | Bwd IAT Std | Fwd Header Length | Max Packet Length | Packet Length Std | act_data_pkt_fwd,5
451,Destination Port | Total Backward Packets | Fwd Packet Length Min | Fwd Packet Length Mean | Bwd Packet Length Mean | Bwd Packet Length Std | Flow Packets/s | Fwd IAT Min | Bwd IAT Max | Bwd Header Length | Init_Win_bytes_forward | Init_Win_bytes_backward | Active Max,5
452,Total Fwd Packets | Fwd Packet Length Max | Fwd Packet Length Std | Bwd Packet Length Mean | Flow Bytes/s | Flow IAT Max | Flow IAT Min | Bwd IAT Max | Bwd IAT Min | Fwd URG Flags | Max Packet Length | FIN Flag Count | Active Min,3
453,Fwd Packet Length Min | Fwd Packet Length Std | Bwd Packet Length Min | Flow Bytes/s | Flow IAT Std | Flow IAT Min | Fwd IAT Max | Fwd IAT Min | Min Packet Length | Max Packet Length | FIN Flag Count | Init_Win_bytes_backward | min_seg_size_forward,7
454,Total Backward Packets | Fwd Packet Length Std | Flow Packets/s | Flow IAT Std | Flow IAT Min | Fwd IAT Mean | Fwd IAT Min | Bwd IAT Std | RST Flag Count | Average Packet Size | Init_Win_bytes_forward | act_data_pkt_fwd | Idle Mean,5
455,Total Backward Packets | Bwd Packet Length Std | Flow Packets/s | Fwd IAT Std | Bwd IAT Total | Bwd IAT Mean | Bwd Packets/s | Max Packet Length | Packet Length Std | RST Flag Count | PSH Flag Count | Average Packet Size | min_seg_size_forward,4
456,Total Backward Packets | Total Length of Bwd Packets | Fwd Packet Length Max | Flow Packets/s | Fwd IAT Total | Fwd IAT Mean | Fwd IAT Min | Bwd IAT Std | Fwd URG Flags | ECE Flag Count | Average Packet Size | Idle Mean | Idle Min,1
457,Destination Port | Total Length of Bwd Packets | Fwd Packet Length Max | Fwd Packet Length Min | Bwd Packet Length Std | Flow Packets/s | Bwd IAT Std | Bwd Header Length | Min Packet Length | Packet Length Std | ACK Flag Count | Idle Mean | Idle Min,3
458,Total Length of Fwd Packets | Fwd Packet Length Mean | Fwd Packet Length Std | Bwd Packet Length Min | Bwd IAT Total | Fwd URG Flags | Fwd Packets/s | Max Packet Length | URG Flag Count | ECE Flag Count | Active Max | Idle Mean | Idle Min,2
459,Total Length of Fwd Packets | Flow Packets/s | Fwd IAT Total | Bwd IAT Total | FIN Flag Count | RST Flag Count | ECE Flag Count | Down/Up Ratio | Average Packet Size | min_seg_size_forward | Active Max | Idle Mean | Idle Max,2
460,Total Backward Packets | Total Length of Fwd Packets | Bwd Packet Length Std | Flow Packets/s | Fwd IAT Std | Bwd IAT Mean | Bwd IAT Std | Fwd Packets/s | Max Packet Length | FIN Flag Count | Down/Up Ratio | Active Std | Idle Mean,2
461,Total Length of Fwd Packets | Fwd Packet Length Max | Fwd Packet Length Min | Fwd Packet Length Std | Flow Packets/s | Flow IAT Mean | Flow IAT Max | Bwd Header Length | Init_Win_bytes_forward | Init_Win_bytes_backward | Active Max | Idle Mean | Idle Std,2
462,Fwd Packet Length Std | Bwd Packet Length Mean | Flow Bytes/s | Flow IAT Std | Flow IAT Min | Fwd IAT Min | Bwd IAT Std | ACK Flag Count | URG Flag Count | Init_Win_bytes_forward | Init_Win_bytes_backward | Active Std | Idle Mean,4
463,Fwd Packet Length Min | Bwd Packet Length Max | Fwd IAT Std | Fwd IAT Min | Fwd PSH Flags | Fwd Header Length | Bwd Header Length | Min Packet Length | Packet Length Std | PSH Flag Count | Average Packet Size | Active Std | Idle Std,2
464,Fwd Packet Length Mean | Bwd Packet Length Mean | Flow Packets/s | Flow IAT Std | Flow IAT Max | Flow IAT Min | Fwd IAT Mean | Fwd Header Length | Max Packet Length | ACK Flag Count | min_seg_size_forward | Idle Max | Idle Min,3
465,Total Backward Packets | Total Length of Fwd Packets | Fwd Packet Length Max | Fwd Packet Length Std | Bwd Packet Length Min | Flow IAT Std | Fwd IAT Total | Min Packet Length | Packet Length Std | FIN Flag Count | ACK Flag Count | Init_Win_bytes_backward | Active Max,3
466,Fwd Packet Length Max | Fwd Packet Length Mean | Bwd Packet Length Min | Fwd IAT Min | Bwd IAT Mean | Fwd URG Flags | Bwd Header Length | Bwd Packets/s | Packet Length Std | FIN Flag Count | RST Flag Count | act_data_pkt_fwd | Active Min,4
467,Flow Duration | Total Length of Bwd Packets | Bwd Packet Length Min | Bwd Packet Length Mean | Flow IAT Min | Bwd IAT Max | Bwd IAT Min | Fwd PSH Flags | PSH Flag Count | ECE Flag Count | Average Packet Size | act_data_pkt_fwd | Idle Min,4
468,Destination Port | Total Length of Bwd Packets | Bwd Packet Length Mean | Flow IAT Max | Fwd IAT Total | Bwd IAT Min | Bwd Packets/s | RST Flag Count | PSH Flag Count | Init_Win_bytes_backward | Active Mean | Active Min | Idle Mean,4
469,Fwd Packet Length Std | Bwd Packet Length Min | Bwd Packet Length Mean | Flow IAT Std | Fwd IAT Std | Fwd IAT Max | Bwd IAT Total | Fwd URG Flags | Fwd Header Length | Packet Length Std | FIN Flag Count | PSH Flag Count | Idle Min,1
470,Total Length of Fwd Packets | Fwd Packet Length Max | Fwd IAT Mean | Fwd IAT Max | Fwd Header Length | Bwd Packets/s | Min Packet Length | Packet Length Std | PSH Flag Count | Init_Win_bytes_forward | Init_Win_bytes_backward | Active Std | Idle Std,3
471,Total Length of Fwd Packets | Total Length of Bwd Packets | Bwd Packet Length Std | Flow Packets/s | Flow IAT Mean | Fwd IAT Mean | Fwd IAT Max | Min Packet Length | ACK Flag Count | Average Packet Size | Init_Win_bytes_backward | Active Max | Active Min,3
472,Flow Duration | Bwd Packet Length Mean | Bwd IAT Min | Fwd PSH Flags | Min Packet Length | Max Packet Length | FIN Flag Count | RST Flag Count | URG Flag Count | Down/Up Ratio | Init_Win_bytes_backward | Idle Std | Idle Max,5
473,Fwd Packet Length Max | Fwd Packet Length Mean | Flow Bytes/s | Flow IAT Std | Fwd IAT Min | Bwd IAT Total | Bwd IAT Max | Bwd Packets/s | RST Flag Count | Average Packet Size | Idle Std | Idle Max | Idle Min,2
474,Destination Port | Total Backward Packets | Total Length of Fwd Packets | Total Length of Bwd Packets | Fwd Packet Length Max | Fwd Packet Length Mean | Flow IAT Std | Fwd URG Flags | Min Packet Length | URG Flag Count | min_seg_size_forward | Active Min | Idle Max,3
475,Bwd Packet Length Std | Flow Bytes/s | Fwd IAT Total | Fwd IAT Max | Bwd IAT Mean | Bwd IAT Max | Bwd Packets/s | Max Packet Length | PSH Flag Count | ACK Flag Count | Down/Up Ratio | Active Mean | Active Min,2
476,Destination Port | Total Length of Fwd Packets | Bwd Packet Length Std | Flow IAT Mean | Flow IAT Max | Fwd IAT Mean | Bwd IAT Mean | Bwd IAT Max | Bwd Header Length | Init_Win_bytes_backward | Active Mean | Active Std | Idle Mean,3
477,Total Fwd Packets | Total Length of Fwd Packets | Fwd Packet Length Mean | Fwd Packet Length Std | Bwd Packet Length Max | Flow IAT Min | Fwd IAT Std | Bwd IAT Total | Fwd Header Length | FIN Flag Count | Active Min | Idle Mean | Idle Max,1
478,Destination Port | Fwd Packet Length Mean | Flow Bytes/s | Fwd IAT Std | Bwd IAT Mean | Bwd IAT Min | Fwd Header Length | Min Packet Length | RST Flag Count | ACK Flag Count | act_data_pkt_fwd | Active Mean | Active Max,5
479,Destination Port | Flow Duration | Fwd Packet Length Max | Bwd Packet Length Max | Flow IAT Max | Bwd IAT Total | Bwd IAT Std | RST Flag Count | Down/Up Ratio | Init_Win_bytes_forward | Active Max | Active Min | Idle Mean,3
480,Bwd Packet Length Std | Fwd IAT Mean | Bwd IAT Total | Bwd IAT Max | Fwd URG Flags | Fwd Packets/s | Bwd Packets/s | FIN Flag Count | RST Flag Count | ACK Flag Count | URG Flag Count | ECE Flag Count | Init_Win_bytes_forward,3
481,Flow Duration | Total Backward Packets | Fwd IAT Std | Fwd IAT Max | Bwd IAT Total | Bwd IAT Mean | Bwd IAT Max | Bwd IAT Min | Fwd Packets/s | Packet Length Std | RST Flag Count | Init_Win_bytes_forward | Active Min,3
482,Flow Duration | Total Backward Packets | Fwd Packet Length Std | Bwd Packet Length Min | Bwd Packet Length Mean | Fwd IAT Std | Bwd IAT Std | Packet Length Std | FIN Flag Count | ACK Flag Count | act_data_pkt_fwd | Active Mean | Idle Max,2
483,Destination Port | Total Backward Packets | Bwd Packet Length Std | Flow IAT Min | Fwd IAT Mean | Fwd URG Flags | Max Packet Length | RST Flag Count | ACK Flag Count | URG Flag Count | Down/Up Ratio | Init_Win_bytes_backward | Active Mean,6
484,Total Length of Bwd Packets | Bwd Packet Length Mean | Flow IAT Max | Flow IAT Min | Fwd IAT Max | Fwd IAT Min | Fwd PSH Flags | Packet Length Mean | ECE Flag Count | Down/Up Ratio | Init_Win_bytes_backward | Active Min | Idle Mean,3
485,Total Length of Bwd Packets | Fwd Packet Length Max | Bwd Packet Length Mean | Bwd Packet Length Std | Fwd IAT Std | Packet Length Mean | FIN Flag Count | Init_Win_bytes_forward | Init_Win_bytes_backward | min_seg_size_forward | Active Max | Active Min | Idle Min,4
486,Flow Packets/s | Flow IAT Std | Fwd IAT Mean | Fwd IAT Max | Bwd IAT Total | Fwd PSH Flags | Fwd Header Length | Bwd Header Length | Down/Up Ratio | Active Mean | Active Max | Idle Std | Idle Min,0
487,Total Length of Fwd Packets | Fwd Packet Length Min | Bwd Packet Length Min | Fwd IAT Mean | Bwd IAT Total | Bwd IAT Max | Min Packet Length | Max Packet Length | Packet Length Mean | ECE Flag Count | Init_Win_bytes_forward | Active Max | Idle Mean,4
488,Destination Port | Fwd Packet Length Min | Bwd Packet Length Std | Fwd IAT Total | Fwd IAT Std | Fwd IAT Min | Bwd IAT Total | Bwd IAT Mean | Bwd IAT Max | Fwd Header Length | Bwd Header Length | Min Packet Length | Idle Min,4
489,Destination Port | Total Fwd Packets | Flow Packets/s | Fwd IAT Mean | Fwd Packets/s | Bwd Packets/s | Packet Length Mean | min_seg_size_forward | Active Std | Active Min | Idle Mean | Idle Std | Idle Max,2
490,Destination Port | Total Length of Bwd Packets | Fwd Packet Length Mean | Bwd Packet Length Min | Bwd Packet Length Mean | Flow IAT Std | Flow IAT Max | Flow IAT Min | Fwd IAT Total | Bwd IAT Min | RST Flag Count | URG Flag Count | Idle Min,5
491,Flow Packets/s | Flow IAT Max | Fwd IAT Total | Bwd IAT Total | Bwd IAT Mean | Bwd IAT Std | Fwd PSH Flags | Min Packet Length | RST Flag Count | ACK Flag Count | ECE Flag Count | Average Packet Size | Init_Win_bytes_backward,3
492,Total Backward Packets | Fwd Packet Length Max | Bwd Packet Length Min | Bwd IAT Max | Bwd Header Length | Fwd Packets/s | Min Packet Length | Packet Length Mean | ACK Flag Count | Down/Up Ratio | Init_Win_bytes_backward | min_seg_size_forward | Active Std,4
493,Destination Port | Total Length of Bwd Packets | Fwd Packet Length Mean | Flow IAT Std | Fwd IAT Total | Fwd IAT Std | Bwd Header Length | Fwd Packets/s | Min Packet Length | Max Packet Length | RST Flag Count | Active Std | Idle Std,4
494,Flow Duration | Total Length of Bwd Packets | Fwd Packet Length Min | Fwd Packet Length Std | Bwd Packet Length Min | Flow Bytes/s | Fwd IAT Total | Bwd IAT Total | Fwd Header Length | URG Flag Count | Average Packet Size | Active Std | Idle Std,1
495,Destination Port | Total Fwd Packets | Total Length of Bwd Packets | Fwd Packet Length Mean | Bwd Packet Length Min | Flow IAT Std | Flow IAT Max | Bwd IAT Std | Bwd IAT Max | Max Packet Length | Average Packet Size | min_seg_size_forward | Active Mean,4
496,Flow Duration | Total Fwd Packets | Fwd Packet Length Min | Fwd Packet Length Std | Bwd Packet Length Mean | Flow Packets/s | Flow IAT Std | Packet Length Std | FIN Flag Count | PSH Flag Count | min_seg_size_forward | Active Std | Active Min,1
497,Flow Duration | Total Length of Fwd Packets | Bwd Packet Length Std | Flow IAT Max | Flow IAT Min | Packet Length Std | FIN Flag Count | URG Flag Count | act_data_pkt_fwd | Active Mean | Active Max | Active Min | Idle Min,3
498,Bwd Packet Length Mean | Flow IAT Mean | Fwd IAT Total | Fwd IAT Std | Fwd IAT Max | Bwd IAT Std | Bwd IAT Max | Packet Length Mean | ACK Flag Count | Active Mean | Active Min | Idle Std | Idle Min,0
499,Total Backward Packets | Total Length of Bwd Packets | Fwd Packet Length Mean | Bwd Packet Length Max | Fwd IAT Std | Bwd IAT Max | Fwd Header Length | Fwd Packets/s | Packet Length Mean | ECE Flag Count | Down/Up Ratio | Average Packet Size | Idle Std,0
500,Destination Port | Total Length of Fwd Packets | Fwd Packet Length Min | Fwd Packet Length Std | Bwd Packet Length Max | Flow Bytes/s | Flow IAT Max | Bwd IAT Std | Fwd URG Flags | Fwd Packets/s | Packet Length Std | URG Flag Count | Average Packet Size,1
501,Total Backward Packets | Total Length of Bwd Packets | Fwd Packet Length Max | Fwd Packet Length Min | Fwd Packet Length Mean | Bwd IAT Total | Bwd IAT Mean | Bwd IAT Std | Bwd IAT Max | Fwd URG Flags | Bwd Header Length | Bwd Packets/s | Idle Max,0
502,Total Length of Fwd Packets | Bwd Packet Length Max | Flow Bytes/s | Flow IAT Std | Flow IAT Min | Fwd IAT Min | RST Flag Count | ECE Flag Count | Init_Win_bytes_backward | min_seg_size_forward | Active Min | Idle Mean | Idle Std,5
503,Destination Port | Total Backward Packets | Total Length of Fwd Packets | Fwd Packet Length Max | Bwd Packet Length Min | Bwd Packet Length Mean | Flow Bytes/s | Flow IAT Std | Bwd IAT Std | Bwd IAT Max | Fwd Packets/s | Packet Length Mean | Init_Win_bytes_backward,3
504,Destination Port | Fwd Packet Length Min | Flow IAT Std | Flow IAT Min | Fwd IAT Max | Bwd IAT Total | Bwd IAT Mean | Fwd PSH Flags | Packet Length Std | Active Mean | Active Std | Idle Std | Idle Max,2
505,Destination Port | Total Fwd Packets | Flow Bytes/s | Bwd IAT Total | Bwd IAT Max | Fwd PSH Flags | Fwd URG Flags | Fwd Packets/s | Min Packet Length | Max Packet Length | ACK Flag Count | act_data_pkt_fwd | Idle Min,4
506,Flow Duration | Fwd Packet Length Std | Bwd Packet Length Mean | Flow IAT Min | Bwd IAT Min | Fwd URG Flags | Bwd Packets/s | Min Packet Length | Packet Length Mean | PSH Flag Count | ACK Flag Count | Init_Win_bytes_forward | Idle Max,4
507,Flow Duration | Total Fwd Packets | Total Length of Bwd Packets | Bwd Packet Length Min | Fwd IAT Total | Fwd IAT Std | Bwd IAT Total | Bwd IAT Max | Fwd Header Length | Fwd Packets/s | ACK Flag Count | Idle Mean | Idle Max,1
508,Destination Port | Flow Duration | Fwd Packet Length Min | Flow Bytes/s | Flow IAT Mean | Flow IAT Std | Fwd IAT Total | Bwd IAT Mean | Bwd Header Length | ACK Flag Count | ECE Flag Count | Init_Win_bytes_backward | Idle Min,2
509,Flow Duration | Total Length of Bwd Packets | Flow Bytes/s | Flow IAT Mean | Fwd IAT Mean | Fwd IAT Min | Bwd IAT Total | Fwd Header Length | Bwd Packets/s | Min Packet Length | PSH Flag Count | Active Mean | Idle Max,2
510,Total Length of Fwd Packets | Total Length of Bwd Packets | Fwd Packet Length Min | Bwd Packet Length Mean | Bwd Packet Length Std | Flow IAT Max | Bwd IAT Total | Bwd IAT Mean | PSH Flag Count | URG Flag Count | min_seg_size_forward | Active Mean | Active Min,2
511,Total Backward Packets | Fwd Packet Length Max | Flow IAT Mean | Bwd IAT Total | Bwd IAT Min | FIN Flag Count | ACK Flag Count | Average Packet Size | act_data_pkt_fwd | Active Min | Idle Std | Idle Max | Idle Min,2
512,Destination Port | Total Length of Fwd Packets | Fwd Packet Length Min | Bwd Packet Length Min | Flow IAT Mean | Flow IAT Std | Fwd IAT Std | Fwd IAT Max | Bwd IAT Max | Bwd Packets/s | Packet Length Mean | Packet Length Std | Average Packet Size,2
513,Flow Duration | Total Length of Fwd Packets | Total Length of Bwd Packets | Flow Packets/s | Fwd IAT Mean | Bwd IAT Std | Bwd IAT Max | Bwd IAT Min | Bwd Packets/s | Max Packet Length | RST Flag Count | URG Flag Count | Idle Mean,3
514,Destination Port | Flow Duration | Total Length of Bwd Packets | Fwd Packet Length Std | Bwd Packet Length Std | Flow Packets/s | Bwd IAT Std | Bwd IAT Max | Packet Length Mean | Average Packet Size | Idle Mean | Idle Std | Idle Min,2
515,Flow Duration | Bwd Packet Length Max | Bwd Packet Length Mean | Fwd IAT Std | Min Packet Length | Packet Length Std | FIN Flag Count | PSH Flag Count | URG Flag Count | Down/Up Ratio | act_data_pkt_fwd | Active Max | Active Min,2
516,Total Fwd Packets | Flow Bytes/s | Flow IAT Mean | Fwd IAT Min | Bwd IAT Mean | Bwd IAT Std | Bwd Header Length | FIN Flag Count | URG Flag Count | Init_Win_bytes_backward | Active Std | Idle Mean | Idle Std,2
517,Flow Duration | Total Backward Packets | Bwd Packet Length Std | Flow IAT Mean | Flow IAT Std | Fwd IAT Total | Bwd IAT Std | Fwd PSH Flags | Packet Length Std | PSH Flag Count | Down/Up Ratio | act_data_pkt_fwd | min_seg_size_forward,3
518,Flow Duration | Total Length of Bwd Packets | Fwd Packet Length Min | Bwd Packet Length Min | Bwd Packet Length Std | Flow IAT Mean | Flow IAT Std | Bwd IAT Mean | Bwd IAT Max | Bwd Packets/s | Packet Length Mean | Active Mean | Idle Min,2
519,Destination Port | Fwd Packet Length Min | Fwd Packet Length Mean | Flow IAT Min | Fwd IAT Mean | Bwd IAT Mean | Fwd Header Length | Fwd Packets/s | Max Packet Length | Init_Win_bytes_forward | act_data_pkt_fwd | min_seg_size_forward | Idle Max,6
520,Total Length of Fwd Packets | Bwd Packet Length Mean | Flow IAT Mean | Fwd IAT Mean | Bwd IAT Mean | Bwd IAT Min | Bwd Packets/s | Packet Length Mean | FIN Flag Count | Average Packet Size | min_seg_size_forward | Idle Mean | Idle Std,2
521,Fwd Packet Length Max | Bwd Packet Length Mean | Flow IAT Min | Fwd IAT Mean | Fwd IAT Max | Bwd IAT Total | Bwd IAT Max | Bwd IAT Min | Fwd Header Length | FIN Flag Count | PSH Flag Count | Average Packet Size | Init_Win_bytes_forward,3
522,Bwd Packet Length Std | Flow IAT Std | Fwd IAT Max | Bwd IAT Min | Bwd Packets/s | PSH Flag Count | ACK Flag Count | Down/Up Ratio | Average Packet Size | Init_Win_bytes_forward | Active Max | Active Min | Idle Std,3
523,Total Fwd Packets | Total Length of Fwd Packets | Total Length of Bwd Packets | Fwd Packet Length Mean | Fwd IAT Max | Bwd IAT Total | Packet Length Std | ECE Flag Count | Average Packet Size | act_data_pkt_fwd | min_seg_size_forward | Active Mean | Active Max,2
524,Total Length of Fwd Packets | Fwd Packet Length Min | Fwd Packet Length Std | Bwd Packet Length Mean | Flow IAT Std | Flow IAT Min | Bwd IAT Min | Max Packet Length | ACK Flag Count | URG Flag Count | Init_Win_bytes_forward | Active Std | Idle Min,4
525,Total Backward Packets | Total Length of Fwd Packets | Fwd Packet Length Min | Flow IAT Std | Flow IAT Max | Fwd IAT Max | Fwd IAT Min | Bwd IAT Std | Min Packet Length | Packet Length Mean | Average Packet Size | Active Std | Active Min,2
526,Fwd Packet Length Min | Bwd Packet Length Std | Flow IAT Std | Flow IAT Min | Fwd IAT Total | Bwd IAT Total | Bwd IAT Std | Bwd Packets/s | Packet Length Mean | PSH Flag Count | URG Flag Count | Average Packet Size | Idle Max,2
527,Total Length of Fwd Packets | Fwd Packet Length Min | Flow IAT Mean | Fwd IAT Std | Fwd IAT Max | Bwd IAT Max | Bwd IAT Min | Fwd URG Flags | Bwd Packets/s | Packet Length Std | PSH Flag Count | ACK Flag Count | Idle Max,1
528,Total Fwd Packets | Total Backward Packets | Total Length of Fwd Packets | Fwd Packet Length Mean | Bwd Packet Length Std | Flow IAT Min | Bwd IAT Mean | Bwd IAT Max | Fwd PSH Flags | Fwd URG Flags | ACK Flag Count | ECE Flag Count | Down/Up Ratio,2
529,Flow Duration | Total Length of Fwd Packets | Fwd Packet Length Min | Fwd Packet Length Mean | Flow IAT Max | Fwd IAT Std | Fwd IAT Max | Fwd PSH Flags | Bwd Packets/s | Packet Length Std | Average Packet Size | min_seg_size_forward | Active Min,1
530,Fwd Packet Length Min | Fwd Packet Length Mean | Bwd Packet Length Mean | Bwd Packet Length Std | Bwd IAT Total | Fwd URG Flags | Packet Length Mean | FIN Flag Count | RST Flag Count | URG Flag Count | Average Packet Size | Init_Win_bytes_backward | min_seg_size_forward,4
531,Total Fwd Packets | Total Backward Packets | Total Length of Bwd Packets | Fwd Packet Length Mean | Bwd Packet Length Mean | Flow Bytes/s | Flow IAT Min | Fwd PSH Flags | Fwd Header Length | Bwd Packets/s | URG Flag Count | Active Max | Active Min,1
532,Total Length of Fwd Packets | Total Length of Bwd Packets | Fwd Packet Length Max | Flow IAT Std | Flow IAT Max | Flow IAT Min | Bwd IAT Std | Fwd URG Flags | Packet Length Std | RST Flag Count | Down/Up Ratio | Active Mean | Active Max,2
533,Fwd Packet Length Min | Bwd Packet Length Min | Flow Packets/s | Flow IAT Mean | Fwd IAT Min | Bwd IAT Total | Bwd IAT Mean | Bwd IAT Min | Packet Length Std | ACK Flag Count | Init_Win_bytes_backward | Active Max | Idle Std,4
534,Total Fwd Packets | Total Length of Fwd Packets | Fwd Packet Length Min | Bwd Packet Length Min | Flow Packets/s | Flow IAT Max | Flow IAT Min | Fwd IAT Mean | Fwd IAT Max | Bwd IAT Total | Bwd IAT Max | Bwd Packets/s | ECE Flag Count,2
535,Total Length of Bwd Packets | Bwd Packet Length Min | Bwd Packet Length Std | Bwd IAT Max | Fwd Packets/s | Bwd Packets/s | Packet Length Mean | Packet Length Std | ACK Flag Count | Init_Win_bytes_forward | Active Std | Idle Std | Idle Min,3
536,Destination Port | Flow Duration | Total Backward Packets | Fwd Packet Length Max | Fwd Packet Length Mean | Bwd Packet Length Max | Bwd Packet Length Mean | Flow Packets/s | Flow IAT Min | Bwd IAT Total | Bwd Header Length | FIN Flag Count | Idle Mean,2
537,Total Length of Fwd Packets | Fwd Packet Length Std | Bwd Packet Length Mean | Flow Packets/s | Bwd IAT Std | Fwd PSH Flags | Fwd Header Length | Packet Length Mean | PSH Flag Count | Down/Up Ratio | act_data_pkt_fwd | min_seg_size_forward | Active Std,2
538,Flow Duration | Fwd Packet Length Mean | Flow Packets/s | Fwd IAT Mean | Fwd IAT Std | Fwd IAT Min | Bwd IAT Std | Fwd PSH Flags | Fwd Header Length | Min Packet Length | Packet Length Std | Active Min | Idle Mean,2
539,Flow Duration | Flow Packets/s | Flow IAT Std | Fwd IAT Total | Fwd IAT Min | Bwd IAT Total | Bwd IAT Mean | Fwd PSH Flags | Bwd Header Length | Bwd Packets/s | ACK Flag Count | Init_Win_bytes_backward | act_data_pkt_fwd,3
540,Flow Duration | Total Length of Bwd Packets | Fwd Packet Length Mean | Flow Bytes/s | Bwd IAT Mean | Bwd IAT Max | Bwd IAT Min | Fwd Packets/s | FIN Flag Count | PSH Flag Count | act_data_pkt_fwd | min_seg_size_forward | Active Max,3
541,Total Length of Fwd Packets | Total Length of Bwd Packets | Bwd Packet Length Mean | Fwd IAT Max | Fwd IAT Min | Bwd IAT Mean | Bwd IAT Max | Min Packet Length | Max Packet Length | Packet Length Mean | URG Flag Count | Idle Mean | Idle Min,3
542,Destination Port | Total Fwd Packets | Bwd Packet Length Min | Flow Bytes/s | Flow IAT Std | Fwd IAT Min | Bwd IAT Std | Bwd IAT Max | Fwd URG Flags | Min Packet Length | Down/Up Ratio | min_seg_size_forward | Active Std,5
543,Fwd Packet Length Std | Bwd Packet Length Max | Bwd Packet Length Min | Bwd Packet Length Mean | Flow IAT Mean | Fwd IAT Std | Bwd IAT Min | Packet Length Mean | Packet Length Std | FIN Flag Count | ACK Flag Count | Average Packet Size | act_data_pkt_fwd,3
544,Flow Duration | Total Length of Fwd Packets | Fwd Packet Length Mean | Flow Packets/s | Flow IAT Mean | Fwd IAT Min | Bwd IAT Total | Min Packet Length | Packet Length Mean | PSH Flag Count | URG Flag Count | ECE Flag Count | min_seg_size_forward,3
545,Destination Port | Fwd Packet Length Max | Fwd Packet Length Mean | Fwd Packet Length Std | Bwd Packet Length Std | Flow Packets/s | Fwd IAT Mean | Fwd IAT Std | Bwd IAT Total | Bwd IAT Mean | Fwd Packets/s | ACK Flag Count | Idle Std,2
546,Destination Port | Total Length of Fwd Packets | Fwd Packet Length Mean | Bwd Packet Length Std | Fwd IAT Std | Fwd IAT Max | Bwd IAT Std | Bwd IAT Min | Bwd Header Length | Min Packet Length | FIN Flag Count | Active Std | Active Max,4
547,Bwd Packet Length Std | Flow Bytes/s | Flow IAT Mean | Flow IAT Min | Fwd IAT Mean | Bwd IAT Mean | Packet Length Std | FIN Flag Count | Down/Up Ratio | Init_Win_bytes_backward | min_seg_size_forward | Active Min | Idle Std,4
548,Destination Port | Flow Duration | Total Length of Bwd Packets | Fwd Packet Length Min | Bwd Packet Length Max | Flow Bytes/s | Flow IAT Std | Flow IAT Max | Bwd IAT Std | Bwd IAT Max | Bwd Packets/s | Packet Length Std | Average Packet Size,1
549,Flow Duration | Fwd Packet Length Mean | Flow Bytes/s | Flow IAT Mean | Flow IAT Std | Fwd IAT Std | Fwd IAT Max | Fwd IAT Min | RST Flag Count | URG Flag Count | Init_Win_bytes_forward | Active Mean | Active Std,3
550,Bwd Packet Length Std | Flow Bytes/s | Flow IAT Std | Bwd IAT Max | Fwd PSH Flags | Packet Length Std | FIN Flag Count | ACK Flag Count | Average Packet Size | Init_Win_bytes_forward | Active Std | Active Max | Active Min,2
551,Total Fwd Packets | Bwd Packet Length Mean | Flow Bytes/s | Bwd IAT Total | Bwd IAT Std | Bwd Header Length | Min Packet Length | Packet Length Mean | RST Flag Count | URG Flag Count | min_seg_size_forward | Active Max | Idle Min,3
552,Total Fwd Packets | Flow Bytes/s | Flow IAT Mean | Fwd IAT Max | Bwd IAT Std | FIN Flag Count | PSH Flag Count | URG Flag Count | Down/Up Ratio | Init_Win_bytes_forward | Active Std | Active Min | Idle Max,1
553,Destination Port | Bwd Packet Length Max | Flow Bytes/s | Flow IAT Std | Fwd IAT Mean | Bwd IAT Std | Fwd PSH Flags | Max Packet Length | Packet Length Mean | Packet Length Std | Active Mean | Idle Std | Idle Max,2
554,Total Fwd Packets | Total Length of Fwd Packets | Fwd Packet Length Mean | Flow IAT Max | Fwd IAT Mean | Fwd IAT Std | Bwd IAT Total | Bwd IAT Mean | Fwd Packets/s | Max Packet Length | Packet Length Std | PSH Flag Count | ACK Flag Count,1
555,Flow Bytes/s | Bwd IAT Total | Packet Length Mean | FIN Flag Count | URG Flag Count | ECE Flag Count | Down/Up Ratio | Init_Win_bytes_backward | act_data_pkt_fwd | Active Std | Idle Std | Idle Max | Idle Min,2
556,Destination Port | Fwd Packet Length Std | Bwd Packet Length Std | Flow IAT Std | Fwd IAT Max | Bwd IAT Total | Fwd Header Length | Packet Length Mean | PSH Flag Count | ECE Flag Count | Init_Win_bytes_forward | act_data_pkt_fwd | Idle Max,4
557,Destination Port | Total Backward Packets | Total Length of Fwd Packets | Fwd Packet Length Std | Flow IAT Min | Bwd IAT Total | Bwd IAT Mean | Max Packet Length | RST Flag Count | ACK Flag Count | ECE Flag Count | act_data_pkt_fwd | Idle Max,5
558,Flow Packets/s | Flow IAT Max | Fwd IAT Mean | Fwd IAT Std | Fwd IAT Min | Fwd Header Length | Bwd Header Length | Packet Length Mean | Packet Length Std | FIN Flag Count | ECE Flag Count | Active Std | Active Max,1
559,Destination Port | Total Length of Bwd Packets | Bwd Packet Length Max | Bwd Packet Length Min | Flow IAT Mean | Fwd IAT Mean | Fwd Packets/s | RST Flag Count | ECE Flag Count | Average Packet Size | Init_Win_bytes_forward | min_seg_size_forward | Idle Max,5
560,Destination Port | Total Backward Packets | Fwd Packet Length Min | Fwd Packet Length Std | Bwd Packet Length Max | Flow IAT Mean | Fwd IAT Max | Fwd PSH Flags | Fwd Header Length | Init_Win_bytes_forward | Active Mean | Active Max | Idle Mean,2
561,Total Fwd Packets | Total Length of Bwd Packets | Fwd Packet Length Min | Fwd Packet Length Mean | Fwd Packet Length Std | Bwd Packet Length Max | Fwd IAT Max | PSH Flag Count | ACK Flag Count | Average Packet Size | Active Mean | Active Max | Idle Max,0
562,Total Backward Packets | Total Length of Fwd Packets | Fwd Packet Length Std | Bwd Packet Length Max | Flow IAT Mean | Flow IAT Std | Flow IAT Max | Fwd Header Length | Max Packet Length | Packet Length Std | FIN Flag Count | act_data_pkt_fwd | Active Std,2
563,Flow Duration | Fwd Packet Length Max | Fwd Packet Length Std | Bwd Packet Length Mean | Flow Packets/s | Flow IAT Std | Fwd Header Length | Max Packet Length | Packet Length Mean | URG Flag Count | Down/Up Ratio | min_seg_size_forward | Idle Mean,2
564,Destination Port | Fwd Packet Length Max | Bwd Packet Length Mean | Flow Bytes/s | Flow IAT Mean | Flow IAT Min | Fwd IAT Max | Bwd IAT Max | URG Flag Count | Average Packet Size | Idle Mean | Idle Max | Idle Min,2
565,Flow Duration | Total Length of Bwd Packets | Fwd Packet Length Max | Fwd Packet Length Mean | Bwd Packet Length Max | Bwd Packet Length Mean | Bwd Packet Length Std | Flow Packets/s | Flow IAT Std | Fwd PSH Flags | ECE Flag Count | Init_Win_bytes_forward | Idle Std,2
566,Fwd Packet Length Max | Bwd Packet Length Mean | Flow IAT Max | Fwd IAT Std | Fwd PSH Flags | Fwd URG Flags | Bwd Header Length | RST Flag Count | PSH Flag Count | min_seg_size_forward | Active Min | Idle Std | Idle Max,2
567,Destination Port | Total Backward Packets | Total Length of Fwd Packets | Total Length of Bwd Packets | Flow IAT Std | Flow IAT Max | Fwd IAT Mean | Fwd IAT Std | Fwd IAT Min | Bwd IAT Min | ECE Flag Count | Active Min | Idle Max,3
568,Fwd Packet Length Min | Fwd Packet Length Std | Bwd Packet Length Max | Flow Bytes/s | Fwd IAT Mean | Bwd IAT Total | Bwd IAT Mean | Bwd IAT Min | Bwd Header Length | Max Packet Length | Packet Length Std | Active Mean | Active Min,2
569,Destination Port | Flow Duration | Fwd Packet Length Mean | Bwd IAT Total | Bwd IAT Min | Fwd Header Length | Bwd Header Length | Bwd Packets/s | Packet Length Mean | ACK Flag Count | Average Packet Size | Active Mean | Idle Std,2
570,Total Length of Fwd Packets | Fwd Packet Length Min | Fwd Packet Length Mean | Fwd Packet Length Std | Flow IAT Max | Fwd IAT Total | Fwd IAT Mean | Bwd IAT Total | Bwd IAT Std | Min Packet Length | PSH Flag Count | Down/Up Ratio | Active Min,1
571,Total Length of Bwd Packets | Fwd Packet Length Max | Bwd Packet Length Min | Flow Bytes/s | Flow IAT Max | Bwd IAT Mean | Bwd IAT Max | RST Flag Count | ACK Flag Count | Down/Up Ratio | Average Packet Size | Init_Win_bytes_backward | Idle Std,3
572,Flow Duration | Bwd Packet Length Min | Flow IAT Max | Flow IAT Min | Bwd IAT Min | Fwd Header Length | ACK Flag Count | URG Flag Count | Init_Win_bytes_forward | Init_Win_bytes_backward | Active Min | Idle Std | Idle Max,5
573,Flow Duration | Total Fwd Packets | Total Length of Fwd Packets | Fwd Packet Length Mean | Flow IAT Mean | Flow IAT Max | Bwd IAT Total | RST Flag Count | ACK Flag Count | Init_Win_bytes_backward | act_data_pkt_fwd | Active Max | Idle Std,3
574,Fwd Packet Length Max | Bwd Packet Length Max | Bwd Packet Length Mean | Fwd IAT Std | Fwd IAT Max | Bwd Packets/s | RST Flag Count | PSH Flag Count | Down/Up Ratio | Init_Win_bytes_backward | Active Mean | Idle Std | Idle Min,2
575,Total Length of Bwd Packets | Fwd Packet Length Min | Fwd Packet Length Std | Bwd Packet Length Mean | Flow IAT Std | Fwd IAT Mean | Fwd Header Length | Bwd Packets/s | Packet Length Std | ECE Flag Count | Down/Up Ratio | min_seg_size_forward | Active Min,1
576,Destination Port | Flow Duration | Total Length of Fwd Packets | Total Length of Bwd Packets | Flow IAT Min | Bwd IAT Std | Bwd IAT Max | Bwd IAT Min | Fwd Packets/s | Average Packet Size | Init_Win_bytes_forward | Init_Win_bytes_backward | act_data_pkt_fwd,6
577,Total Fwd Packets | Total Backward Packets | Fwd Packet Length Max | Bwd Packet Length Min | Bwd Packet Length Mean | Fwd IAT Min | Fwd PSH Flags | RST Flag Count | URG Flag Count | Average Packet Size | min_seg_size_forward | Idle Mean | Idle Max,4
578,Total Backward Packets | Total Length of Bwd Packets | Fwd Packet Length Std | Bwd Packet Length Std | Flow Packets/s | Fwd IAT Total | Fwd IAT Max | Bwd IAT Total | Bwd IAT Std | Bwd IAT Min | ECE Flag Count | Down/Up Ratio | Init_Win_bytes_forward,3
579,Fwd Packet Length Max | Fwd Packet Length Mean | Flow IAT Std | Flow IAT Max | Fwd IAT Mean | Fwd IAT Max | Bwd IAT Mean | Bwd IAT Std | Bwd IAT Min | Bwd Packets/s | Max Packet Length | Packet Length Mean | Init_Win_bytes_forward,3
580,Fwd Packet Length Mean | Bwd Packet Length Min | Flow IAT Max | Fwd IAT Total | Fwd IAT Std | Fwd IAT Max | Bwd IAT Total | Fwd Packets/s | Bwd Packets/s | Min Packet Length | Active Min | Idle Max | Idle Min,2
581,Destination Port | Fwd Packet Length Std | Bwd Packet Length Std | Fwd IAT Mean | Bwd IAT Mean | Bwd IAT Max | Fwd PSH Flags | Bwd Packets/s | Packet Length Std | URG Flag Count | Average Packet Size | Active Mean | Active Max,2
582,Total Fwd Packets | Fwd Packet Length Max | Bwd Packet Length Std | Flow Bytes/s | Flow IAT Mean | Fwd IAT Mean | Bwd Header Length | Fwd Packets/s | Min Packet Length | RST Flag Count | Active Max | Idle Std | Idle Max,3
583,Flow Duration | Total Backward Packets | Total Length of Bwd Packets | Bwd Packet Length Max | Bwd IAT Std | Bwd IAT Max | Fwd URG Flags | Bwd Header Length | Bwd Packets/s | Min Packet Length | Down/Up Ratio | Init_Win_bytes_backward | min_seg_size_forward,3
584,Bwd Packet Length Std | Flow IAT Min | Fwd IAT Std | Fwd PSH Flags | Bwd Header Length | Fwd Packets/s | Bwd Packets/s | Packet Length Mean | ACK Flag Count | Init_Win_bytes_forward | Active Mean | Active Max | Idle Std,3
585,Flow Duration | Fwd Packet Length Max | Bwd Packet Length Max | Flow IAT Std | Flow IAT Max | Fwd IAT Total | Bwd IAT Total | Bwd Packets/s | FIN Flag Count | Init_Win_bytes_backward | Active Std | Active Max | Idle Std,1
586,Total Fwd Packets | Fwd Packet Length Std | Flow Bytes/s | Flow IAT Min | Fwd IAT Std | Bwd IAT Max | Bwd IAT Min | Fwd PSH Flags | RST Flag Count | Down/Up Ratio | Init_Win_bytes_forward | Active Std | Idle Mean,4
587,Flow IAT Mean | Flow IAT Std | Fwd IAT Total | Bwd IAT Total | Bwd IAT Mean | Bwd IAT Std | Bwd Packets/s | FIN Flag Count | ACK Flag Count | ECE Flag Count | Down/Up Ratio | Average Packet Size | Idle Mean,0
588,Total Backward Packets | Total Length of Bwd Packets | Bwd Packet Length Min | Flow IAT Max | Bwd IAT Total | Bwd IAT Mean | Bwd IAT Max | Bwd Header Length | Bwd Packets/s | Init_Win_bytes_backward | Active Max | Idle Mean | Idle Min,2
589,Total Fwd Packets | Fwd Packet Length Std | Bwd Packet Length Std | Fwd IAT Total | Fwd IAT Mean | Fwd IAT Min | Bwd IAT Total | Fwd URG Flags | Bwd Header Length | Max Packet Length | URG Flag Count | Active Max | Idle Max,3
590,Fwd Packet Length Max | Bwd Packet Length Min | Fwd IAT Std | Fwd IAT Min | Bwd IAT Std | FIN Flag Count | URG Flag Count | Down/Up Ratio | Average Packet Size | min_seg_size_forward | Active Max | Active Min | Idle Max,3
591,Fwd Packet Length Min | Bwd Packet Length Std | Flow IAT Min | Fwd IAT Std | Bwd IAT Min | Bwd Header Length | Bwd Packets/s | Packet Length Std | ACK Flag Count | URG Flag Count | Init_Win_bytes_backward | Active Mean | Active Min,4
592,Flow Duration | Bwd Packet Length Min | Bwd Packet Length Mean | Fwd IAT Min | Bwd IAT Max | Fwd PSH Flags | Fwd URG Flags | Packet Length Std | PSH Flag Count | Active Mean | Active Std | Active Min | Idle Mean,2
593,Destination Port | Flow Duration | Total Length of Fwd Packets | Total Length of Bwd Packets | Fwd Packet Length Max | Fwd Packet Length Std | Bwd Packet Length Min | Bwd Packet Length Std | Flow Bytes/s | Flow IAT Std | Fwd IAT Max | Fwd IAT Min | URG Flag Count,4
594,Flow Duration | Fwd Packet Length Std | Bwd Packet Length Std | Flow Packets/s | Fwd IAT Std | Bwd IAT Total | Fwd Packets/s | Max Packet Length | PSH Flag Count | ACK Flag Count | Down/Up Ratio | Active Min | Idle Max,2
595,Destination Port | Flow Duration | Total Fwd Packets | Total Backward Packets | Total Length of Bwd Packets | Bwd Packet Length Std | Bwd IAT Max | Bwd Header Length | FIN Flag Count | Down/Up Ratio | act_data_pkt_fwd | Idle Mean | Idle Min,3
596,Fwd Packet Length Min | Bwd Packet Length Max | Bwd Packet Length Std | Flow Bytes/s | Flow Packets/s | Flow IAT Std | Fwd URG Flags | Packet Length Std | Down/Up Ratio | Average Packet Size | Init_Win_bytes_forward | Active Std | Active Max,2
597,Total Fwd Packets | Total Backward Packets | Bwd Packet Length Mean | Flow IAT Mean | Fwd IAT Std | Fwd IAT Min | Bwd Packets/s | PSH Flag Count | Down/Up Ratio | Init_Win_bytes_backward | Active Std | Idle Mean | Idle Max,2
598,Destination Port | Bwd Packet Length Max | Bwd Packet Length Min | Bwd Packet Length Std | Flow Bytes/s | Flow IAT Std | Flow IAT Min | Fwd IAT Total | Bwd IAT Max | Packet Length Mean | RST Flag Count | Down/Up Ratio | Average Packet Size,5
599,Flow Duration | Total Length of Bwd Packets | Fwd Packet Length Min | Fwd Packet Length Std | Bwd Packet Length Mean | Flow Packets/s | Fwd IAT Std | Bwd IAT Mean | RST Flag Count | Init_Win_bytes_forward | Init_Win_bytes_backward | Idle Max | Idle Min,3
600,Fwd Packet Length Min | Bwd Packet Length Min | Bwd Packet Length Mean | Bwd Packet Length Std | Flow IAT Mean | Bwd IAT Std | Fwd PSH Flags | Fwd URG Flags | Bwd Header Length | act_data_pkt_fwd | Active Min | Idle Mean | Idle Max,3
601,Total Fwd Packets | Total Length of Fwd Packets | Bwd Packet Length Std | Flow Packets/s | Flow IAT Std | Fwd IAT Mean | Max Packet Length | PSH Flag Count | ACK Flag Count | Init_Win_bytes_backward | Active Std | Active Max | Idle Max,3
602,Destination Port | Total Backward Packets | Fwd Packet Length Min | Bwd Packet Length Max | Flow Bytes/s | Flow IAT Mean | Flow IAT Min | Fwd IAT Max | Fwd IAT Min | Bwd IAT Mean | Bwd IAT Std | Active Std | Idle Std,3
603,Total Length of Fwd Packets | Fwd Packet Length Min | Bwd Packet Length Mean | Flow Bytes/s | Flow IAT Mean | Bwd IAT Total | Bwd IAT Std | Bwd IAT Min | FIN Flag Count | RST Flag Count | min_seg_size_forward | Active Mean | Idle Mean,3
604,Total Length of Bwd Packets | Fwd Packet Length Max | Bwd Packet Length Max | Bwd Packet Length Min | Flow Packets/s | Flow IAT Mean | Fwd IAT Min | Bwd IAT Std | Fwd URG Flags | Bwd Header Length | Down/Up Ratio | Init_Win_bytes_forward | Active Mean,3
605,Total Backward Packets | Total Length of Fwd Packets | Bwd Packet Length Std | Flow Bytes/s | Flow IAT Max | Max Packet Length | Packet Length Std | RST Flag Count | PSH Flag Count | ECE Flag Count | Down/Up Ratio | Idle Std | Idle Max,3
606,Bwd Packet Length Min | Flow Packets/s | Flow IAT Mean | Flow IAT Min | Fwd IAT Std | Bwd IAT Std | Fwd URG Flags | Fwd Header Length | FIN Flag Count | RST Flag Count | min_seg_size_forward | Active Min | Idle Mean,4
607,Total Backward Packets | Flow IAT Mean | Flow IAT Max | Flow IAT Min | Fwd IAT Min | Fwd PSH Flags | RST Flag Count | PSH Flag Count | URG Flag Count | Average Packet Size | Init_Win_bytes_forward | Init_Win_bytes_backward | act_data_pkt_fwd,6
608,Total Backward Packets | Total Length of Fwd Packets | Fwd Packet Length Std | Bwd Packet Length Mean | Flow Bytes/s | Fwd IAT Total | Fwd IAT Min | Bwd IAT Total | Bwd IAT Max | Bwd IAT Min | Fwd Header Length | Min Packet Length | Init_Win_bytes_backward,4
609,Destination Port | Flow Duration | Total Length of Bwd Packets | Fwd Packet Length Max | Bwd Packet Length Mean | Bwd IAT Total | Bwd IAT Min | Fwd PSH Flags | Fwd Packets/s | Bwd Packets/s | RST Flag Count | Idle Std | Idle Min,3
610,Destination Port | Total Backward Packets | Total Length of Bwd Packets | Fwd Packet Length Max | Bwd Packet Length Max | Flow IAT Mean | Flow IAT Std | Flow IAT Min | Fwd IAT Std | Bwd IAT Total | Fwd PSH Flags | FIN Flag Count | Init_Win_bytes_backward,3
611,Total Fwd Packets | Total Length of Bwd Packets | Flow Packets/s | Flow IAT Min | Fwd IAT Mean | Fwd IAT Std | Fwd IAT Max | Fwd URG Flags | Bwd Packets/s | Down/Up Ratio | Init_Win_bytes_backward | Active Min | Idle Max,2
612,Total Length of Fwd Packets | Bwd Packet Length Min | Bwd Packet Length Std | Flow IAT Mean | Fwd IAT Total | Fwd IAT Max | Fwd IAT Min | Bwd IAT Max | Packet Length Std | Init_Win_bytes_forward | act_data_pkt_fwd | Active Mean | Idle Min,5
613,Total Backward Packets | Bwd Packet Length Min | Fwd IAT Std | Bwd IAT Total | Bwd IAT Mean | Bwd IAT Std | Fwd URG Flags | Max Packet Length | FIN Flag Count | ACK Flag Count | Active Std | Active Min | Idle Max,2
614,Total Fwd Packets | Fwd Packet Length Min | Bwd Packet Length Mean | Fwd IAT Total | Bwd IAT Total | Bwd IAT Std | Bwd IAT Min | Fwd URG Flags | ACK Flag Count | ECE Flag Count | Down/Up Ratio | min_seg_size_forward | Active Max,2
615,Destination Port | Total Fwd Packets | Total Backward Packets | Total Length of Fwd Packets | Fwd Packet Length Min | Flow Packets/s | Fwd Header Length | Max Packet Length | Down/Up Ratio | Average Packet Size | Init_Win_bytes_forward | min_seg_size_forward | Idle Std,4
616,Destination Port | Fwd Packet Length Mean | Fwd Packet Length Std | Flow IAT Min | Fwd IAT Total | Fwd IAT Min | Bwd IAT Std | Fwd Packets/s | FIN Flag Count | ACK Flag Count | Init_Win_bytes_forward | act_data_pkt_fwd | min_seg_size_forward,6
617,Total Backward Packets | Fwd Packet Length Max | Fwd Packet Length Mean | Bwd Packet Length Min | Flow IAT Mean | Flow IAT Min | Fwd IAT Min | Bwd Header Length | Packet Length Std | Down/Up Ratio | Init_Win_bytes_backward | Active Std | Idle Std,4
618,Total Length of Bwd Packets | Fwd Packet Length Min | Bwd Packet Length Max | Bwd Packet Length Mean | Bwd Packet Length Std | Flow Bytes/s | Flow IAT Max | FIN Flag Count | PSH Flag Count | Init_Win_bytes_backward | act_data_pkt_fwd | min_seg_size_forward | Active Std,4
619,Destination Port | Total Length of Bwd Packets | Fwd Packet Length Std | Bwd Packet Length Max | Fwd IAT Mean | Fwd IAT Std | Fwd IAT Max | Fwd IAT Min | Fwd Header Length | Fwd Packets/s | FIN Flag Count | act_data_pkt_fwd | Idle Mean,3
620,Fwd Packet Length Std | Flow IAT Std | Fwd IAT Total | Fwd IAT Std | Bwd IAT Max | Bwd Header Length | Min Packet Length | RST Flag Count | PSH Flag Count | ACK Flag Count | min_seg_size_forward | Active Max | Idle Std,3
621,Destination Port | Flow Duration | Fwd Packet Length Min | Flow Packets/s | Flow IAT Max | Bwd IAT Mean | Fwd URG Flags | Packet Length Mean | FIN Flag Count | ACK Flag Count | min_seg_size_forward | Idle Std | Idle Max,2
622,Fwd Packet Length Max | Fwd Packet Length Min | Flow Packets/s | Flow IAT Std | Fwd IAT Min | Bwd IAT Mean | Bwd IAT Std | Min Packet Length | Max Packet Length | RST Flag Count | Average Packet Size | Active Mean | Active Max,4
623,Total Backward Packets | Bwd Packet Length Max | Flow IAT Mean | Fwd IAT Max | Bwd IAT Total | Bwd IAT Mean | Bwd IAT Std | Bwd IAT Max | Fwd Packets/s | Packet Length Mean | Packet Length Std | Init_Win_bytes_forward | act_data_pkt_fwd,2
624,Destination Port | Total Length of Fwd Packets | Flow Packets/s | Fwd IAT Total | Fwd IAT Mean | Fwd IAT Max | Bwd IAT Total | Fwd PSH Flags | Bwd Packets/s | Packet Length Mean | PSH Flag Count | URG Flag Count | Idle Std,1
625,Destination Port | Fwd Packet Length Std | Bwd Packet Length Mean | Flow Bytes/s | Fwd IAT Std | Fwd IAT Min | Bwd Header Length | Bwd Packets/s | Packet Length Std | PSH Flag Count | Active Max | Active Min | Idle Std,2
626,Total Length of Fwd Packets | Bwd Packet Length Std | Flow Packets/s | Flow IAT Max | Flow IAT Min | Fwd IAT Mean | Fwd IAT Std | Bwd IAT Max | RST Flag Count | Init_Win_bytes_forward | Active Mean | Idle Mean | Idle Std,4
627,Fwd Packet Length Min | Flow Packets/s | Flow IAT Std | Bwd IAT Mean | Fwd PSH Flags | Fwd URG Flags | Bwd Header Length | Fwd Packets/s | Max Packet Length | Packet Length Mean | Packet Length Std | Active Mean | Active Max,1
628,Flow Duration | Fwd Packet Length Mean | Fwd Packet Length Std | Bwd Packet Length Max | Bwd Packet Length Mean | Fwd IAT Total | Fwd IAT Std | Bwd IAT Total | Down/Up Ratio | Init_Win_bytes_backward | Active Mean | Active Max | Idle Mean,1
629,Total Fwd Packets | Total Length of Fwd Packets | Fwd Packet Length Std | Bwd Packet Length Std | Flow IAT Max | Fwd IAT Std | Bwd IAT Total | Fwd Packets/s | Min Packet Length | RST Flag Count | Active Min | Idle Mean | Idle Std,3
630,Bwd Packet Length Min | Flow IAT Min | Fwd IAT Std | Bwd IAT Total | Bwd IAT Std | Fwd URG Flags | Bwd Header Length | Fwd Packets/s | Max Packet Length | ACK Flag Count | ECE Flag Count | Average Packet Size | Idle Min,3
631,Total Fwd Packets | Total Backward Packets | Bwd Packet Length Max | Flow Bytes/s | Fwd IAT Total | Fwd IAT Mean | Fwd IAT Max | Bwd IAT Total | Bwd IAT Min | FIN Flag Count | act_data_pkt_fwd | min_seg_size_forward | Active Mean,3
632,Total Length of Fwd Packets | Fwd Packet Length Max | Fwd Packet Length Min | Flow IAT Mean | Flow IAT Max | Flow IAT Min | Fwd IAT Std | Bwd IAT Mean | Packet Length Mean | RST Flag Count | Average Packet Size | Idle Std | Idle Min,2
633,Total Backward Packets | Fwd Packet Length Min | Fwd Packet Length Mean | Fwd Packet Length Std | Flow IAT Max | Fwd IAT Mean | Fwd Packets/s | ACK Flag Count | Down/Up Ratio | Init_Win_bytes_backward | act_data_pkt_fwd | Active Max | Idle Min,2
634,Total Length of Bwd Packets | Bwd Packet Length Mean | Bwd Packet Length Std | Flow IAT Max | Fwd IAT Std | Fwd IAT Max | Fwd PSH Flags | Bwd Header Length | Packet Length Mean | min_seg_size_forward | Active Std | Active Min | Idle Std,2
635,Destination Port | Flow Duration | Fwd Packet Length Min | Fwd Packet Length Std | Bwd Packet Length Std | Fwd IAT Min | Bwd IAT Max | Bwd IAT Min | Bwd Header Length | Max Packet Length | Packet Length Mean | FIN Flag Count | ECE Flag Count,5
636,Flow Duration | Fwd Packet Length Mean | Bwd Packet Length Max | Flow IAT Max | Flow IAT Min | Fwd IAT Total | Fwd IAT Std | Fwd Header Length | Min Packet Length | RST Flag Count | URG Flag Count | min_seg_size_forward | Idle Std,4
637,Flow Duration | Total Backward Packets | Total Length of Fwd Packets | Bwd Packet Length Min | Bwd Packet Length Mean | Flow Packets/s | Fwd IAT Min | Fwd PSH Flags | Fwd URG Flags | Bwd Packets/s | Init_Win_bytes_forward | Active Min | Idle Mean,3
638,Total Fwd Packets | Total Length of Bwd Packets | Bwd Packet Length Max | Fwd IAT Total | Fwd IAT Max | Fwd URG Flags | PSH Flag Count | ECE Flag Count | Down/Up Ratio | min_seg_size_forward | Active Mean | Active Max | Idle Mean,1
639,Total Fwd Packets | Total Length of Bwd Packets | Fwd Packet Length Min | Bwd Packet Length Mean | Flow IAT Mean | Fwd URG Flags | Fwd Packets/s | Bwd Packets/s | Packet Length Mean | ECE Flag Count | Idle Mean | Idle Max | Idle Min,0
640,Destination Port | Total Fwd Packets | Total Backward Packets | Total Length of Bwd Packets | Flow IAT Mean | Flow IAT Std | Fwd IAT Std | Bwd IAT Min | URG Flag Count | min_seg_size_forward | Active Min | Idle Max | Idle Min,3
641,Fwd Packet Length Std | Bwd Packet Length Min | Bwd Packet Length Std | Fwd IAT Total | Fwd IAT Mean | Fwd IAT Min | Bwd IAT Min | Fwd PSH Flags | Min Packet Length | Packet Length Mean | FIN Flag Count | Init_Win_bytes_forward | Active Mean,6
642,Total Length of Bwd Packets | Bwd Packet Length Min | Flow IAT Max | Flow IAT Min | Fwd IAT Total | Fwd IAT Min | Fwd URG Flags | Packet Length Std | URG Flag Count | Init_Win_bytes_forward | Active Mean | Active Max | Idle Min,4
643,Destination Port | Total Length of Fwd Packets | Fwd Packet Length Max | Fwd IAT Total | Fwd PSH Flags | Packet Length Mean | Packet Length Std | PSH Flag Count | ECE Flag Count | Average Packet Size | act_data_pkt_fwd | Active Max | Idle Std,2
644,Flow Duration | Flow Packets/s | Flow IAT Mean | Fwd IAT Mean | Fwd IAT Std | Bwd IAT Min | Fwd Packets/s | Bwd Packets/s | RST Flag Count | Active Std | Active Min | Idle Std | Idle Max,2
645,Total Length of Bwd Packets | Fwd Packet Length Min | Bwd Packet Length Max | Fwd IAT Min | Bwd IAT Total | Fwd Header Length | Packet Length Mean | URG Flag Count | min_seg_size_forward | Active Mean | Active Std | Idle Mean | Idle Max,2
646,Fwd Packet Length Mean | Flow Bytes/s | Flow Packets/s | Flow IAT Max | Fwd IAT Total | Fwd Header Length | Fwd Packets/s | Max Packet Length | Packet Length Std | URG Flag Count | min_seg_size_forward | Active Mean | Active Std,2
647,Fwd Packet Length Max | Fwd Packet Length Mean | Flow IAT Mean | Flow IAT Min | Fwd IAT Mean | Fwd Header Length | Fwd Packets/s | Min Packet Length | Packet Length Mean | PSH Flag Count | Init_Win_bytes_forward | Idle Max | Idle Min,3
648,Fwd Packet Length Min | Bwd Packet Length Max | Bwd Packet Length Mean | Fwd Header Length | Fwd Packets/s | Bwd Packets/s | Packet Length Mean | Packet Length Std | FIN Flag Count | PSH Flag Count | Down/Up Ratio | Average Packet Size | Active Mean,0
649,Flow Duration | Fwd Packet Length Min | Bwd Packet Length Min | Flow Bytes/s | Flow IAT Mean | Fwd Header Length | Bwd Header Length | Bwd Packets/s | Packet Length Mean | URG Flag Count | Init_Win_bytes_backward | Active Min | Idle Std,2
650,Destination Port | Flow Duration | Total Length of Fwd Packets | Fwd Packet Length Max | Fwd Packet Length Mean | Flow IAT Mean | Bwd IAT Mean | Fwd PSH Flags | Fwd Packets/s | Min Packet Length | PSH Flag Count | Down/Up Ratio | Active Max,2
651,Flow Duration | Total Length of Bwd Packets | Fwd Packet Length Std | Bwd Packet Length Mean | Flow Bytes/s | Flow IAT Mean | Fwd IAT Mean | Fwd IAT Std | Bwd Packets/s | Packet Length Mean | Idle Std | Idle Max | Idle Min,0
652,Total Fwd Packets | Fwd Packet Length Mean | Bwd Packet Length Max | Bwd Packet Length Mean | Flow Bytes/s | Flow IAT Min | Fwd IAT Mean | Bwd IAT Std | Fwd URG Flags | Down/Up Ratio | Init_Win_bytes_backward | Idle Max | Idle Min,2
653,Flow Duration | Total Length of Fwd Packets | Total Length of Bwd Packets | Fwd Packet Length Max | Bwd IAT Max | Bwd IAT Min | Fwd Packets/s | FIN Flag Count | URG Flag Count | Init_Win_bytes_backward | act_data_pkt_fwd | Active Mean | Idle Mean,3
654,Total Fwd Packets | Total Backward Packets | Fwd Packet Length Mean | Flow Bytes/s | Flow Packets/s | Flow IAT Min | Fwd IAT Max | Bwd IAT Std | Bwd IAT Min | Bwd Header Length | FIN Flag Count | Active Max | Idle Mean,2
655,Destination Port | Total Fwd Packets | Total Backward Packets | Bwd Packet Length Mean | Flow Bytes/s | Flow IAT Min | Bwd IAT Mean | Bwd Header Length | Min Packet Length | ACK Flag Count | Init_Win_bytes_forward | Active Max | Idle Max,4
656,Total Fwd Packets | Total Length of Bwd Packets | Bwd Packet Length Std | Flow Packets/s | Flow IAT Mean | Fwd IAT Std | Fwd IAT Min | Bwd IAT Std | Fwd Packets/s | Bwd Packets/s | PSH Flag Count | ACK Flag Count | Average Packet Size,2
657,Flow Duration | Fwd Packet Length Std | Bwd Packet Length Min | Flow Packets/s | Flow IAT Std | Fwd IAT Std | Bwd IAT Std | Bwd IAT Min | Min Packet Length | Max Packet Length | ECE Flag Count | Init_Win_bytes_backward | Active Min,5
658,Destination Port | Fwd Packet Length Std | Flow Packets/s | Flow IAT Mean | Flow IAT Std | Fwd IAT Mean | Fwd Header Length | Bwd Packets/s | Packet Length Std | URG Flag Count | act_data_pkt_fwd | Active Max | Idle Std,2
659,Total Backward Packets | Fwd Packet Length Std | Bwd Packet Length Max | Bwd Packet Length Min | Flow IAT Std | Bwd IAT Mean | Bwd IAT Max | Fwd PSH Flags | Min Packet Length | Max Packet Length | act_data_pkt_fwd | Active Mean | Active Max,4
660,Total Backward Packets | Total Length of Fwd Packets | Fwd Packet Length Max | Flow IAT Std | Fwd IAT Mean | Fwd IAT Std | Bwd Packets/s | Packet Length Std | ECE Flag Count | Down/Up Ratio | act_data_pkt_fwd | Active Max | Idle Min,1
661,Fwd Packet Length Mean | Flow IAT Max | Fwd IAT Mean | Fwd IAT Std | Fwd IAT Max | Bwd IAT Std | Min Packet Length | Max Packet Length | Packet Length Mean | RST Flag Count | PSH Flag Count | ECE Flag Count | Idle Mean,3
662,Destination Port | Total Backward Packets | Total Length of Bwd Packets | Bwd Packet Length Max | Bwd Packet Length Std | Fwd IAT Mean | Fwd IAT Std | Fwd Header Length | Min Packet Length | RST Flag Count | Down/Up Ratio | min_seg_size_forward | Active Max,5
663,Flow Duration | Bwd Packet Length Min | Flow Bytes/s | Flow Packets/s | Bwd IAT Total | Bwd IAT Min | Fwd PSH Flags | Fwd Header Length | Packet Length Mean | Down/Up Ratio | Average Packet Size | Active Max | Active Min,2
664,Total Backward Packets | Fwd Packet Length Std | Flow IAT Mean | Flow IAT Std | Flow IAT Max | Bwd IAT Min | Bwd Header Length | Bwd Packets/s | Min Packet Length | Packet Length Mean | URG Flag Count | Active Max | Idle Max,2
665,Fwd Packet Length Min | Flow Bytes/s | Fwd IAT Mean | Fwd Packets/s | Max Packet Length | Packet Length Mean | RST Flag Count | PSH Flag Count | Down/Up Ratio | Init_Win_bytes_forward | Active Mean | Active Min | Idle Std,3
666,Total Fwd Packets | Fwd Packet Length Std | Bwd Packet Length Mean | Flow IAT Std | Bwd IAT Mean | Fwd URG Flags | Max Packet Length | ACK Flag Count | URG Flag Count | Down/Up Ratio | Init_Win_bytes_forward | act_data_pkt_fwd | Active Max,3
667,Total Fwd Packets | Total Length of Fwd Packets | Total Length of Bwd Packets | Flow Packets/s | Flow IAT Mean | Flow IAT Std | Bwd IAT Total | Bwd IAT Min | Fwd Header Length | Fwd Packets/s | Packet Length Mean | Down/Up Ratio | Average Packet Size,1
668,Total Length of Fwd Packets | Bwd Packet Length Max | Bwd Packet Length Mean | Flow Bytes/s | Flow IAT Min | Packet Length Mean | FIN Flag Count | RST Flag Count | Init_Win_bytes_forward | Init_Win_bytes_backward | min_seg_size_forward | Active Mean | Active Min,5
669,Destination Port | Total Backward Packets | Bwd Packet Length Max | Flow Packets/s | Flow IAT Max | Fwd PSH Flags | Fwd Header Length | Bwd Header Length | Max Packet Length | Packet Length Std | FIN Flag Count | RST Flag Count | Active Std,3
670,Flow Duration | Total Length of Bwd Packets | Fwd Packet Length Max | Fwd Packet Length Std | Flow Bytes/s | Flow IAT Min | Fwd IAT Max | Bwd IAT Total | Bwd IAT Mean | Bwd IAT Std | Fwd PSH Flags | Packet Length Std | act_data_pkt_fwd,2
671,Destination Port | Flow Duration | Bwd Packet Length Std | Bwd IAT Std | Bwd IAT Max | Bwd IAT Min | Bwd Header Length | Fwd Packets/s | Max Packet Length | RST Flag Count | URG Flag Count | Down/Up Ratio | Average Packet Size,5
672,Total Length of Fwd Packets | Fwd Packet Length Max | Fwd Packet Length Mean | Bwd Packet Length Max | Bwd Packet Length Std | Flow IAT Std | Fwd IAT Total | Bwd Header Length | Fwd Packets/s | Packet Length Std | PSH Flag Count | URG Flag Count | Idle Std,1
673,Bwd Packet Length Std | Flow IAT Max | Fwd IAT Total | Bwd IAT Mean | Fwd PSH Flags | Fwd Header Length | Bwd Header Length | Fwd Packets/s | FIN Flag Count | ACK Flag Count | Init_Win_bytes_backward | min_seg_size_forward | Active Min,3
674,Flow Duration | Total Length of Bwd Packets | Bwd Packet Length Mean | Flow IAT Std | Flow IAT Min | Bwd IAT Total | ACK Flag Count | Init_Win_bytes_forward | Active Std | Active Max | Active Min | Idle Mean | Idle Min,2
675,Destination Port | Flow Duration | Bwd Packet Length Min | Fwd IAT Min | Bwd IAT Total | Bwd IAT Max | Fwd PSH Flags | Fwd URG Flags | Fwd Header Length | RST Flag Count | PSH Flag Count | min_seg_size_forward | Active Std,5
676,Fwd Packet Length Min | Fwd IAT Mean | Fwd IAT Max | Bwd IAT Std | Fwd PSH Flags | Fwd URG Flags | Max Packet Length | RST Flag Count | ACK Flag Count | Init_Win_bytes_forward | Init_Win_bytes_backward | act_data_pkt_fwd | Active Std,5
677,Total Length of Bwd Packets | Fwd Packet Length Mean | Bwd Packet Length Mean | Flow Bytes/s | Flow IAT Std | Fwd IAT Total | Fwd IAT Std | Bwd IAT Min | Bwd Header Length | Min Packet Length | Packet Length Mean | FIN Flag Count | min_seg_size_forward,3
678,Total Fwd Packets | Total Backward Packets | Fwd IAT Total | Fwd IAT Std | Fwd IAT Max | Min Packet Length | Packet Length Std | FIN Flag Count | RST Flag Count | ECE Flag Count | Active Mean | Active Std | Active Max,2
679,Destination Port | Total Fwd Packets | Bwd Packet Length Min | Fwd IAT Mean | Bwd IAT Std | Bwd IAT Max | Fwd URG Flags | Fwd Packets/s | URG Flag Count | Init_Win_bytes_backward | Active Std | Active Max | Idle Min,3
680,Destination Port | Total Fwd Packets | Total Backward Packets | Total Length of Fwd Packets | Fwd Packet Length Std | Bwd Packet Length Std | Flow IAT Max | Bwd IAT Min | Fwd PSH Flags | Fwd Packets/s | Packet Length Mean | Packet Length Std | Active Mean,3
681,Destination Port | Flow Duration | Fwd Packet Length Max | Fwd Packet Length Min | Flow Packets/s | Flow IAT Mean | Flow IAT Min | Fwd PSH Flags | Min Packet Length | Max Packet Length | Packet Length Std | Idle Mean | Idle Std,4
682,Total Length of Fwd Packets | Flow Bytes/s | Flow IAT Std | Fwd IAT Mean | Fwd IAT Min | Fwd URG Flags | Fwd Packets/s | Max Packet Length | Packet Length Std | FIN Flag Count | URG Flag Count | Active Max | Active Min,2
683,Total Length of Bwd Packets | Fwd Packet Length Mean | Bwd Packet Length Mean | Fwd IAT Max | Bwd IAT Mean | Bwd IAT Max | Fwd Packets/s | Packet Length Mean | FIN Flag Count | RST Flag Count | URG Flag Count | act_data_pkt_fwd | Active Std,2
684,Destination Port | Total Fwd Packets | Fwd Packet Length Max | Bwd Packet Length Mean | Flow IAT Max | Flow IAT Min | Fwd IAT Std | Fwd IAT Max | Fwd IAT Min | Max Packet Length | Packet Length Std | Init_Win_bytes_backward | Active Max,5
685,Total Backward Packets | Fwd Packet Length Max | Fwd Packet Length Min | Flow Packets/s | Fwd IAT Mean | Fwd URG Flags | Bwd Header Length | FIN Flag Count | ACK Flag Count | Average Packet Size | Init_Win_bytes_forward | Active Max | Active Min,1
686,Destination Port | Flow Duration | Total Fwd Packets | Total Length of Fwd Packets | Fwd Packet Length Min | Bwd Packet Length Max | Bwd IAT Total | Bwd IAT Max | Bwd IAT Min | Bwd Header Length | Min Packet Length | RST Flag Count | Active Min,4
687,Total Backward Packets | Total Length of Fwd Packets | Fwd Packet Length Min | Flow Packets/s | Flow IAT Mean | Fwd IAT Total | Fwd IAT Mean | Bwd IAT Min | Fwd PSH Flags | Fwd Header Length | Max Packet Length | RST Flag Count | Init_Win_bytes_backward,4
688,Destination Port | Total Length of Fwd Packets | Fwd Packet Length Max | Fwd Packet Length Std | Bwd Packet Length Max | Bwd Packet Length Mean | Flow IAT Std | Fwd IAT Std | Packet Length Mean | RST Flag Count | ECE Flag Count | Idle Max | Idle Min,2
689,Total Backward Packets | Fwd Packet Length Max | Fwd Packet Length Std | Flow Bytes/s | Flow IAT Mean | Flow IAT Max | Fwd URG Flags | Bwd Header Length | Packet Length Std | PSH Flag Count | ACK Flag Count | Active Max | Idle Mean,0
690,Total Length of Bwd Packets | Flow Packets/s | Flow IAT Std | Flow IAT Max | Fwd IAT Mean | Fwd IAT Max | Bwd IAT Max | Fwd PSH Flags | Bwd Header Length | Min Packet Length | ECE Flag Count | Average Packet Size | Idle Max,1
691,Destination Port | Total Fwd Packets | Total Length of Bwd Packets | Flow IAT Std | Fwd IAT Total | Bwd IAT Total | Bwd IAT Max | Fwd PSH Flags | Fwd URG Flags | Bwd Header Length | Max Packet Length | ACK Flag Count | min_seg_size_forward,3
692,Flow Duration | Total Length of Fwd Packets | Bwd Packet Length Min | Flow Bytes/s | Flow Packets/s | Flow IAT Max | Fwd IAT Std | Fwd PSH Flags | Packet Length Std | act_data_pkt_fwd | Active Std | Idle Mean | Idle Std,2
693,Destination Port | Total Length of Bwd Packets | Flow Bytes/s | Flow Packets/s | Bwd IAT Total | Bwd IAT Std | Bwd Header Length | Min Packet Length | Packet Length Std | Init_Win_bytes_backward | Active Std | Active Max | Idle Mean,3
694,Total Fwd Packets | Total Length of Bwd Packets | Fwd Packet Length Min | Fwd Packet Length Mean | Fwd IAT Total | Fwd IAT Max | Bwd IAT Mean | Fwd URG Flags | Max Packet Length | Packet Length Mean | URG Flag Count | Active Std | Idle Max,1
695,Total Fwd Packets | Total Length of Fwd Packets | Flow Bytes/s | Flow Packets/s | Flow IAT Std | Flow IAT Max | Fwd IAT Mean | Fwd IAT Std | Fwd IAT Min | Fwd PSH Flags | Bwd Packets/s | act_data_pkt_fwd | Idle Mean,2
696,Total Backward Packets | Bwd Packet Length Std | Flow IAT Max | Bwd IAT Mean | Bwd IAT Max | Fwd URG Flags | Fwd Header Length | Bwd Header Length | Bwd Packets/s | FIN Flag Count | RST Flag Count | Active Std | Active Min,2
697,Flow Duration | Total Backward Packets | Fwd Packet Length Min | Flow Packets/s | Bwd IAT Total | Fwd URG Flags | Fwd Header Length | Fwd Packets/s | Min Packet Length | URG Flag Count | min_seg_size_forward | Active Mean | Idle Max,2
698,Total Length of Fwd Packets | Fwd Packet Length Mean | Bwd Packet Length Min | Flow IAT Mean | Flow IAT Std | Flow IAT Max | Flow IAT Min | Bwd IAT Total | Bwd IAT Std | Fwd URG Flags | Min Packet Length | Active Std | Idle Max,3
699,Total Fwd Packets | Total Length of Bwd Packets | Bwd Packet Length Mean | Flow IAT Mean | Fwd IAT Std | Bwd IAT Total | Fwd Header Length | FIN Flag Count | ECE Flag Count | Average Packet Size | Init_Win_bytes_backward | Active Min | Idle Min,1
700,Flow Duration | Fwd Packet Length Min | Flow IAT Min | Fwd IAT Total | Fwd IAT Mean | Bwd IAT Std | Fwd PSH Flags | Bwd Header Length | Bwd Packets/s | Max Packet Length | PSH Flag Count | act_data_pkt_fwd | Active Max,3
701,Flow Duration | Total Backward Packets | Total Length of Fwd Packets | Fwd Packet Length Min | Fwd Packet Length Mean | Bwd Packet Length Max | Fwd IAT Total | Bwd IAT Max | Bwd Header Length | PSH Flag Count | ECE Flag Count | Down/Up Ratio | Idle Mean,0
702,Fwd Packet Length Std | Bwd Packet Length Min | Flow IAT Max | Bwd IAT Total | Bwd IAT Std | Bwd Packets/s | Min Packet Length | Packet Length Mean | FIN Flag Count | Active Min | Idle Std | Idle Max | Idle Min,2
703,Destination Port | Total Length of Fwd Packets | Fwd Packet Length Max | Bwd Packet Length Mean | Flow Bytes/s | Bwd IAT Mean | Bwd IAT Std | Bwd IAT Min | Fwd PSH Flags | Fwd Header Length | Bwd Packets/s | URG Flag Count | Down/Up Ratio,2
704,Total Backward Packets | Total Length of Fwd Packets | Fwd Packet Length Mean | Bwd Packet Length Min | Flow IAT Mean | Fwd IAT Max | Bwd IAT Mean | Fwd PSH Flags | Bwd Packets/s | FIN Flag Count | RST Flag Count | Down/Up Ratio | min_seg_size_forward,3
705,Destination Port | Total Length of Fwd Packets | Fwd Packet Length Min | Flow Bytes/s | Flow IAT Std | Flow IAT Max | Bwd IAT Total | Fwd URG Flags | Fwd Header Length | Fwd Packets/s | PSH Flag Count | URG Flag Count | Active Min,1
706,Destination Port | Bwd Packet Length Min | Bwd Packet Length Std | Flow Packets/s | Fwd IAT Total | Bwd IAT Std | Fwd Packets/s | Max Packet Length | Packet Length Std | min_seg_size_forward | Active Min | Idle Mean | Idle Max,5
707,Bwd Packet Length Mean | Flow IAT Std | Flow IAT Max | Fwd IAT Mean | Bwd IAT Std | Fwd URG Flags | ACK Flag Count | URG Flag Count | ECE Flag Count | Active Mean | Active Std | Idle Std | Idle Max,0
708,Fwd Packet Length Min | Fwd IAT Mean | Fwd IAT Max | Bwd IAT Mean | Bwd IAT Max | Fwd Header Length | Bwd Header Length | Bwd Packets/s | Min Packet Length | Max Packet Length | ACK Flag Count | Active Mean | Idle Std,2
709,Flow Duration | Total Backward Packets | Fwd Packet Length Std | Bwd Packet Length Mean | Fwd IAT Total | Bwd IAT Std | Bwd Header Length | Fwd Packets/s | Min Packet Length | Packet Length Std | ACK Flag Count | ECE Flag Count | Active Min,1
710,Destination Port | Total Backward Packets | Fwd Packet Length Max | Fwd Packet Length Mean | Flow IAT Min | Fwd URG Flags | FIN Flag Count | RST Flag Count | ACK Flag Count | URG Flag Count | Init_Win_bytes_forward | Active Mean | Active Std,4
711,Total Length of Fwd Packets | Fwd Packet Length Mean | Fwd Packet Length Std | Flow IAT Mean | Flow IAT Std | Fwd IAT Total | Fwd IAT Min | Fwd PSH Flags | Bwd Header Length | Packet Length Mean | RST Flag Count | ACK Flag Count | Idle Mean,2
712,Total Fwd Packets | Bwd Packet Length Mean | Flow Bytes/s | Flow IAT Mean | Fwd Header Length | Bwd Header Length | Fwd Packets/s | URG Flag Count | Down/Up Ratio | Average Packet Size | Active Std | Active Min | Idle Std,0
713,Fwd Packet Length Mean | Bwd Packet Length Max | Bwd Packet Length Min | Bwd Packet Length Std | Flow Packets/s | Flow IAT Max | Fwd IAT Total | Bwd IAT Mean | Max Packet Length | URG Flag Count | Down/Up Ratio | Active Max | Idle Max,3
714,Flow Duration | Total Backward Packets | Total Length of Fwd Packets | Total Length of Bwd Packets | Bwd Packet Length Std | Fwd IAT Std | Bwd IAT Mean | Bwd IAT Min | Fwd Packets/s | FIN Flag Count | PSH Flag Count | Active Std | Active Min,2
715,Total Backward Packets | Total Length of Fwd Packets | Fwd Packet Length Max | Fwd Packet Length Std | Flow Packets/s | Flow IAT Mean | Flow IAT Std | Flow IAT Min | Bwd IAT Std | Bwd Header Length | Max Packet Length | RST Flag Count | PSH Flag Count,3
716,Total Length of Fwd Packets | Fwd Packet Length Std | Bwd Packet Length Min | Bwd Packet Length Std | Flow Bytes/s | Flow IAT Mean | Fwd IAT Max | Fwd URG Flags | Bwd Packets/s | Max Packet Length | RST Flag Count | ECE Flag Count | Active Std,4
717,Total Fwd Packets | Total Backward Packets | Fwd Packet Length Max | Fwd Packet Length Std | Bwd IAT Total | Fwd PSH Flags | Min Packet Length | ACK Flag Count | ECE Flag Count | Init_Win_bytes_forward | act_data_pkt_fwd | min_seg_size_forward | Active Mean,4
718,Flow Duration | Total Length of Bwd Packets | Flow Packets/s | Flow IAT Mean | Flow IAT Max | Fwd IAT Mean | Fwd Packets/s | Packet Length Mean | FIN Flag Count | URG Flag Count | ECE Flag Count | act_data_pkt_fwd | Active Std,1
719,Total Fwd Packets | Total Backward Packets | Total Length of Fwd Packets | Fwd Packet Length Std | Bwd Packet Length Max | Fwd IAT Mean | Bwd IAT Mean | Fwd Packets/s | Max Packet Length | Packet Length Std | min_seg_size_forward | Active Mean | Active Max,2
720,Total Backward Packets | Total Length of Bwd Packets | Fwd Packet Length Std | Bwd Packet Length Mean | Bwd IAT Mean | Bwd IAT Min | Fwd PSH Flags | Packet Length Mean | ACK Flag Count | ECE Flag Count | Average Packet Size | act_data_pkt_fwd | Active Max,2
721,Total Backward Packets | Total Length of Bwd Packets | Flow IAT Std | Fwd IAT Max | Fwd URG Flags | Min Packet Length | Max Packet Length | ECE Flag Count | Init_Win_bytes_backward | Active Std | Active Min | Idle Mean | Idle Std,3
722,Flow Duration | Fwd Packet Length Min | Flow Packets/s | Flow IAT Max | Bwd IAT Mean | Bwd IAT Max | Bwd IAT Min | Bwd Packets/s | Max Packet Length | FIN Flag Count | min_seg_size_forward | Idle Mean | Idle Min,3
723,Total Length of Fwd Packets | Bwd Packet Length Min | Flow IAT Min | Fwd IAT Mean | Fwd IAT Std | Bwd IAT Total | RST Flag Count | ACK Flag Count | Down/Up Ratio | act_data_pkt_fwd | Active Mean | Active Std | Idle Max,4
724,Fwd Packet Length Min | Bwd Packet Length Min | Bwd Packet Length Std | Flow IAT Max | Flow IAT Min | Fwd IAT Std | Fwd IAT Min | Fwd Packets/s | Packet Length Mean | URG Flag Count | Init_Win_bytes_backward | min_seg_size_forward | Idle Mean,6
725,Total Fwd Packets | Fwd Packet Length Max | Fwd Packet Length Min | Fwd Packet Length Std | Bwd Packet Length Max | Flow IAT Mean | Fwd IAT Std | Bwd IAT Min | Fwd PSH Flags | Bwd Header Length | Fwd Packets/s | PSH Flag Count | Down/Up Ratio,1
726,Total Fwd Packets | Bwd Packet Length Max | Bwd Packet Length Mean | Fwd IAT Mean | Fwd IAT Min | Bwd IAT Min | Bwd Header Length | Fwd Packets/s | Bwd Packets/s | Packet Length Std | ECE Flag Count | Down/Up Ratio | Idle Max,2
727,Destination Port | Total Fwd Packets | Flow IAT Mean | Flow IAT Std | Fwd IAT Mean | Fwd IAT Max | Bwd IAT Std | Bwd IAT Min | Fwd PSH Flags | Fwd URG Flags | Bwd Header Length | Init_Win_bytes_forward | Active Mean,3
728,Total Length of Fwd Packets | Bwd Packet Length Min | Fwd IAT Total | Bwd IAT Std | Bwd IAT Max | Fwd Header Length | Bwd Header Length | Bwd Packets/s | Min Packet Length | Packet Length Mean | PSH Flag Count | Active Mean | Idle Std,2
729,Total Length of Fwd Packets | Fwd Packet Length Mean | Fwd IAT Mean | Fwd IAT Std | Fwd IAT Min | Bwd IAT Std | Fwd PSH Flags | Fwd Packets/s | FIN Flag Count | Average Packet Size | Init_Win_bytes_forward | min_seg_size_forward | Active Max,3
730,Total Backward Packets | Fwd Packet Length Std | Bwd Packet Length Max | Bwd Packet Length Mean | Bwd Packet Length Std | Fwd IAT Std | Bwd IAT Max | Fwd URG Flags | ACK Flag Count | Average Packet Size | Init_Win_bytes_backward | Active Mean | Idle Mean,2
731,Fwd Packet Length Std | Bwd Packet Length Std | Flow Packets/s | Flow IAT Max | Bwd IAT Mean | Bwd IAT Min | Fwd URG Flags | Bwd Header Length | Min Packet Length | ECE Flag Count | Average Packet Size | Idle Max | Idle Min,3
732,Total Fwd Packets | Total Length of Bwd Packets | Fwd Packet Length Min | Bwd Packet Length Max | Bwd Packet Length Std | Flow Bytes/s | Bwd IAT Max | Fwd Header Length | Packet Length Mean | Packet Length Std | Average Packet Size | Init_Win_bytes_backward | Active Min,2
733,Total Length of Fwd Packets | Fwd Packet Length Min | Fwd Packet Length Std | Fwd IAT Max | Bwd IAT Std | Min Packet Length | Max Packet Length | FIN Flag Count | RST Flag Count | URG Flag Count | Init_Win_bytes_backward | act_data_pkt_fwd | Idle Max,5
734,Fwd Packet Length Max | Fwd Packet Length Std | Bwd Packet Length Max | Bwd Packet Length Mean | Fwd IAT Std | Fwd Header Length | Bwd Packets/s | Min Packet Length | PSH Flag Count | ACK Flag Count | ECE Flag Count | act_data_pkt_fwd | Active Std,2
735,Total Length of Bwd Packets | Fwd Packet Length Max | Bwd Packet Length Max | Flow IAT Min | Fwd IAT Max | Bwd IAT Std | Bwd Packets/s | Packet Length Mean | URG Flag Count | Down/Up Ratio | Active Max | Idle Mean | Idle Min,1
736,Fwd Packet Length Min | Bwd Packet Length Max | Flow Packets/s | Flow IAT Mean | Flow IAT Max | Fwd IAT Mean | Fwd IAT Std | Fwd IAT Min | Bwd IAT Total | Bwd IAT Std | Fwd PSH Flags | Bwd Packets/s | Min Packet Length,2
737,Total Backward Packets | Fwd Packet Length Min | Bwd Packet Length Max | Bwd Packet Length Std | Flow IAT Min | Bwd IAT Total | Fwd URG Flags | Fwd Packets/s | min_seg_size_forward | Active Std | Active Max | Active Min | Idle Max,3
738,Flow Duration | Flow Bytes/s | Flow Packets/s | Flow IAT Std | Bwd IAT Std | FIN Flag Count | ACK Flag Count | URG Flag Count | min_seg_size_forward | Active Mean | Active Std | Active Min | Idle Max,1
739,Fwd Packet Length Max | Flow IAT Mean | Flow IAT Max | Flow IAT Min | Fwd IAT Max | Fwd IAT Min | FIN Flag Count | RST Flag Count | ACK Flag Count | Active Mean | Active Std | Active Min | Idle Min,3
740,Flow Duration | Total Fwd Packets | Fwd Packet Length Max | Fwd Packet Length Mean | Bwd Packet Length Mean | Fwd IAT Mean | Bwd Header Length | Max Packet Length | Packet Length Std | Init_Win_bytes_backward | Active Min | Idle Mean | Idle Std,2
741,Total Length of Fwd Packets | Bwd Packet Length Min | Flow Bytes/s | Flow IAT Mean | Fwd IAT Std | Bwd IAT Max | Packet Length Mean | FIN Flag Count | Init_Win_bytes_forward | Init_Win_bytes_backward | Active Min | Idle Max | Idle Min,3
742,Fwd Packet Length Max | Fwd Packet Length Mean | Bwd Packet Length Max | Flow Bytes/s | Bwd IAT Std | Fwd PSH Flags | Bwd Header Length | Max Packet Length | Packet Length Mean | PSH Flag Count | Init_Win_bytes_forward | min_seg_size_forward | Idle Max,3
743,Total Length of Bwd Packets | Fwd Packet Length Mean | Fwd Packet Length Std | Flow Packets/s | Flow IAT Min | Fwd IAT Total | Bwd IAT Mean | Bwd Header Length | Bwd Packets/s | RST Flag Count | PSH Flag Count | URG Flag Count | Idle Mean,2
744,Flow Duration | Total Backward Packets | Total Length of Fwd Packets | Fwd Packet Length Max | Fwd Packet Length Mean | Bwd Packet Length Mean | Flow IAT Std | Bwd IAT Mean | Max Packet Length | Packet Length Std | URG Flag Count | Init_Win_bytes_forward | Idle Mean,2
745,Flow Duration | Total Length of Fwd Packets | Bwd Packet Length Mean | Fwd IAT Std | Bwd IAT Mean | Bwd IAT Max | Fwd Header Length | Max Packet Length | Packet Length Std | RST Flag Count | ACK Flag Count | Init_Win_bytes_backward | Idle Mean,3
746,Flow Duration | Total Fwd Packets | Total Backward Packets | Fwd Packet Length Max | Fwd IAT Std | Fwd IAT Max | Fwd URG Flags | Bwd Header Length | Fwd Packets/s | Min Packet Length | PSH Flag Count | Down/Up Ratio | act_data_pkt_fwd,2
747,Destination Port | Flow IAT Std | Flow IAT Max | Fwd IAT Min | Bwd IAT Total | Bwd IAT Min | Fwd URG Flags | Fwd Header Length | Fwd Packets/s | Packet Length Std | PSH Flag Count | Down/Up Ratio | min_seg_size_forward,4
748,Destination Port | Bwd Packet Length Min | Bwd Packet Length Mean | Bwd Packet Length Std | Flow Bytes/s | Flow IAT Mean | Flow IAT Max | Fwd IAT Mean | Fwd IAT Max | Bwd IAT Std | Min Packet Length | ACK Flag Count | min_seg_size_forward,5
749,Flow Duration | Total Backward Packets | Total Length of Bwd Packets | Fwd Packet Length Mean | Bwd Packet Length Min | Bwd Packet Length Std | Flow Packets/s | Fwd IAT Std | Fwd IAT Max | Fwd Packets/s | PSH Flag Count | Init_Win_bytes_forward | act_data_pkt_fwd,4
750,Destination Port | Total Length of Bwd Packets | Fwd Packet Length Mean | Bwd Packet Length Min | Bwd Packet Length Mean | Bwd Packet Length Std | Min Packet Length | Max Packet Length | FIN Flag Count | Down/Up Ratio | Idle Mean | Idle Max | Idle Min,5
751,Total Backward Packets | Total Length of Bwd Packets | Fwd Packet Length Std | Flow Packets/s | Flow IAT Mean | Flow IAT Min | Fwd IAT Std | Fwd IAT Min | Fwd Header Length | ACK Flag Count | Init_Win_bytes_forward | min_seg_size_forward | Active Std,4
752,Total Length of Fwd Packets | Bwd Packet Length Max | Flow Bytes/s | Bwd IAT Std | Bwd IAT Max | Bwd IAT Min | Fwd Packets/s | Max Packet Length | FIN Flag Count | Init_Win_bytes_backward | Active Std | Idle Mean | Idle Max,3
753,Destination Port | Fwd Packet Length Min | Fwd Packet Length Mean | Fwd Packet Length Std | Bwd Packet Length Min | Fwd IAT Mean | Fwd IAT Std | Bwd IAT Mean | RST Flag Count | ACK Flag Count | ECE Flag Count | Average Packet Size | Idle Max,3
754,Total Backward Packets | Bwd Packet Length Max | Bwd Packet Length Min | Bwd Packet Length Mean | Flow Packets/s | Flow IAT Max | Fwd IAT Max | Min Packet Length | RST Flag Count | Average Packet Size | Active Mean | Active Max | Idle Max,3
755,Fwd Packet Length Max | Bwd Packet Length Max | Flow IAT Mean | Flow IAT Min | Fwd Header Length | Bwd Header Length | Packet Length Mean | ACK Flag Count | min_seg_size_forward | Active Std | Active Min | Idle Std | Idle Min,2
756,Destination Port | Total Length of Bwd Packets | Flow Bytes/s | Fwd IAT Mean | Bwd IAT Std | Fwd PSH Flags | FIN Flag Count | RST Flag Count | PSH Flag Count | ACK Flag Count | ECE Flag Count | act_data_pkt_fwd | Idle Std,3
757,Flow Duration | Total Fwd Packets | Total Length of Bwd Packets | Flow IAT Mean | Flow IAT Min | Fwd IAT Std | Fwd IAT Min | Min Packet Length | Max Packet Length | ACK Flag Count | Down/Up Ratio | act_data_pkt_fwd | Active Min,5
758,Total Fwd Packets | Total Length of Bwd Packets | Bwd Packet Length Min | Bwd Packet Length Std | Fwd IAT Total | Fwd IAT Std | Fwd IAT Max | Fwd IAT Min | Bwd IAT Total | Packet Length Mean | ACK Flag Count | ECE Flag Count | Active Max,3
759,Flow Duration | Total Length of Bwd Packets | Bwd Packet Length Mean | Flow Bytes/s | Flow Packets/s | Fwd IAT Total | Fwd IAT Mean | Bwd IAT Std | Bwd IAT Min | Fwd URG Flags | FIN Flag Count | ACK Flag Count | ECE Flag Count,1
760,Total Backward Packets | Fwd Packet Length Mean | Bwd Packet Length Min | Bwd Packet Length Std | Bwd IAT Total | Bwd IAT Mean | Fwd PSH Flags | Fwd Packets/s | Bwd Packets/s | Max Packet Length | ACK Flag Count | Active Std | Idle Std,3
761,Destination Port | Bwd Packet Length Max | Bwd Packet Length Std | Flow IAT Std | Fwd IAT Total | Bwd IAT Total | Bwd IAT Max | Bwd IAT Min | Fwd PSH Flags | ECE Flag Count | Active Mean | Idle Mean | Idle Std,3
762,Flow Bytes/s | Flow IAT Max | Fwd IAT Total | Fwd IAT Max | Fwd IAT Min | Bwd IAT Total | Bwd IAT Mean | Bwd Packets/s | Max Packet Length | Packet Length Mean | FIN Flag Count | ECE Flag Count | Active Max,2
763,Total Length of Bwd Packets | Bwd Packet Length Mean | Flow Packets/s | Flow IAT Max | Bwd IAT Max | Bwd IAT Min | Fwd PSH Flags | Bwd Header Length | Max Packet Length | URG Flag Count | ECE Flag Count | Init_Win_bytes_backward | Active Std,3
764,Destination Port | Flow Duration | Total Length of Fwd Packets | Fwd Packet Length Mean | Bwd IAT Max | Packet Length Mean | Packet Length Std | ECE Flag Count | Down/Up Ratio | Average Packet Size | Init_Win_bytes_forward | min_seg_size_forward | Idle Std,3
765,Total Length of Bwd Packets | Flow Packets/s | Flow IAT Std | Flow IAT Min | Fwd IAT Total | Fwd IAT Min | Bwd IAT Mean | Max Packet Length | FIN Flag Count | ECE Flag Count | act_data_pkt_fwd | min_seg_size_forward | Idle Min,5
766,Destination Port | Flow Duration | Total Length of Fwd Packets | Fwd Packet Length Mean | Fwd Packet Length Std | Bwd Packet Length Std | Flow IAT Mean | Flow IAT Std | Fwd IAT Min | Bwd IAT Max | Fwd Packets/s | PSH Flag Count | Active Std,3
767,Flow Duration | Fwd Packet Length Max | Fwd Packet Length Min | Bwd Packet Length Max | Flow Bytes/s | Flow IAT Mean | Fwd IAT Mean | Bwd IAT Mean | Bwd IAT Max | Bwd Header Length | PSH Flag Count | Active Mean | Idle Min,0
768,Total Backward Packets | Total Length of Fwd Packets | Fwd Packet Length Max | Fwd Packet Length Mean | Bwd Packet Length Mean | Flow Packets/s | Flow IAT Min | Fwd IAT Min | Bwd IAT Std | Fwd Packets/s | FIN Flag Count | Down/Up Ratio | Idle Mean,2
769,Fwd Packet Length Max | Fwd Packet Length Mean | Bwd Packet Length Std | Flow Bytes/s | Bwd IAT Mean | Bwd IAT Min | Fwd Header Length | Bwd Header Length | Bwd Packets/s | Max Packet Length | ACK Flag Count | URG Flag Count | Active Mean,3
770,Destination Port | Total Fwd Packets | Fwd Packet Length Max | Fwd Packet Length Mean | Fwd Packet Length Std | Bwd Packet Length Mean | Fwd IAT Total | Fwd IAT Max | FIN Flag Count | Init_Win_bytes_forward | Active Max | Active Min | Idle Std,2
771,Flow Packets/s | Flow IAT Mean | Flow IAT Min | Fwd IAT Total | Bwd IAT Std | Fwd Packets/s | Packet Length Mean | RST Flag Count | ACK Flag Count | act_data_pkt_fwd | min_seg_size_forward | Active Std | Idle Mean,4
772,Total Fwd Packets | Total Backward Packets | Bwd Packet Length Min | Bwd Packet Length Std | Flow Packets/s | Bwd IAT Total | Bwd IAT Max | Bwd Packets/s | Packet Length Mean | ECE Flag Count | Down/Up Ratio | Init_Win_bytes_backward | Idle Max,3
773,Total Length of Fwd Packets | Fwd Packet Length Min | Bwd Packet Length Min | Flow IAT Min | Fwd IAT Mean | Bwd IAT Min | Fwd Header Length | FIN Flag Count | ACK Flag Count | URG Flag Count | Down/Up Ratio | Average Packet Size | Idle Std,3
774,Fwd Packet Length Min | Flow IAT Min | Fwd IAT Mean | Bwd IAT Max | Bwd IAT Min | Fwd URG Flags | Fwd Header Length | Packet Length Mean | FIN Flag Count | ECE Flag Count | Init_Win_bytes_backward | act_data_pkt_fwd | min_seg_size_forward,5
775,Destination Port | Total Length of Fwd Packets | Total Length of Bwd Packets | Fwd Packet Length Max | Fwd IAT Mean | Fwd IAT Min | Fwd PSH Flags | RST Flag Count | URG Flag Count | ECE Flag Count | Init_Win_bytes_backward | Active Mean | Idle Std,4
776,Total Backward Packets | Total Length of Fwd Packets | Flow IAT Mean | Fwd IAT Total | Fwd IAT Min | Bwd IAT Total | Fwd PSH Flags | Bwd Packets/s | ECE Flag Count | act_data_pkt_fwd | Active Std | Active Min | Idle Std,2
777,Destination Port | Total Fwd Packets | Flow IAT Max | Flow IAT Min | Fwd IAT Max | Bwd IAT Max | Fwd Header Length | Packet Length Mean | ACK Flag Count | Average Packet Size | Init_Win_bytes_forward | act_data_pkt_fwd | Idle Min,4
778,Total Backward Packets | Total Length of Fwd Packets | Fwd Packet Length Std | Bwd Packet Length Std | Flow Bytes/s | Fwd IAT Max | Fwd URG Flags | Bwd Packets/s | RST Flag Count | Init_Win_bytes_backward | min_seg_size_forward | Active Max | Idle Mean,4
779,Total Backward Packets | Fwd Packet Length Min | Flow IAT Std | Flow IAT Max | Flow IAT Min | Fwd IAT Min | Bwd IAT Mean | Bwd IAT Max | Fwd Header Length | Bwd Packets/s | URG Flag Count | Init_Win_bytes_backward | Idle Std,3
780,Total Length of Bwd Packets | Flow IAT Max | Fwd IAT Mean | Bwd IAT Total | Min Packet Length | Packet Length Std | FIN Flag Count | RST Flag Count | ACK Flag Count | ECE Flag Count | Active Mean | Idle Std | Idle Min,2
781,Bwd Packet Length Max | Flow Bytes/s | Flow Packets/s | Flow IAT Mean | Fwd IAT Total | Fwd IAT Std | Fwd IAT Min | Bwd IAT Min | FIN Flag Count | PSH Flag Count | ECE Flag Count | Active Min | Idle Max,2
782,Total Backward Packets | Total Length of Bwd Packets | Fwd Packet Length Mean | Flow IAT Mean | Flow IAT Min | Fwd IAT Std | Bwd IAT Total | Bwd IAT Std | Bwd Header Length | Fwd Packets/s | Init_Win_bytes_forward | Init_Win_bytes_backward | Active Max,3
783,Destination Port | Fwd Packet Length Max | Fwd IAT Total | Fwd PSH Flags | Min Packet Length | Packet Length Std | FIN Flag Count | ACK Flag Count | ECE Flag Count | Init_Win_bytes_backward | min_seg_size_forward | Active Std | Idle Std,4
784,Fwd Packet Length Mean | Fwd Packet Length Std | Flow IAT Mean | Fwd IAT Max | Bwd IAT Std | Bwd IAT Max | Fwd Header Length | Fwd Packets/s | FIN Flag Count | URG Flag Count | ECE Flag Count | act_data_pkt_fwd | Idle Std,1
785,Destination Port | Fwd Packet Length Min | Bwd Packet Length Min | Bwd Packet Length Std | Flow IAT Max | Bwd IAT Min | Fwd PSH Flags | Packet Length Mean | PSH Flag Count | ECE Flag Count | Active Mean | Active Min | Idle Min,4
786,Fwd Packet Length Min | Fwd Packet Length Mean | Flow IAT Std | Flow IAT Min | Bwd IAT Total | Bwd IAT Min | Fwd PSH Flags | Fwd URG Flags | Down/Up Ratio | min_seg_size_forward | Active Mean | Active Std | Idle Std,3
787,Destination Port | Total Backward Packets | Fwd Packet Length Max | Fwd Packet Length Mean | Bwd Packet Length Std | Bwd IAT Min | Fwd PSH Flags | Fwd URG Flags | Fwd Header Length | Max Packet Length | PSH Flag Count | ECE Flag Count | Average Packet Size,4
788,Total Fwd Packets | Flow Bytes/s | Flow IAT Mean | Bwd IAT Std | Fwd URG Flags | Bwd Header Length | ECE Flag Count | Average Packet Size | Init_Win_bytes_forward | min_seg_size_forward | Active Mean | Active Max | Idle Min,2
789,Destination Port | Bwd Packet Length Mean | Flow IAT Std | Fwd IAT Total | Fwd IAT Min | Bwd IAT Std | FIN Flag Count | ACK Flag Count | Down/Up Ratio | Init_Win_bytes_backward | act_data_pkt_fwd | Active Min | Idle Min,4
790,Flow IAT Std | Flow IAT Max | Flow IAT Min | Bwd IAT Min | Bwd Packets/s | Packet Length Std | Average Packet Size | Init_Win_bytes_forward | act_data_pkt_fwd | min_seg_size_forward | Active Mean | Active Std | Active Max,5
791,Total Fwd Packets | Fwd Packet Length Std | Bwd Packet Length Mean | Flow IAT Mean | Flow IAT Max | Fwd IAT Total | Bwd IAT Total | Fwd PSH Flags | Bwd Header Length | FIN Flag Count | Idle Std | Idle Max | Idle Min,0
792,Fwd Packet Length Std | Bwd Packet Length Std | Flow IAT Max | Fwd IAT Mean | Fwd IAT Min | Bwd IAT Min | Fwd URG Flags | Fwd Header Length | RST Flag Count | PSH Flag Count | Average Packet Size | min_seg_size_forward | Idle Mean,5
793,Flow Duration | Fwd Packet Length Min | Bwd Packet Length Max | Flow Packets/s | Fwd IAT Total | Fwd IAT Std | Bwd IAT Max | Fwd URG Flags | Bwd Header Length | Packet Length Mean | FIN Flag Count | ECE Flag Count | Active Std,0
794,Bwd Packet Length Min | Bwd Packet Length Std | Flow IAT Std | Fwd IAT Total | Fwd IAT Std | Fwd IAT Min | Bwd IAT Total | Bwd IAT Max | Packet Length Mean | Packet Length Std | PSH Flag Count | URG Flag Count | Init_Win_bytes_forward,4
795,Flow Duration | Total Length of Bwd Packets | Fwd Packet Length Mean | Fwd Packet Length Std | Bwd Packet Length Mean | Bwd Packet Length Std | Flow IAT Mean | Fwd IAT Max | Fwd PSH Flags | PSH Flag Count | ECE Flag Count | Down/Up Ratio | Active Std,1
796,Flow Duration | Fwd Packet Length Max | Bwd Packet Length Std | Flow IAT Std | Fwd IAT Max | Fwd IAT Min | Bwd IAT Total | Bwd Packets/s | PSH Flag Count | URG Flag Count | act_data_pkt_fwd | Active Std | Idle Std,3
797,Total Fwd Packets | Total Length of Fwd Packets | Bwd Packet Length Mean | Bwd Packet Length Std | Flow IAT Mean | Fwd IAT Min | Bwd IAT Total | Fwd URG Flags | Fwd Header Length | Max Packet Length | act_data_pkt_fwd | Active Std | Idle Mean,4
798,Fwd Packet Length Min | Fwd Packet Length Std | Bwd Packet Length Std | Flow IAT Max | Fwd IAT Min | Fwd PSH Flags | Bwd Packets/s | Min Packet Length | Packet Length Std | FIN Flag Count | ECE Flag Count | Active Min | Idle Mean,3
799,Total Backward Packets | Fwd Packet Length Std | Bwd Packet Length Min | Flow Bytes/s | Fwd IAT Total | Fwd IAT Mean | Bwd IAT Mean | Fwd URG Flags | Packet Length Mean | ACK Flag Count | ECE Flag Count | Init_Win_bytes_forward | Idle Max,2
800,Fwd Packet Length Max | Bwd Packet Length Std | Bwd IAT Std | Fwd PSH Flags | Fwd Packets/s | Max Packet Length | Packet Length Mean | FIN Flag Count | RST Flag Count | URG Flag Count | ECE Flag Count | Average Packet Size | Active Min,3
801,Total Length of Bwd Packets | Fwd URG Flags | Fwd Packets/s | Bwd Packets/s | Packet Length Std | ACK Flag Count | URG Flag Count | act_data_pkt_fwd | min_seg_size_forward | Active Std | Active Max | Active Min | Idle Min,2
802,Flow Duration | Total Length of Fwd Packets | Fwd Packet Length Min | Bwd Packet Length Max | Flow Packets/s | Flow IAT Min | Fwd IAT Total | Bwd IAT Mean | Packet Length Mean | RST Flag Count | min_seg_size_forward | Active Min | Idle Std,3
803,Fwd Packet Length Max | Fwd IAT Mean | Fwd IAT Std | Fwd PSH Flags | Bwd Header Length | Fwd Packets/s | Down/Up Ratio | Init_Win_bytes_forward | min_seg_size_forward | Active Mean | Active Max | Idle Max | Idle Min,2
804,Fwd Packet Length Max | Fwd Packet Length Min | Flow Bytes/s | Flow IAT Min | Bwd IAT Mean | Max Packet Length | RST Flag Count | ACK Flag Count | Init_Win_bytes_backward | min_seg_size_forward | Active Max | Active Min | Idle Min,5
805,Flow Duration | Total Length of Fwd Packets | Total Length of Bwd Packets | Bwd Packet Length Std | Flow Bytes/s | Flow Packets/s | Fwd PSH Flags | Fwd Header Length | Packet Length Mean | FIN Flag Count | min_seg_size_forward | Active Mean | Active Min,2
806,Bwd Packet Length Max | Flow Packets/s | Flow IAT Max | Fwd IAT Total | Fwd IAT Max | Bwd IAT Mean | Bwd Packets/s | Min Packet Length | PSH Flag Count | URG Flag Count | Average Packet Size | act_data_pkt_fwd | Idle Min,2
807,Fwd Packet Length Min | Fwd Packet Length Mean | Bwd Packet Length Max | Flow Packets/s | Flow IAT Mean | Flow IAT Min | Bwd IAT Std | Fwd Header Length | Bwd Packets/s | Max Packet Length | ACK Flag Count | ECE Flag Count | Idle Max,2
808,Destination Port | Flow Duration | Total Fwd Packets | Fwd Packet Length Min | Flow IAT Std | Fwd IAT Max | Bwd IAT Std | Bwd Header Length | Packet Length Mean | RST Flag Count | Average Packet Size | min_seg_size_forward | Active Max,3
809,Bwd Packet Length Std | Flow Bytes/s | Fwd IAT Total | Fwd IAT Mean | Fwd IAT Std | Fwd IAT Min | Bwd IAT Mean | Fwd Packets/s | Max Packet Length | PSH Flag Count | ACK Flag Count | Down/Up Ratio | Active Std,3
810,Flow Duration | Total Fwd Packets | Total Length of Bwd Packets | Bwd Packet Length Max | Bwd Packet Length Std | Flow Packets/s | Flow IAT Max | Bwd IAT Std | Bwd IAT Max | ECE Flag Count | act_data_pkt_fwd | Active Std | Active Max,2
811,Destination Port | Flow Duration | Total Backward Packets | Bwd Packet Length Max | Flow IAT Mean | Fwd IAT Mean | Bwd IAT Max | Packet Length Mean | RST Flag Count | URG Flag Count | ECE Flag Count | Average Packet Size | Active Min,2
812,Total Fwd Packets | Fwd Packet Length Min | Fwd Packet Length Std | Bwd Packet Length Max | Bwd Packet Length Min | Bwd Packet Length Mean | Fwd IAT Min | Fwd PSH Flags | Bwd Header Length | Bwd Packets/s | Active Max | Idle Std | Idle Max,2
813,Destination Port | Flow Duration | Bwd Packet Length Max | Flow Packets/s | Fwd IAT Max | Bwd IAT Min | Fwd URG Flags | Fwd Packets/s | Min Packet Length | Packet Length Mean | RST Flag Count | Active Std | Idle Std,4
814,Destination Port | Total Length of Bwd Packets | Bwd Packet Length Min | Bwd Packet Length Mean | Flow Bytes/s | Fwd IAT Min | Bwd IAT Std | Bwd Packets/s | ECE Flag Count | Down/Up Ratio | Init_Win_bytes_forward | min_seg_size_forward | Active Mean,5
815,Flow Duration | Fwd Packet Length Max | Flow IAT Max | Fwd IAT Total | Bwd Header Length | Fwd Packets/s | Min Packet Length | Packet Length Std | FIN Flag Count | RST Flag Count | PSH Flag Count | Down/Up Ratio | Idle Mean,2
816,Bwd Packet Length Min | Bwd Packet Length Mean | Flow IAT Std | Flow IAT Max | Fwd IAT Std | Bwd IAT Total | Bwd IAT Mean | Packet Length Std | Down/Up Ratio | Average Packet Size | Active Mean | Active Std | Idle Max,1
817,Total Fwd Packets | Fwd Packet Length Max | Fwd Packet Length Mean | Flow Bytes/s | Flow IAT Min | Fwd IAT Std | Max Packet Length | Packet Length Mean | FIN Flag Count | ECE Flag Count | act_data_pkt_fwd | Idle Mean | Idle Max,3
818,Bwd Packet Length Mean | Flow IAT Std | Fwd IAT Max | Bwd IAT Std | Bwd Header Length | Fwd Packets/s | Min Packet Length | RST Flag Count | PSH Flag Count | min_seg_size_forward | Active Std | Active Min | Idle Mean,3
819,Fwd Packet Length Max | Fwd Packet Length Min | Fwd Packet Length Mean | Bwd Packet Length Max | Bwd Packet Length Std | Flow Packets/s | Fwd IAT Max | Bwd IAT Min | Fwd URG Flags | Bwd Packets/s | RST Flag Count | Active Max | Idle Std,3
820,Destination Port | Flow Duration | Total Length of Bwd Packets | Flow IAT Max | Fwd IAT Std | Bwd IAT Min | Fwd URG Flags | Max Packet Length | Down/Up Ratio | Init_Win_bytes_forward | Active Mean | Active Max | Idle Max,4
821,Total Fwd Packets | Total Length of Fwd Packets | Fwd Packet Length Std | Bwd Packet Length Std | Flow Packets/s | Fwd IAT Total | Bwd IAT Std | FIN Flag Count | ECE Flag Count | Average Packet Size | Active Std | Active Max | Idle Min,1
822,Bwd Packet Length Mean | Flow Packets/s | Fwd IAT Mean | Fwd IAT Min | Fwd PSH Flags | Bwd Header Length | Down/Up Ratio | Average Packet Size | Init_Win_bytes_forward | min_seg_size_forward | Active Max | Idle Max | Idle Min,3
823,Fwd Packet Length Std | Bwd Packet Length Max | Bwd Packet Length Mean | Bwd Packet Length Std | Flow Packets/s | Fwd IAT Total | Fwd Packets/s | Max Packet Length | Packet Length Std | FIN Flag Count | Active Mean | Active Max | Idle Min,2
824,Flow Duration | Total Backward Packets | Fwd Packet Length Max | Bwd Packet Length Max | Bwd Packet Length Std | Flow Packets/s | Flow IAT Max | Fwd IAT Std | Fwd IAT Max | ECE Flag Count | Active Max | Active Min | Idle Max,1
825,Flow Duration | Total Length of Fwd Packets | Fwd Packet Length Max | Fwd Packet Length Std | Bwd Packet Length Max | Fwd IAT Mean | Bwd IAT Std | Packet Length Std | ACK Flag Count | URG Flag Count | ECE Flag Count | act_data_pkt_fwd | Idle Min,1
826,Flow Duration | Total Backward Packets | Flow Packets/s | Fwd IAT Min | Bwd IAT Mean | Fwd URG Flags | Bwd Packets/s | Packet Length Std | Init_Win_bytes_backward | act_data_pkt_fwd | min_seg_size_forward | Active Max | Idle Min,4
827,Flow Duration | Fwd Packet Length Min | Bwd Packet Length Max | Bwd Packet Length Std | Flow IAT Min | Fwd IAT Total | Fwd PSH Flags | Min Packet Length | Packet Length Std | FIN Flag Count | act_data_pkt_fwd | Active Std | Idle Min,4
828,Total Backward Packets | Fwd Packet Length Mean | Flow IAT Mean | Flow IAT Std | Flow IAT Max | Flow IAT Min | Fwd IAT Mean | Fwd PSH Flags | Fwd URG Flags | Max Packet Length | Packet Length Std | PSH Flag Count | URG Flag Count,2
829,Flow Duration | Total Fwd Packets | Flow Bytes/s | Flow IAT Mean | Flow IAT Min | Fwd IAT Mean | Fwd IAT Max | Bwd IAT Mean | Bwd Header Length | Packet Length Mean | PSH Flag Count | ACK Flag Count | Idle Min,1
830,Destination Port | Flow Packets/s | Flow IAT Std | Flow IAT Max | Flow IAT Min | Bwd IAT Mean | Bwd IAT Min | Bwd Header Length | RST Flag Count | act_data_pkt_fwd | Active Mean | Active Max | Idle Min,5
831,Destination Port | Total Fwd Packets | Total Length of Fwd Packets | Fwd Packet Length Min | Fwd Packet Length Mean | Fwd URG Flags | Fwd Header Length | Bwd Header Length | Bwd Packets/s | Min Packet Length | Packet Length Std | ECE Flag Count | Average Packet Size,2
832,Fwd Packet Length Min | Bwd Packet Length Mean | Bwd Packet Length Std | Flow IAT Mean | Flow IAT Std | Fwd IAT Mean | Fwd IAT Min | Bwd IAT Min | Fwd PSH Flags | Packet Length Std | FIN Flag Count | RST Flag Count | act_data_pkt_fwd,5
833,Fwd Packet Length Max | Fwd Packet Length Min | Bwd Packet Length Std | Flow Packets/s | Flow IAT Mean | Flow IAT Std | Fwd IAT Total | Bwd IAT Std | Max Packet Length | Packet Length Std | ECE Flag Count | min_seg_size_forward | Idle Std,3
834,Bwd Packet Length Min | Flow Packets/s | Bwd IAT Min | Max Packet Length | PSH Flag Count | URG Flag Count | ECE Flag Count | Average Packet Size | Init_Win_bytes_backward | min_seg_size_forward | Active Max | Idle Max | Idle Min,5
835,Destination Port | Total Length of Fwd Packets | Bwd Packet Length Max | Bwd IAT Max | Fwd Header Length | Max Packet Length | PSH Flag Count | URG Flag Count | Init_Win_bytes_backward | min_seg_size_forward | Active Min | Idle Std | Idle Max,4
836,Fwd Packet Length Max | Bwd Packet Length Min | Flow Packets/s | Flow IAT Min | Bwd IAT Max | Fwd URG Flags | Fwd Header Length | Packet Length Std | RST Flag Count | ACK Flag Count | Average Packet Size | act_data_pkt_fwd | Active Std,4
837,Fwd Packet Length Max | Bwd Packet Length Std | Flow IAT Std | Flow IAT Max | Fwd IAT Total | Bwd IAT Min | Fwd Packets/s | Min Packet Length | Packet Length Mean | FIN Flag Count | act_data_pkt_fwd | Active Std | Active Max,4
838,Flow Duration | Fwd Packet Length Min | Fwd Packet Length Mean | Bwd Packet Length Max | Flow Bytes/s | Bwd IAT Total | Bwd IAT Min | Fwd PSH Flags | Fwd URG Flags | Fwd Header Length | FIN Flag Count | ACK Flag Count | Active Std,1
839,Destination Port | Bwd Packet Length Mean | Flow Bytes/s | Flow Packets/s | Fwd IAT Max | Packet Length Std | PSH Flag Count | ACK Flag Count | ECE Flag Count | Down/Up Ratio | Init_Win_bytes_forward | Active Mean | Idle Std,2
840,Total Fwd Packets | Fwd Packet Length Max | Fwd Packet Length Min | Bwd Packet Length Max | Bwd Packet Length Min | Flow Bytes/s | Bwd IAT Mean | Bwd IAT Std | Bwd Packets/s | Min Packet Length | Packet Length Mean | Down/Up Ratio | Active Mean,2
841,Destination Port | Total Fwd Packets | Bwd Packet Length Max | Fwd IAT Max | Bwd IAT Total | Bwd IAT Min | Fwd URG Flags | Bwd Header Length | Fwd Packets/s | Max Packet Length | ACK Flag Count | Active Mean | Active Std,3
842,Fwd Packet Length Max | Bwd Packet Length Std | Flow Packets/s | Fwd IAT Mean | Bwd IAT Max | Packet Length Std | FIN Flag Count | ACK Flag Count | Average Packet Size | act_data_pkt_fwd | Active Mean | Idle Mean | Idle Max,2
843,Fwd Packet Length Min | Bwd Packet Length Max | Bwd Packet Length Min | Bwd Packet Length Mean | Flow Packets/s | Flow IAT Mean | Bwd IAT Max | Fwd Header Length | Down/Up Ratio | min_seg_size_forward | Active Min | Idle Std | Idle Min,2
844,Flow Duration | Fwd Packet Length Std | Bwd Packet Length Min | Flow IAT Min | Fwd IAT Total | Fwd IAT Mean | Fwd IAT Std | Bwd IAT Std | Fwd PSH Flags | Fwd URG Flags | Min Packet Length | URG Flag Count | Init_Win_bytes_backward,4
845,Total Length of Bwd Packets | Fwd Packet Length Min | Bwd Packet Length Std | Fwd IAT Std | Fwd IAT Max | Fwd IAT Min | Bwd IAT Total | Bwd IAT Mean | Bwd IAT Max | Min Packet Length | ECE Flag Count | Average Packet Size | Idle Max,3
846,Flow Duration | Total Fwd Packets | Fwd Packet Length Min | Fwd Packet Length Std | Bwd Packet Length Std | Flow IAT Mean | Flow IAT Std | Fwd IAT Total | Fwd IAT Max | Packet Length Mean | FIN Flag Count | Average Packet Size | Active Min,1
847,Total Backward Packets | Total Length of Bwd Packets | Flow IAT Mean | Bwd IAT Mean | Fwd PSH Flags | Bwd Packets/s | Packet Length Std | FIN Flag Count | URG Flag Count | ECE Flag Count | Down/Up Ratio | Active Std | Idle Std,0
848,Total Fwd Packets | Bwd Packet Length Mean | Fwd IAT Mean | Fwd IAT Max | Bwd IAT Total | Bwd IAT Mean | Bwd IAT Max | Bwd Packets/s | PSH Flag Count | URG Flag Count | ECE Flag Count | Average Packet Size | act_data_pkt_fwd,1
849,Fwd Packet Length Max | Bwd Packet Length Min | Flow Packets/s | Flow IAT Max | Max Packet Length | Packet Length Mean | PSH Flag Count | ECE Flag Count | Average Packet Size | Init_Win_bytes_forward | act_data_pkt_fwd | Active Max | Idle Std,4
850,Destination Port | Fwd Packet Length Std | Flow Packets/s | Flow IAT Min | Fwd IAT Max | Bwd IAT Max | Bwd IAT Min | Fwd PSH Flags | Fwd URG Flags | Bwd Packets/s | Packet Length Mean | ACK Flag Count | Init_Win_bytes_forward,4
851,Total Fwd Packets | Fwd Packet Length Max | Bwd Packet Length Max | Bwd Packet Length Mean | Bwd Packet Length Std | Flow Bytes/s | Flow IAT Max | Fwd IAT Total | Fwd IAT Std | Fwd IAT Min | Bwd IAT Mean | min_seg_size_forward | Active Std,3
852,Flow Duration | Total Fwd Packets | Total Length of Bwd Packets | Flow IAT Std | Fwd IAT Total | Bwd IAT Min | Fwd URG Flags | Max Packet Length | ACK Flag Count | min_seg_size_forward | Active Mean | Idle Mean | Idle Max,3
853,Flow Duration | Total Length of Bwd Packets | Fwd Packet Length Min | Fwd IAT Total | Fwd IAT Mean | Fwd IAT Max | Bwd IAT Total | Fwd PSH Flags | Fwd URG Flags | URG Flag Count | Init_Win_bytes_backward | min_seg_size_forward | Idle Max,2
854,Flow Duration | Total Backward Packets | Fwd Packet Length Std | Flow Bytes/s | Flow Packets/s | Flow IAT Std | Fwd IAT Std | Fwd Header Length | Max Packet Length | Packet Length Std | Active Mean | Active Std | Idle Max,1
855,Destination Port | Total Length of Fwd Packets | Bwd Packet Length Std | Flow IAT Max | Bwd IAT Std | Fwd URG Flags | Fwd Packets/s | FIN Flag Count | ACK Flag Count | Init_Win_bytes_backward | act_data_pkt_fwd | Active Min | Idle Min,4
856,Total Length of Fwd Packets | Flow Bytes/s | Flow IAT Max | Flow IAT Min | Fwd IAT Total | Fwd IAT Mean | Bwd IAT Mean | Bwd IAT Max | Bwd IAT Min | Bwd Header Length | RST Flag Count | ECE Flag Count | Idle Mean,3
857,Total Length of Fwd Packets | Fwd Packet Length Mean | Flow Bytes/s | Flow IAT Min | Bwd IAT Mean | Bwd IAT Std | Fwd PSH Flags | Fwd URG Flags | URG Flag Count | Init_Win_bytes_forward | min_seg_size_forward | Active Min | Idle Std,3
858,Fwd Packet Length Mean | Bwd Packet Length Max | Flow IAT Std | Flow IAT Min | Fwd IAT Std | Bwd IAT Max | Bwd IAT Min | Fwd URG Flags | Max Packet Length | Packet Length Std | FIN Flag Count | Average Packet Size | Init_Win_bytes_forward,4
859,Total Length of Bwd Packets | Fwd Packet Length Max | Fwd Packet Length Mean | Fwd IAT Total | Fwd IAT Max | Bwd IAT Total | Fwd URG Flags | Bwd Header Length | Min Packet Length | Average Packet Size | Active Max | Idle Mean | Idle Max,1
860,Fwd Packet Length Std | Flow Packets/s | Bwd IAT Max | Fwd PSH Flags | Bwd Header Length | Fwd Packets/s | Bwd Packets/s | Min Packet Length | Packet Length Mean | FIN Flag Count | PSH Flag Count | ECE Flag Count | Idle Max,1
861,Total Backward Packets | Fwd Packet Length Std | Bwd Packet Length Mean | Flow Packets/s | Flow IAT Mean | Fwd IAT Mean | Fwd IAT Std | Bwd IAT Total | Bwd IAT Std | Fwd Header Length | Fwd Packets/s | Packet Length Mean | PSH Flag Count,0
862,Total Fwd Packets | Fwd Packet Length Max | Fwd Packet Length Min | Bwd Packet Length Min | Flow IAT Std | Fwd Header Length | Bwd Header Length | Packet Length Mean | FIN Flag Count | min_seg_size_forward | Active Mean | Active Min | Idle Max,2
863,Total Length of Bwd Packets | Fwd IAT Mean | Bwd IAT Total | Bwd IAT Mean | Fwd PSH Flags | Fwd Packets/s | Packet Length Std | URG Flag Count | Init_Win_bytes_forward | min_seg_size_forward | Idle Std | Idle Max | Idle Min,2
864,Fwd Packet Length Max | Fwd Packet Length Mean | Flow Bytes/s | Flow Packets/s | Bwd IAT Min | Min Packet Length | URG Flag Count | ECE Flag Count | act_data_pkt_fwd | min_seg_size_forward | Active Mean | Active Std | Idle Min,4
865,Total Length of Fwd Packets | Fwd Packet Length Std | Flow Bytes/s | Fwd IAT Max | Bwd IAT Mean | Bwd IAT Max | Bwd IAT Min | Fwd Header Length | ACK Flag Count | URG Flag Count | ECE Flag Count | min_seg_size_forward | Idle Mean,2
866,Destination Port | Flow Duration | Total Fwd Packets | Bwd Packet Length Std | Flow IAT Std | Fwd IAT Max | Bwd IAT Std | Bwd Header Length | RST Flag Count | Init_Win_bytes_backward | act_data_pkt_fwd | Active Mean | Active Std,5
867,Total Length of Fwd Packets | Fwd Packet Length Max | Fwd Packet Length Mean | Flow IAT Mean | Fwd IAT Mean | Fwd IAT Max | Bwd IAT Max | Fwd Header Length | Bwd Header Length | RST Flag Count | URG Flag Count | ECE Flag Count | Active Std,1
868,Total Fwd Packets | Fwd Packet Length Max | Fwd Packet Length Min | Fwd IAT Std | Bwd IAT Total | Fwd Header Length | Packet Length Mean | RST Flag Count | PSH Flag Count | Init_Win_bytes_forward | Init_Win_bytes_backward | Active Mean | Idle Max,3
869,Flow Duration | Total Fwd Packets | Total Backward Packets | Fwd Packet Length Mean | Flow IAT Mean | Fwd IAT Mean | Bwd Header Length | Fwd Packets/s | Bwd Packets/s | FIN Flag Count | URG Flag Count | Init_Win_bytes_backward | Active Std,1
870,Flow Duration | Fwd Packet Length Min | Fwd Packet Length Mean | Bwd Packet Length Min | Flow IAT Min | Bwd IAT Total | Fwd PSH Flags | Fwd URG Flags | Bwd Header Length | Packet Length Mean | Packet Length Std | URG Flag Count | Active Mean,2
871,Flow Duration | Bwd Packet Length Min | Flow IAT Mean | Flow IAT Min | Bwd IAT Total | Bwd IAT Max | Fwd Header Length | Max Packet Length | Packet Length Mean | Packet Length Std | Init_Win_bytes_forward | Init_Win_bytes_backward | Active Std,5
872,Fwd Packet Length Mean | Bwd Packet Length Std | Flow Bytes/s | Bwd IAT Std | Bwd IAT Min | Min Packet Length | Packet Length Mean | FIN Flag Count | RST Flag Count | ECE Flag Count | Down/Up Ratio | Active Min | Idle Mean,4
873,Destination Port | Flow Duration | Total Length of Fwd Packets | Bwd Packet Length Std | Flow IAT Max | Bwd IAT Total | Bwd IAT Std | Fwd PSH Flags | Fwd URG Flags | Bwd Packets/s | ACK Flag Count | URG Flag Count | act_data_pkt_fwd,3
874,Flow Packets/s | Fwd IAT Std | Fwd IAT Max | Bwd IAT Total | Bwd IAT Max | Bwd IAT Min | Fwd URG Flags | URG Flag Count | Down/Up Ratio | Init_Win_bytes_backward | Idle Mean | Idle Std | Idle Min,2
875,Destination Port | Total Backward Packets | Total Length of Fwd Packets | Fwd Packet Length Min | Fwd Packet Length Std | Bwd Packet Length Max | Bwd Packet Length Min | Bwd IAT Std | Bwd IAT Min | Fwd PSH Flags | Average Packet Size | Init_Win_bytes_backward | Idle Mean,4
876,Flow Duration | Bwd Packet Length Min | Flow Packets/s | Flow IAT Mean | Fwd IAT Std | Bwd IAT Std | Fwd PSH Flags | Packet Length Mean | Packet Length Std | min_seg_size_forward | Idle Mean | Idle Max | Idle Min,2
877,Destination Port | Fwd Packet Length Min | Fwd Packet Length Mean | Bwd Packet Length Mean | Flow Bytes/s | Fwd IAT Max | Bwd IAT Total | Bwd Packets/s | Packet Length Mean | FIN Flag Count | RST Flag Count | Active Max | Idle Max,2
878,Bwd Packet Length Max | Bwd Packet Length Min | Flow IAT Std | Fwd IAT Total | Fwd PSH Flags | Fwd Header Length | Bwd Packets/s | FIN Flag Count | RST Flag Count | PSH Flag Count | Down/Up Ratio | Average Packet Size | min_seg_size_forward,3
879,Total Fwd Packets | Fwd Packet Length Mean | Fwd Packet Length Std | Bwd Packet Length Min | Bwd Packet Length Mean | Flow Bytes/s | Flow Packets/s | Fwd IAT Min | Fwd PSH Flags | Bwd Packets/s | Packet Length Std | RST Flag Count | URG Flag Count,3
880,Total Fwd Packets | Fwd Packet Length Std | Bwd Packet Length Max | Flow IAT Min | Bwd IAT Min | Fwd URG Flags | Bwd Header Length | Bwd Packets/s | Min Packet Length | Packet Length Std | Average Packet Size | Idle Max | Idle Min,3
881,Total Fwd Packets | Total Length of Bwd Packets | Fwd Packet Length Std | Bwd Packet Length Max | Bwd Packet Length Min | Flow IAT Mean | Fwd IAT Min | Bwd IAT Min | Fwd URG Flags | Fwd Header Length | RST Flag Count | Active Min | Idle Max,4
882,Total Length of Bwd Packets | Fwd Packet Length Max | Fwd Packet Length Std | Bwd Packet Length Std | Flow IAT Min | Bwd IAT Std | Fwd PSH Flags | Fwd Packets/s | Max Packet Length | ECE Flag Count | Active Std | Active Max | Idle Min,3
883,Destination Port | Total Fwd Packets | Fwd Packet Length Min | Fwd Packet Length Mean | Bwd Packet Length Min | Flow Bytes/s | Flow IAT Max | Fwd IAT Std | Fwd Packets/s | RST Flag Count | ECE Flag Count | Down/Up Ratio | Idle Mean,3
884,Total Length of Bwd Packets | Fwd Packet Length Mean | Fwd Packet Length Std | Bwd IAT Total | Bwd IAT Min | Bwd Header Length | Bwd Packets/s | FIN Flag Count | RST Flag Count | PSH Flag Count | Active Mean | Active Std | Idle Min,2
885,Flow Duration | Total Backward Packets | Total Length of Fwd Packets | Fwd Packet Length Min | Flow IAT Max | Fwd IAT Max | Bwd IAT Std | FIN Flag Count | Down/Up Ratio | Init_Win_bytes_forward | act_data_pkt_fwd | Active Std | Idle Std,2
886,Destination Port | Total Fwd Packets | Flow Packets/s | Fwd IAT Total | Fwd IAT Min | Bwd IAT Total | Bwd IAT Min | Fwd PSH Flags | Max Packet Length | Packet Length Std | Init_Win_bytes_backward | Active Mean | Idle Max,5
887,Flow Duration | Total Fwd Packets | Flow Bytes/s | Flow Packets/s | Flow IAT Std | Fwd IAT Std | Fwd IAT Max | Bwd IAT Min | Fwd PSH Flags | Max Packet Length | RST Flag Count | PSH Flag Count | Idle Max,3
888,Bwd Packet Length Min | Bwd Packet Length Mean | Flow Packets/s | Fwd IAT Mean | Bwd IAT Max | Packet Length Std | PSH Flag Count | Down/Up Ratio | Average Packet Size | min_seg_size_forward | Active Std | Active Min | Idle Max,2
889,Destination Port | Total Fwd Packets | Bwd Packet Length Min | Bwd Packet Length Mean | Flow Packets/s | Fwd IAT Total | Fwd Packets/s | Min Packet Length | Max Packet Length | min_seg_size_forward | Active Mean | Active Max | Active Min,5
890,Total Length of Fwd Packets | Flow Packets/s | Fwd IAT Total | Fwd IAT Min | Bwd IAT Max | Fwd Header Length | Bwd Packets/s | Packet Length Mean | Packet Length Std | ACK Flag Count | URG Flag Count | act_data_pkt_fwd | Active Min,2
891,Destination Port | Fwd Packet Length Min | Fwd IAT Mean | Bwd IAT Max | Bwd IAT Min | Fwd Header Length | Min Packet Length | Max Packet Length | ACK Flag Count | Down/Up Ratio | act_data_pkt_fwd | Active Mean | Active Min,5
892,Flow IAT Max | Fwd IAT Total | Fwd IAT Std | Fwd IAT Min | Bwd IAT Total | Bwd IAT Std | Fwd Header Length | Bwd Packets/s | Packet Length Mean | Packet Length Std | RST Flag Count | Init_Win_bytes_backward | Active Max,3
893,Destination Port | Total Length of Bwd Packets | Fwd Packet Length Max | Fwd Packet Length Std | Bwd Packet Length Mean | Flow IAT Mean | Fwd PSH Flags | Fwd URG Flags | Packet Length Std | PSH Flag Count | min_seg_size_forward | Active Std | Active Max,2
894,Destination Port | Fwd Packet Length Mean | Bwd Packet Length Max | Flow IAT Mean | Flow IAT Min | Fwd IAT Total | Fwd IAT Max | Fwd PSH Flags | Bwd Packets/s | Packet Length Mean | Average Packet Size | Init_Win_bytes_backward | Active Mean,3
895,Fwd Packet Length Min | Flow IAT Mean | Flow IAT Max | Flow IAT Min | Fwd IAT Max | Bwd IAT Std | Bwd IAT Min | Fwd PSH Flags | Fwd URG Flags | Bwd Packets/s | Min Packet Length | ACK Flag Count | Idle Mean,3
896,Fwd Packet Length Max | Fwd Packet Length Std | Bwd Packet Length Max | Flow Packets/s | Fwd IAT Std | Bwd IAT Min | Fwd Header Length | Packet Length Mean | RST Flag Count | URG Flag Count | Active Std | Active Min | Idle Mean,2
897,Destination Port | Bwd Packet Length Std | Fwd IAT Std | Fwd IAT Min | Bwd IAT Std | Fwd PSH Flags | Fwd Packets/s | Packet Length Mean | PSH Flag Count | Down/Up Ratio | Init_Win_bytes_backward | Active Std | Idle Max,4
898,Total Backward Packets | Fwd Packet Length Mean | Fwd Packet Length Std | Bwd Packet Length Min | Flow IAT Std | Fwd URG Flags | Packet Length Mean | FIN Flag Count | ECE Flag Count | Init_Win_bytes_forward | Active Max | Idle Std | Idle Max,2
899,Fwd Packet Length Min | Fwd Packet Length Std | Bwd Packet Length Max | Bwd Packet Length Mean | Flow Bytes/s | Fwd IAT Total | Fwd IAT Min | Bwd Header Length | FIN Flag Count | ACK Flag Count | ECE Flag Count | act_data_pkt_fwd | Idle Max,2
900,Flow Duration | Total Fwd Packets | Total Length of Fwd Packets | Fwd Packet Length Min | Fwd Packet Length Std | Bwd Packet Length Min | Fwd IAT Min | Bwd IAT Total | Fwd URG Flags | min_seg_size_forward | Active Max | Active Min | Idle Std,3
901,Destination Port | Total Length of Bwd Packets | Bwd Packet Length Std | Flow Packets/s | Flow IAT Max | Fwd IAT Std | Bwd IAT Mean | Bwd IAT Min | Packet Length Std | Init_Win_bytes_backward | act_data_pkt_fwd | Idle Mean | Idle Max,5
902,Total Backward Packets | Total Length of Fwd Packets | Total Length of Bwd Packets | Fwd Packet Length Std | Bwd IAT Mean | Bwd IAT Min | Fwd URG Flags | FIN Flag Count | RST Flag Count | PSH Flag Count | Active Mean | Idle Mean | Idle Max,2
903,Destination Port | Total Fwd Packets | Total Backward Packets | Flow IAT Mean | Fwd IAT Min | Bwd IAT Max | Bwd IAT Min | Bwd Packets/s | Packet Length Mean | PSH Flag Count | Init_Win_bytes_forward | Init_Win_bytes_backward | Idle Mean,5
904,Total Fwd Packets | Fwd Packet Length Max | Bwd Packet Length Max | Bwd Packet Length Mean | Bwd Packet Length Std | Flow Bytes/s | Flow IAT Min | Fwd IAT Total | Fwd URG Flags | Packet Length Mean | Idle Mean | Idle Max | Idle Min,2
905,Fwd Packet Length Min | Fwd Packet Length Std | Bwd Packet Length Min | Bwd Packet Length Std | Flow IAT Max | Fwd IAT Std | Bwd IAT Max | Bwd IAT Min | Bwd Header Length | Max Packet Length | Packet Length Std | PSH Flag Count | Idle Std,4
906,Total Length of Fwd Packets | Flow Packets/s | Fwd IAT Total | Bwd IAT Std | Bwd IAT Min | Fwd Header Length | Packet Length Mean | Down/Up Ratio | Average Packet Size | Init_Win_bytes_forward | Init_Win_bytes_backward | act_data_pkt_fwd | Active Min,4
907,Bwd Packet Length Std | Flow IAT Std | Fwd IAT Std | Bwd IAT Mean | Bwd IAT Std | Fwd Header Length | Bwd Header Length | RST Flag Count | Average Packet Size | Active Std | Active Max | Active Min | Idle Mean,2
908,Destination Port | Fwd Packet Length Std | Bwd Packet Length Std | Flow Bytes/s | Flow IAT Std | Fwd IAT Min | Bwd IAT Total | Fwd URG Flags | Bwd Header Length | ACK Flag Count | ECE Flag Count | Average Packet Size | Active Max,3
909,Total Backward Packets | Fwd Packet Length Min | Flow Packets/s | Flow IAT Min | Fwd IAT Mean | Fwd IAT Max | Bwd IAT Mean | Fwd PSH Flags | Packet Length Mean | Packet Length Std | URG Flag Count | Active Std | Active Max,1
910,Total Fwd Packets | Total Backward Packets | Fwd Packet Length Mean | Fwd Packet Length Std | Fwd IAT Max | Bwd IAT Max | Bwd IAT Min | Max Packet Length | RST Flag Count | PSH Flag Count | ACK Flag Count | Idle Mean | Idle Max,3
911,Bwd Packet Length Mean | Bwd Packet Length Std | Flow Bytes/s | Flow IAT Mean | Fwd IAT Mean | Fwd IAT Std | Fwd IAT Min | Bwd IAT Std | FIN Flag Count | URG Flag Count | Down/Up Ratio | act_data_pkt_fwd | Active Mean,3
912,Total Length of Fwd Packets | Fwd Packet Length Std | Flow Bytes/s | Flow IAT Min | Fwd Packets/s | PSH Flag Count | Down/Up Ratio | act_data_pkt_fwd | min_seg_size_forward | Active Max | Idle Mean | Idle Std | Idle Min,3
913,Total Length of Bwd Packets | Fwd Packet Length Mean | Bwd Packet Length Mean | Flow Bytes/s | Flow Packets/s | Fwd IAT Max | Bwd IAT Total | Bwd IAT Mean | Min Packet Length | RST Flag Count | PSH Flag Count | act_data_pkt_fwd | min_seg_size_forward,4
914,Flow Duration | Total Fwd Packets | Fwd Packet Length Mean | Fwd Packet Length Std | Bwd Packet Length Min | Bwd Packet Length Std | Flow IAT Std | Fwd IAT Mean | Bwd IAT Mean | Bwd IAT Max | Max Packet Length | RST Flag Count | Active Min,4
915,Flow Duration | Total Length of Bwd Packets | Fwd Packet Length Max | Fwd Packet Length Min | Fwd Packet Length Std | Bwd Packet Length Std | Flow Bytes/s | Bwd IAT Max | Packet Length Mean | FIN Flag Count | Down/Up Ratio | Init_Win_bytes_backward | Active Min,2
916,Total Backward Packets | Total Length of Fwd Packets | Total Length of Bwd Packets | Flow Packets/s | Flow IAT Std | Fwd IAT Total | Fwd IAT Std | Bwd Packets/s | FIN Flag Count | ACK Flag Count | Down/Up Ratio | act_data_pkt_fwd | Active Std,1
917,Total Length of Fwd Packets | Fwd Packet Length Min | Bwd Packet Length Max | Flow Bytes/s | Flow IAT Max | Fwd IAT Std | Fwd Packets/s | Max Packet Length | Average Packet Size | act_data_pkt_fwd | min_seg_size_forward | Active Std | Idle Mean,3
918,Total Length of Fwd Packets | Flow IAT Std | Fwd IAT Std | Fwd IAT Max | Bwd IAT Std | Fwd PSH Flags | Bwd Header Length | Min Packet Length | Max Packet Length | ACK Flag Count | Average Packet Size | Idle Std | Idle Min,2
919,Total Fwd Packets | Fwd Packet Length Max | Bwd Packet Length Max | Flow Bytes/s | Bwd IAT Mean | Bwd Header Length | Packet Length Std | URG Flag Count | act_data_pkt_fwd | min_seg_size_forward | Idle Mean | Idle Std | Idle Max,2
920,Flow Duration | Total Fwd Packets | Flow Bytes/s | Fwd IAT Std | Bwd IAT Total | Bwd IAT Min | Bwd Header Length | Packet Length Mean | Packet Length Std | FIN Flag Count | RST Flag Count | Active Min | Idle Min,2
921,Fwd Packet Length Max | Flow Packets/s | Flow IAT Mean | Flow IAT Max | Flow IAT Min | Fwd IAT Total | Packet Length Mean | Packet Length Std | PSH Flag Count | Average Packet Size | Init_Win_bytes_forward | Init_Win_bytes_backward | Idle Min,3
922,Flow Duration | Bwd Packet Length Max | Bwd Packet Length Mean | Flow Bytes/s | Flow IAT Std | Fwd IAT Mean | Fwd IAT Max | Bwd IAT Max | Fwd PSH Flags | Fwd URG Flags | Bwd Header Length | Min Packet Length | Init_Win_bytes_backward,2
923,Destination Port | Total Fwd Packets | Total Backward Packets | Bwd Packet Length Max | Bwd Packet Length Min | Bwd Packet Length Mean | Flow Bytes/s | Fwd IAT Std | Fwd IAT Min | Bwd Header Length | Fwd Packets/s | Packet Length Mean | Packet Length Std,3
924,Fwd Packet Length Max | Fwd Packet Length Mean | Bwd Packet Length Mean | Fwd IAT Mean | Bwd IAT Max | Fwd PSH Flags | Fwd Packets/s | FIN Flag Count | URG Flag Count | Active Std | Active Min | Idle Std | Idle Max,0
925,Destination Port | Fwd Packet Length Max | Bwd Packet Length Max | Flow Bytes/s | Fwd IAT Mean | Fwd IAT Std | Bwd IAT Total | Bwd IAT Max | Fwd URG Flags | Packet Length Std | URG Flag Count | Average Packet Size | Idle Max,1
926,Flow Duration | Fwd Packet Length Max | Fwd URG Flags | Bwd Packets/s | Min Packet Length | FIN Flag Count | PSH Flag Count | URG Flag Count | Init_Win_bytes_backward | act_data_pkt_fwd | min_seg_size_forward | Active Mean | Idle Mean,4
927,Total Backward Packets | Total Length of Bwd Packets | Flow Packets/s | Flow IAT Std | Fwd Packets/s | Min Packet Length | Max Packet Length | Down/Up Ratio | Init_Win_bytes_backward | Active Std | Active Min | Idle Mean | Idle Std,3
928,Destination Port | Total Fwd Packets | Total Backward Packets | Fwd Packet Length Max | Bwd Packet Length Max | Bwd Packet Length Std | Flow Packets/s | Fwd IAT Mean | Fwd IAT Std | Bwd IAT Min | Fwd Packets/s | Active Min | Idle Min,3
929,Flow Duration | Total Length of Fwd Packets | Fwd Packet Length Std | Bwd Packet Length Min | Fwd IAT Std | Fwd IAT Max | Fwd URG Flags | Fwd Header Length | Max Packet Length | URG Flag Count | ECE Flag Count | Active Min | Idle Std,2
930,Bwd Packet Length Max | Flow IAT Mean | Flow IAT Max | Fwd IAT Mean | Fwd IAT Max | Fwd IAT Min | Bwd IAT Max | Bwd IAT Min | Fwd Header Length | Bwd Packets/s | RST Flag Count | Idle Mean | Idle Max,3
931,Total Fwd Packets | Fwd Packet Length Mean | Flow Bytes/s | Flow IAT Mean | Flow IAT Min | Bwd IAT Mean | Fwd PSH Flags | Bwd Header Length | Bwd Packets/s | ACK Flag Count | Active Std | Active Max | Idle Std,1
932,Total Fwd Packets | Total Backward Packets | Total Length of Fwd Packets | Flow Bytes/s | Flow IAT Mean | Bwd IAT Min | Fwd PSH Flags | Fwd URG Flags | Fwd Packets/s | URG Flag Count | Init_Win_bytes_forward | min_seg_size_forward | Idle Max,3
933,Bwd Packet Length Std | Flow Packets/s | Flow IAT Std | Fwd IAT Mean | Fwd IAT Std | Bwd IAT Mean | Bwd IAT Std | Bwd IAT Min | Fwd PSH Flags | Packet Length Mean | PSH Flag Count | Init_Win_bytes_backward | Active Std,3
934,Fwd Packet Length Std | Flow IAT Std | Bwd IAT Total | Bwd IAT Mean | Bwd Packets/s | Min Packet Length | Packet Length Std | FIN Flag Count | RST Flag Count | ECE Flag Count | Init_Win_bytes_forward | Active Mean | Active Max,3
935,Flow Duration | Fwd Packet Length Mean | Flow IAT Mean | Flow IAT Std | Flow IAT Max | Fwd IAT Total | Bwd IAT Std | Bwd IAT Min | FIN Flag Count | ACK Flag Count | ECE Flag Count | act_data_pkt_fwd | Active Mean,2
936,Total Length of Fwd Packets | Fwd Packet Length Min | Bwd Packet Length Std | Fwd IAT Min | Min Packet Length | Max Packet Length | Packet Length Mean | Packet Length Std | PSH Flag Count | URG Flag Count | Average Packet Size | min_seg_size_forward | Idle Std,5
937,Destination Port | Flow Duration | Total Fwd Packets | Total Length of Fwd Packets | Fwd Header Length | ACK Flag Count | Down/Up Ratio | Init_Win_bytes_backward | act_data_pkt_fwd | Active Mean | Active Min | Idle Mean | Idle Min,3
938,Destination Port | Bwd Packet Length Std | Flow Bytes/s | Flow Packets/s | Flow IAT Mean | Flow IAT Min | Fwd IAT Mean | Bwd IAT Std | Packet Length Std | URG Flag Count | act_data_pkt_fwd | Active Min | Idle Std,4
939,Destination Port | Total Length of Bwd Packets | Fwd Packet Length Min | Fwd Packet Length Std | Bwd Packet Length Min | Bwd Packet Length Mean | Flow IAT Max | Fwd URG Flags | Min Packet Length | FIN Flag Count | ECE Flag Count | act_data_pkt_fwd | Active Min,4
940,Bwd Packet Length Min | Bwd Packet Length Mean | Flow Packets/s | Fwd IAT Max | Bwd IAT Total | Bwd IAT Std | Bwd IAT Max | Bwd IAT Min | Fwd Header Length | Average Packet Size | Active Mean | Active Std | Idle Std,2
941,Total Fwd Packets | Fwd Packet Length Std | Bwd Packet Length Std | Flow Packets/s | Flow IAT Max | Fwd IAT Max | Bwd IAT Min | Fwd PSH Flags | Max Packet Length | Packet Length Mean | PSH Flag Count | min_seg_size_forward | Idle Max,4
942,Total Backward Packets | Total Length of Fwd Packets | Fwd Packet Length Mean | Fwd IAT Min | Bwd IAT Total | Bwd IAT Min | PSH Flag Count | ACK Flag Count | ECE Flag Count | Average Packet Size | Active Mean | Active Std | Idle Max,2
943,Flow Duration | Total Backward Packets | Bwd Packet Length Std | Flow Packets/s | Flow IAT Std | Flow IAT Max | Bwd IAT Std | Fwd URG Flags | Packet Length Mean | FIN Flag Count | Init_Win_bytes_backward | Active Max | Idle Mean,2
944,Destination Port | Total Fwd Packets | Total Backward Packets | Fwd Packet Length Std | Bwd Packet Length Max | Flow IAT Mean | Fwd IAT Min | Fwd URG Flags | Fwd Packets/s | Bwd Packets/s | FIN Flag Count | Active Mean | Idle Std,2
945,Destination Port | Total Fwd Packets | Total Length of Bwd Packets | Fwd Packet Length Max | Fwd Packet Length Std | Bwd Packet Length Mean | Flow IAT Std | Fwd IAT Max | Fwd IAT Min | Init_Win_bytes_backward | Active Std | Active Max | Idle Mean,3
946,Fwd Packet Length Max | Flow Packets/s | Flow IAT Std | Flow IAT Max | Fwd IAT Total | Fwd IAT Std | Fwd IAT Max | Packet Length Mean | act_data_pkt_fwd | min_seg_size_forward | Active Std | Active Min | Idle Std,2
947,Total Backward Packets | Fwd Packet Length Max | Flow Packets/s | Fwd IAT Std | Fwd IAT Min | Fwd Header Length | Min Packet Length | ACK Flag Count | URG Flag Count | Init_Win_bytes_backward | Active Min | Idle Std | Idle Min,3
948,Fwd Packet Length Min | Fwd Packet Length Std | Bwd Packet Length Mean | Flow IAT Mean | Flow IAT Min | Fwd IAT Min | Max Packet Length | Packet Length Mean | FIN Flag Count | RST Flag Count | Init_Win_bytes_backward | Active Std | Idle Std,5
949,Total Fwd Packets | Bwd Packet Length Mean | Bwd Packet Length Std | Flow Bytes/s | Flow IAT Min | Fwd IAT Max | Fwd IAT Min | Bwd IAT Total | Bwd IAT Mean | FIN Flag Count | ACK Flag Count | Init_Win_bytes_backward | Active Min,4
950,Fwd Packet Length Max | Flow IAT Std | Bwd IAT Total | Bwd IAT Std | Bwd IAT Max | Fwd Header Length | Bwd Header Length | Down/Up Ratio | Average Packet Size | Active Mean | Active Max | Idle Std | Idle Max,0
951,Total Backward Packets | Fwd Packet Length Max | Fwd Packet Length Mean | Bwd Packet Length Max | Flow IAT Min | Fwd IAT Mean | Bwd IAT Mean | Bwd IAT Std | Bwd Packets/s | Init_Win_bytes_forward | Init_Win_bytes_backward | act_data_pkt_fwd | Active Max,4
952,Total Length of Fwd Packets | Bwd Packet Length Max | Flow Bytes/s | Flow IAT Std | Fwd IAT Std | Fwd IAT Min | Bwd IAT Std | Packet Length Std | URG Flag Count | Down/Up Ratio | Init_Win_bytes_backward | Active Mean | Idle Max,2
953,Total Fwd Packets | Total Length of Bwd Packets | Flow IAT Std | Fwd IAT Max | Bwd IAT Total | Bwd IAT Std | Bwd IAT Max | Bwd IAT Min | Fwd PSH Flags | Packet Length Mean | FIN Flag Count | Active Mean | Active Min,1
954,Total Fwd Packets | Total Length of Fwd Packets | Flow IAT Mean | Flow IAT Std | Fwd IAT Total | Fwd IAT Max | Fwd IAT Min | Packet Length Mean | RST Flag Count | ACK Flag Count | ECE Flag Count | Down/Up Ratio | Active Min,2
955,Destination Port | Total Length of Bwd Packets | Bwd Packet Length Max | Bwd IAT Max | Fwd Header Length | ACK Flag Count | Down/Up Ratio | Init_Win_bytes_forward | Active Mean | Active Max | Active Min | Idle Mean | Idle Std,2
956,Total Length of Fwd Packets | Flow Packets/s | Flow IAT Mean | Fwd IAT Max | Bwd IAT Mean | Min Packet Length | Packet Length Mean | Packet Length Std | URG Flag Count | Average Packet Size | Init_Win_bytes_backward | min_seg_size_forward | Active Mean,3
957,Fwd Packet Length Min | Flow IAT Max | Fwd IAT Total | Bwd IAT Std | Bwd IAT Max | Bwd IAT Min | Fwd PSH Flags | Bwd Header Length | Bwd Packets/s | Min Packet Length | Max Packet Length | RST Flag Count | Idle Min,4
958,Total Backward Packets | Total Length of Bwd Packets | Fwd Packet Length Max | Fwd Packet Length Min | Fwd Packet Length Std | Fwd IAT Std | Fwd IAT Min | Bwd IAT Mean | Bwd IAT Min | URG Flag Count | Init_Win_bytes_forward | Active Mean | Idle Min,3
959,Total Length of Bwd Packets | Fwd Packet Length Max | Fwd Packet Length Min | Flow IAT Mean | Fwd IAT Total | Bwd IAT Total | Fwd PSH Flags | Packet Length Std | FIN Flag Count | PSH Flag Count | ECE Flag Count | Active Max | Idle Std,0
960,Destination Port | Flow Duration | Total Length of Bwd Packets | Bwd Packet Length Max | Flow Bytes/s | Bwd IAT Min | Fwd URG Flags | Fwd Packets/s | Max Packet Length | Init_Win_bytes_forward | Active Mean | Active Min | Idle Max,4
961,Fwd Packet Length Mean | Bwd Packet Length Max | Bwd Packet Length Std | Flow IAT Std | Fwd Header Length | Bwd Header Length | Bwd Packets/s | Min Packet Length | Init_Win_bytes_forward | Init_Win_bytes_backward | act_data_pkt_fwd | Active Max | Idle Max,5
962,Total Length of Bwd Packets | Bwd Packet Length Std | Flow IAT Max | Flow IAT Min | Fwd IAT Std | Bwd IAT Total | Bwd IAT Mean | Fwd PSH Flags | Bwd Packets/s | Packet Length Mean | ACK Flag Count | Init_Win_bytes_forward | min_seg_size_forward,4
963,Destination Port | Fwd Packet Length Max | Fwd Packet Length Mean | Bwd Packet Length Max | Flow IAT Mean | Bwd IAT Total | Bwd IAT Mean | Bwd IAT Max | Fwd URG Flags | PSH Flag Count | act_data_pkt_fwd | Active Min | Idle Mean,2
964,Destination Port | Total Length of Fwd Packets | Total Length of Bwd Packets | Fwd IAT Min | Bwd IAT Total | Fwd Packets/s | Min Packet Length | Packet Length Mean | RST Flag Count | PSH Flag Count | act_data_pkt_fwd | Active Max | Idle Std,5
965,Destination Port | Fwd Packet Length Min | Fwd Packet Length Std | Flow IAT Std | Flow IAT Max | Fwd URG Flags | Min Packet Length | Max Packet Length | Packet Length Mean | FIN Flag Count | Init_Win_bytes_forward | Active Std | Active Min,4
966,Flow Duration | Fwd IAT Total | Fwd IAT Min | Bwd IAT Std | Bwd IAT Max | Bwd IAT Min | Fwd URG Flags | Bwd Packets/s | FIN Flag Count | Init_Win_bytes_backward | act_data_pkt_fwd | min_seg_size_forward | Idle Std,5
967,Total Fwd Packets | Fwd Packet Length Std | Flow IAT Max | Fwd IAT Max | Min Packet Length | RST Flag Count | PSH Flag Count | ECE Flag Count | Average Packet Size | Active Mean | Active Min | Idle Std | Idle Min,2
968,Flow Duration | Total Fwd Packets | Total Length of Bwd Packets | Fwd Packet Length Max | Bwd Packet Length Mean | Flow IAT Max | Flow IAT Min | Bwd IAT Max | Fwd PSH Flags | Bwd Header Length | Bwd Packets/s | Packet Length Std | FIN Flag Count,1
969,Total Length of Fwd Packets | Total Length of Bwd Packets | Flow IAT Mean | Fwd IAT Min | Bwd IAT Mean | Bwd IAT Std | Fwd Header Length | Bwd Packets/s | Packet Length Mean | PSH Flag Count | Init_Win_bytes_forward | Init_Win_bytes_backward | Idle Std,3
970,Destination Port | Fwd Packet Length Max | Fwd Packet Length Std | Flow Packets/s | Flow IAT Mean | Flow IAT Min | Fwd IAT Total | Fwd IAT Mean | Bwd IAT Max | Bwd IAT Min | Max Packet Length | FIN Flag Count | Active Std,4
971,Flow Duration | Fwd Packet Length Min | Fwd IAT Max | Fwd IAT Min | Bwd IAT Total | Fwd Header Length | FIN Flag Count | ACK Flag Count | URG Flag Count | Average Packet Size | Init_Win_bytes_forward | Init_Win_bytes_backward | Active Std,3
972,Flow Packets/s | Flow IAT Std | Fwd IAT Mean | Fwd IAT Max | Bwd IAT Std | Fwd Packets/s | Bwd Packets/s | Packet Length Mean | Packet Length Std | FIN Flag Count | ECE Flag Count | Init_Win_bytes_backward | Idle Mean,1
973,Total Backward Packets | Bwd Packet Length Mean | Flow IAT Max | Fwd IAT Min | Bwd IAT Total | Bwd IAT Std | Fwd Header Length | Bwd Header Length | Min Packet Length | Init_Win_bytes_forward | Active Std | Idle Mean | Idle Max,3
974,Total Fwd Packets | Bwd Packet Length Max | Flow IAT Mean | Flow IAT Std | Flow IAT Max | Fwd IAT Total | Bwd IAT Std | Fwd Packets/s | Down/Up Ratio | Average Packet Size | Init_Win_bytes_forward | Init_Win_bytes_backward | Active Mean,2
975,Total Length of Fwd Packets | Fwd Packet Length Max | Fwd Packet Length Std | Bwd Packet Length Max | Flow IAT Max | Fwd IAT Std | Bwd IAT Total | Bwd IAT Mean | Fwd PSH Flags | Fwd Packets/s | Bwd Packets/s | Packet Length Mean | Idle Mean,0
976,Fwd Packet Length Min | Flow Bytes/s | Flow IAT Mean | Flow IAT Std | Flow IAT Min | Fwd IAT Total | Fwd IAT Max | Fwd URG Flags | Bwd Header Length | URG Flag Count | Init_Win_bytes_forward | Idle Std | Idle Min,2
977,Total Fwd Packets | Bwd Packet Length Std | Flow Packets/s | Flow IAT Mean | Fwd IAT Min | Fwd Packets/s | Max Packet Length | ECE Flag Count | Average Packet Size | Init_Win_bytes_backward | Active Mean | Active Max | Idle Min,4
978,Fwd Packet Length Min | Fwd Packet Length Mean | Fwd Packet Length Std | Bwd Packet Length Std | Flow Packets/s | Flow IAT Max | Flow IAT Min | Bwd IAT Std | Packet Length Mean | act_data_pkt_fwd | min_seg_size_forward | Active Mean | Idle Std,4
979,Destination Port | Total Backward Packets | Fwd Packet Length Mean | Flow IAT Std | Fwd IAT Std | Fwd IAT Max | Bwd IAT Mean | Bwd IAT Max | Fwd PSH Flags | Bwd Header Length | Min Packet Length | Init_Win_bytes_backward | Idle Max,3
980,Destination Port | Total Backward Packets | Fwd Packet Length Mean | Flow IAT Max | Flow IAT Min | Fwd IAT Std | Bwd IAT Std | Min Packet Length | FIN Flag Count | URG Flag Count | ECE Flag Count | Active Std | Idle Max,3
981,Flow Duration | Total Length of Bwd Packets | Fwd Packet Length Max | Flow Packets/s | Bwd IAT Std | Max Packet Length | Packet Length Mean | FIN Flag Count | RST Flag Count | Active Std | Idle Mean | Idle Max | Idle Min,2
982,Fwd Packet Length Max | Fwd IAT Min | Fwd PSH Flags | Fwd Header Length | Bwd Header Length | Packet Length Std | FIN Flag Count | RST Flag Count | URG Flag Count | ECE Flag Count | Init_Win_bytes_forward | Idle Std | Idle Max,3
983,Destination Port | Total Fwd Packets | Bwd Packet Length Mean | Flow IAT Min | Bwd IAT Std | Bwd IAT Min | Fwd PSH Flags | Fwd Header Length | Max Packet Length | FIN Flag Count | min_seg_size_forward | Idle Std | Idle Min,5
984,Flow Duration | Fwd Packet Length Min | Bwd Packet Length Std | Flow Bytes/s | Flow Packets/s | Flow IAT Min | Bwd IAT Total | Fwd Packets/s | Min Packet Length | Packet Length Mean | act_data_pkt_fwd | Active Mean | Idle Max,4
985,Total Fwd Packets | Bwd Packet Length Std | Flow IAT Mean | Fwd IAT Min | Bwd IAT Std | Bwd IAT Max | Fwd Header Length | Fwd Packets/s | Max Packet Length | ACK Flag Count | min_seg_size_forward | Active Mean | Active Max,4
986,Total Length of Fwd Packets | Fwd Packet Length Mean | Bwd Packet Length Mean | Flow IAT Mean | Flow IAT Std | Fwd IAT Max | Fwd IAT Min | Bwd IAT Std | FIN Flag Count | ACK Flag Count | ECE Flag Count | Init_Win_bytes_forward | Init_Win_bytes_backward,3
987,Total Length of Fwd Packets | Total Length of Bwd Packets | Fwd Packet Length Mean | Bwd Packet Length Min | Flow IAT Mean | Fwd IAT Max | Fwd IAT Min | Bwd IAT Max | Max Packet Length | PSH Flag Count | ACK Flag Count | Down/Up Ratio | Active Std,3
988,Destination Port | Fwd Packet Length Max | Bwd Packet Length Max | Bwd Packet Length Std | Fwd IAT Total | Bwd IAT Mean | PSH Flag Count | URG Flag Count | Down/Up Ratio | Init_Win_bytes_forward | min_seg_size_forward | Idle Mean | Idle Max,4
989,Total Backward Packets | Fwd Packet Length Max | Fwd Packet Length Mean | Bwd Packet Length Mean | Bwd Packet Length Std | Flow IAT Std | Bwd IAT Std | Bwd IAT Max | Fwd PSH Flags | Fwd Header Length | Fwd Packets/s | Active Max | Active Min,1
990,Destination Port | Total Backward Packets | Fwd Packet Length Mean | Flow IAT Std | Flow IAT Max | Fwd IAT Std | Min Packet Length | FIN Flag Count | ACK Flag Count | Down/Up Ratio | act_data_pkt_fwd | Active Std | Active Max,3
991,Total Backward Packets | Fwd Packet Length Std | Flow Packets/s | Fwd PSH Flags | Fwd Packets/s | Packet Length Std | FIN Flag Count | RST Flag Count | ACK Flag Count | min_seg_size_forward | Active Std | Active Max | Active Min,2
992,Bwd Packet Length Max | Bwd Packet Length Mean | Flow IAT Mean | Flow IAT Std | Flow IAT Max | Fwd IAT Total | Fwd IAT Max | Fwd IAT Min | Min Packet Length | Packet Length Std | PSH Flag Count | URG Flag Count | Active Min,2
993,Total Fwd Packets | Total Length of Fwd Packets | Bwd Packet Length Min | Fwd IAT Std | Fwd PSH Flags | Fwd URG Flags | Min Packet Length | FIN Flag Count | PSH Flag Count | Down/Up Ratio | act_data_pkt_fwd | min_seg_size_forward | Idle Max,4
994,Fwd Packet Length Min | Flow IAT Min | Fwd IAT Total | Fwd IAT Min | Bwd IAT Mean | Fwd Packets/s | Bwd Packets/s | URG Flag Count | ECE Flag Count | Init_Win_bytes_forward | Init_Win_bytes_backward | Active Std | Idle Max,4
995,Flow IAT Std | Flow IAT Max | Fwd IAT Mean | Fwd IAT Max | Fwd IAT Min | Bwd IAT Total | Bwd IAT Max | Min Packet Length | Packet Length Mean | FIN Flag Count | URG Flag Count | act_data_pkt_fwd | min_seg_size_forward,4
996,Total Length of Fwd Packets | Fwd Packet Length Min | Fwd Packet Length Mean | Bwd Packet Length Std | Flow IAT Mean | Bwd IAT Std | Bwd IAT Min | Bwd Header Length | RST Flag Count | Down/Up Ratio | Average Packet Size | act_data_pkt_fwd | Active Min,4
997,Total Backward Packets | Total Length of Bwd Packets | Fwd Packet Length Max | Fwd Packet Length Mean | Bwd Packet Length Std | Fwd URG Flags | Fwd Header Length | Min Packet Length | RST Flag Count | PSH Flag Count | Init_Win_bytes_backward | Idle Mean | Idle Std,4
998,Flow Duration | Bwd Packet Length Min | Flow Packets/s | Bwd IAT Mean | Bwd IAT Max | Fwd Header Length | Bwd Header Length | Min Packet Length | Packet Length Std | Init_Win_bytes_forward | act_data_pkt_fwd | Active Mean | Idle Min,4
999,Flow Duration | Total Fwd Packets | Total Length of Bwd Packets | Flow IAT Mean | Fwd IAT Std | Fwd IAT Max | Fwd IAT Min | Bwd IAT Max | Fwd URG Flags | Bwd Packets/s | ECE Flag Count | Active Std | Active Min,1
1000,Flow Duration | Fwd Packet Length Mean | Bwd Packet Length Std | Fwd IAT Total | Fwd URG Flags | Min Packet Length | Max Packet Length | PSH Flag Count | URG Flag Count | Init_Win_bytes_forward | Active Std | Idle Mean | Idle Max,4
1001,Flow Duration | Total Fwd Packets | Bwd Packet Length Mean | Bwd IAT Total | Bwd IAT Mean | Bwd IAT Std | Bwd IAT Max | Fwd PSH Flags | Fwd Header Length | Bwd Packets/s | Max Packet Length | FIN Flag Count | Idle Min,1
1002,Total Length of Fwd Packets | Fwd Packet Length Mean | Bwd Packet Length Min | Bwd Packet Length Std | Flow IAT Std | Fwd IAT Mean | Bwd IAT Mean | Fwd PSH Flags | Fwd Packets/s | Max Packet Length | ECE Flag Count | Down/Up Ratio | Average Packet Size,3
1003,Flow Duration | Fwd Packet Length Min | Fwd Packet Length Std | Fwd IAT Mean | Fwd IAT Std | Fwd URG Flags | Bwd Packets/s | Max Packet Length | ACK Flag Count | Average Packet Size | Init_Win_bytes_forward | min_seg_size_forward | Idle Max,3
1004,Destination Port | Total Fwd Packets | Fwd Packet Length Min | Bwd Packet Length Max | Bwd Packet Length Mean | Flow Packets/s | Fwd IAT Std | Bwd IAT Std | Fwd URG Flags | Bwd Header Length | URG Flag Count | Average Packet Size | Idle Max,1
1005,Flow Duration | Total Backward Packets | Fwd Packet Length Mean | Fwd Packet Length Std | Flow Bytes/s | Fwd IAT Total | Bwd IAT Total | Bwd IAT Max | Fwd Header Length | Packet Length Std | URG Flag Count | Init_Win_bytes_backward | Idle Max,1
1006,Fwd Packet Length Max | Fwd Packet Length Std | Flow IAT Mean | Flow IAT Std | Fwd IAT Mean | Fwd IAT Max | Fwd IAT Min | Packet Length Mean | FIN Flag Count | RST Flag Count | Init_Win_bytes_backward | Active Std | Active Max,3
1007,Total Backward Packets | Fwd Packet Length Mean | Bwd Packet Length Min | Bwd Packet Length Std | Flow Packets/s | Bwd IAT Mean | Bwd IAT Std | Fwd Header Length | Fwd Packets/s | Min Packet Length | Max Packet Length | Packet Length Mean | Active Std,4
1008,Destination Port | Fwd Packet Length Min | Fwd Packet Length Mean | Fwd Packet Length Std | Flow Bytes/s | Flow IAT Std | Fwd IAT Mean | Fwd IAT Std | Bwd IAT Min | Packet Length Std | FIN Flag Count | Average Packet Size | Active Mean,2
1009,Destination Port | Bwd Packet Length Min | Bwd Packet Length Mean | Bwd Packet Length Std | Bwd IAT Min | Fwd URG Flags | Fwd Header Length | Fwd Packets/s | Min Packet Length | PSH Flag Count | Init_Win_bytes_backward | Active Mean | Idle Mean,6
1010,Destination Port | Total Backward Packets | Total Length of Fwd Packets | Bwd Packet Length Max | Bwd Packet Length Mean | Fwd Packets/s | Bwd Packets/s | Max Packet Length | RST Flag Count | PSH Flag Count | ECE Flag Count | Down/Up Ratio | min_seg_size_forward,4
1011,Destination Port | Total Fwd Packets | Bwd Packet Length Min | Bwd Packet Length Mean | Flow IAT Max | Fwd IAT Total | Bwd Packets/s | Packet Length Mean | PSH Flag Count | Down/Up Ratio | Average Packet Size | act_data_pkt_fwd | Idle Mean,3
1012,Total Fwd Packets | Flow Bytes/s | Fwd IAT Total | Fwd IAT Min | Bwd IAT Total | Fwd Packets/s | Bwd Packets/s | Max Packet Length | ACK Flag Count | URG Flag Count | Active Mean | Idle Mean | Idle Std,2
1013,Total Fwd Packets | Total Length of Bwd Packets | Fwd Packet Length Mean | Bwd Packet Length Max | Flow Bytes/s | Flow IAT Std | Fwd IAT Std | Bwd IAT Total | Bwd IAT Max | Fwd URG Flags | Bwd Packets/s | Active Std | Idle Mean,0
1014,Total Fwd Packets | Fwd Packet Length Min | Flow Bytes/s | Flow Packets/s | Flow IAT Std | Fwd IAT Min | Fwd PSH Flags | Fwd URG Flags | Max Packet Length | FIN Flag Count | ECE Flag Count | Idle Mean | Idle Max,2
1015,Destination Port | Fwd Packet Length Min | Bwd Packet Length Min | Bwd Packet Length Mean | Flow Packets/s | Fwd IAT Mean | Fwd IAT Std | Fwd IAT Max | Bwd IAT Mean | Active Mean | Active Std | Active Min | Idle Mean,2
1016,Destination Port | Flow Duration | Total Fwd Packets | Total Length of Fwd Packets | Fwd Packet Length Std | Bwd Packet Length Min | Bwd Packet Length Std | Fwd IAT Mean | Bwd IAT Max | Fwd Header Length | Packet Length Mean | FIN Flag Count | URG Flag Count,3
1017,Total Fwd Packets | Total Backward Packets | Total Length of Bwd Packets | Bwd Packet Length Min | Flow Packets/s | Flow IAT Max | Flow IAT Min | Fwd IAT Max | FIN Flag Count | ACK Flag Count | act_data_pkt_fwd | Active Min | Idle Min,3
1018,Destination Port | Flow Duration | Total Length of Bwd Packets | Fwd Packet Length Min | Flow Bytes/s | Flow IAT Max | Fwd IAT Total | Fwd IAT Std | Bwd Packets/s | Min Packet Length | Down/Up Ratio | Init_Win_bytes_backward | min_seg_size_forward,4
1019,Destination Port | Total Length of Bwd Packets | Fwd Packet Length Min | Fwd Packet Length Std | Bwd Packet Length Std | Bwd IAT Mean | Bwd IAT Max | Fwd URG Flags | Bwd Header Length | Init_Win_bytes_backward | Active Max | Idle Mean | Idle Max,3
1020,Total Length of Fwd Packets | Total Length of Bwd Packets | Fwd Packet Length Min | Fwd Packet Length Mean | Bwd Packet Length Min | Flow Bytes/s | Bwd IAT Total | Bwd IAT Min | Fwd Header Length | FIN Flag Count | act_data_pkt_fwd | Active Max | Idle Min,3
1021,Total Backward Packets | Flow Packets/s | Fwd IAT Max | Fwd IAT Min | Bwd IAT Total | Bwd IAT Mean | Bwd Header Length | Min Packet Length | Packet Length Mean | RST Flag Count | Average Packet Size | act_data_pkt_fwd | Active Mean,4
1022,Flow Duration | Total Fwd Packets | Fwd Packet Length Std | Bwd Packet Length Min | Bwd Packet Length Std | Fwd IAT Min | Bwd IAT Total | Max Packet Length | RST Flag Count | ECE Flag Count | Down/Up Ratio | Active Mean | Idle Mean,5
1023,Flow Duration | Total Length of Fwd Packets | Fwd Packet Length Mean | Fwd Packet Length Std | Bwd Packet Length Max | Flow Bytes/s | Flow Packets/s | Flow IAT Mean | Fwd IAT Mean | Fwd Header Length | Packet Length Std | RST Flag Count | Idle Mean,1
1024,Fwd Packet Length Max | Fwd Packet Length Mean | Flow Bytes/s | Bwd IAT Total | Bwd IAT Max | Bwd Header Length | Fwd Packets/s | Max Packet Length | RST Flag Count | ACK Flag Count | Init_Win_bytes_forward | Init_Win_bytes_backward | Active Max,4
1025,Fwd Packet Length Min | Flow IAT Mean | Flow IAT Max | Flow IAT Min | Fwd IAT Total | Fwd IAT Std | Fwd IAT Max | Fwd IAT Min | Bwd IAT Mean | Bwd IAT Std | Fwd Header Length | Packet Length Mean | min_seg_size_forward,3
1026,Total Length of Bwd Packets | Fwd Packet Length Min | Bwd Packet Length Mean | Flow Bytes/s | Flow IAT Min | Bwd IAT Mean | Bwd IAT Max | Fwd Packets/s | PSH Flag Count | Init_Win_bytes_forward | act_data_pkt_fwd | Active Std | Active Max,3
1027,Destination Port | Fwd Packet Length Std | Flow IAT Std | Fwd IAT Mean | Bwd IAT Total | Bwd Header Length | Min Packet Length | FIN Flag Count | PSH Flag Count | Down/Up Ratio | Average Packet Size | Idle Mean | Idle Std,2
1028,Fwd Packet Length Std | Bwd Packet Length Max | Flow Bytes/s | Bwd IAT Mean | Bwd IAT Min | Fwd PSH Flags | Packet Length Mean | FIN Flag Count | ECE Flag Count | Down/Up Ratio | min_seg_size_forward | Active Max | Idle Std,2
1029,Flow Duration | Bwd Packet Length Mean | Flow Packets/s | Flow IAT Mean | Flow IAT Std | Fwd IAT Total | Fwd IAT Min | Bwd IAT Mean | Fwd Header Length | Down/Up Ratio | act_data_pkt_fwd | min_seg_size_forward | Idle Std,3
1030,Total Length of Bwd Packets | Fwd Packet Length Max | Bwd Packet Length Min | Bwd Packet Length Std | Flow IAT Std | Fwd IAT Mean | Fwd Packets/s | Bwd Packets/s | RST Flag Count | PSH Flag Count | URG Flag Count | Active Max | Idle Max,3
1031,Flow Duration | Flow IAT Max | Flow IAT Min | Fwd IAT Mean | Fwd IAT Min | Bwd IAT Mean | Bwd IAT Min | Packet Length Std | PSH Flag Count | URG Flag Count | Average Packet Size | Active Max | Idle Min,3
1032,Total Length of Fwd Packets | Fwd Packet Length Min | Fwd Packet Length Std | Bwd Packet Length Min | Flow IAT Max | Bwd IAT Max | Fwd Header Length | Bwd Packets/s | Max Packet Length | ACK Flag Count | ECE Flag Count | Active Min | Idle Max,2
1033,Fwd Packet Length Max | Fwd Packet Length Mean | Fwd Packet Length Std | Fwd IAT Total | Bwd IAT Total | Bwd IAT Min | Fwd PSH Flags | Average Packet Size | Init_Win_bytes_backward | Idle Mean | Idle Std | Idle Max | Idle Min,2
1034,Flow Duration | Bwd Packet Length Max | Bwd Packet Length Mean | Flow Packets/s | Flow IAT Mean | Flow IAT Std | Fwd IAT Std | Fwd PSH Flags | Packet Length Std | FIN Flag Count | RST Flag Count | URG Flag Count | Active Mean,1
1035,Flow Duration | Fwd Packet Length Std | Flow IAT Std | Flow IAT Min | Fwd IAT Total | Fwd IAT Max | Bwd IAT Mean | Bwd Header Length | Bwd Packets/s | Min Packet Length | Average Packet Size | Init_Win_bytes_backward | act_data_pkt_fwd,4
1036,Bwd Packet Length Min | Flow IAT Max | Bwd IAT Mean | Bwd IAT Min | Fwd URG Flags | Bwd Header Length | Min Packet Length | ACK Flag Count | ECE Flag Count | Down/Up Ratio | Average Packet Size | Init_Win_bytes_backward | Idle Min,4
1037,Total Length of Fwd Packets | Total Length of Bwd Packets | Flow IAT Mean | Flow IAT Std | Flow IAT Min | Bwd IAT Total | Fwd URG Flags | Fwd Header Length | Bwd Header Length | Bwd Packets/s | FIN Flag Count | RST Flag Count | act_data_pkt_fwd,3
1038,Flow Duration | Total Fwd Packets | Total Length of Fwd Packets | Bwd Packet Length Mean | Fwd IAT Min | Bwd IAT Max | Fwd URG Flags | Packet Length Mean | Packet Length Std | RST Flag Count | Average Packet Size | Active Max | Idle Max,2
1039,Destination Port | Total Backward Packets | Fwd Packet Length Min | Fwd Packet Length Mean | Bwd Packet Length Mean | Fwd IAT Max | Fwd IAT Min | Bwd IAT Std | Fwd PSH Flags | ACK Flag Count | Average Packet Size | Active Max | Active Min,2
1040,Flow Duration | Fwd Packet Length Min | Fwd Packet Length Std | Bwd Packet Length Std | Flow IAT Max | Fwd IAT Min | Bwd IAT Total | Bwd IAT Max | Packet Length Std | PSH Flag Count | URG Flag Count | Average Packet Size | Active Max,2
1041,Flow Packets/s | Fwd IAT Total | Fwd IAT Mean | Fwd IAT Min | Bwd IAT Total | Fwd URG Flags | PSH Flag Count | ECE Flag Count | Init_Win_bytes_forward | Init_Win_bytes_backward | Active Max | Idle Std | Idle Min,3
1042,Bwd Packet Length Max | Flow IAT Std | Fwd IAT Std | Fwd IAT Max | Fwd Header Length | Bwd Header Length | Fwd Packets/s | Min Packet Length | ECE Flag Count | Active Max | Active Min | Idle Mean | Idle Min,1
1043,Bwd Packet Length Max | Flow IAT Max | Fwd IAT Std | Fwd IAT Max | Fwd IAT Min | Bwd IAT Total | Fwd PSH Flags | Fwd Packets/s | Packet Length Std | FIN Flag Count | ACK Flag Count | Average Packet Size | Idle Max,1
1044,Destination Port | Fwd Packet Length Min | Bwd Packet Length Min | Flow Bytes/s | Bwd IAT Total | Bwd IAT Max | Fwd PSH Flags | Fwd URG Flags | Fwd Header Length | Fwd Packets/s | RST Flag Count | PSH Flag Count | Init_Win_bytes_forward,4
1045,Fwd Packet Length Std | Bwd Packet Length Mean | Bwd Packet Length Std | Fwd PSH Flags | Fwd URG Flags | FIN Flag Count | URG Flag Count | ECE Flag Count | Down/Up Ratio | act_data_pkt_fwd | min_seg_size_forward | Active Min | Idle Max,3
1046,Flow Duration | Total Length of Fwd Packets | Total Length of Bwd Packets | Fwd Packet Length Max | Fwd IAT Total | Fwd IAT Mean | Fwd URG Flags | Bwd Header Length | Max Packet Length | PSH Flag Count | ACK Flag Count | Average Packet Size | Active Min,1
1047,Total Length of Bwd Packets | Fwd Packet Length Min | Bwd Packet Length Max | Flow IAT Std | Bwd IAT Mean | Bwd IAT Max | Bwd IAT Min | Fwd Header Length | Bwd Header Length | Packet Length Mean | ACK Flag Count | act_data_pkt_fwd | Idle Min,2
1048,Destination Port | Flow Duration | Total Length of Fwd Packets | Flow IAT Mean | Flow IAT Std | Fwd IAT Mean | Fwd IAT Std | Max Packet Length | RST Flag Count | PSH Flag Count | ECE Flag Count | min_seg_size_forward | Active Std,4
1049,Destination Port | Flow Duration | Total Fwd Packets | Fwd Packet Length Std | Flow IAT Std | Fwd IAT Mean | Bwd IAT Min | Fwd Header Length | Fwd Packets/s | Init_Win_bytes_forward | act_data_pkt_fwd | min_seg_size_forward | Active Min,5
1050,Fwd Packet Length Min | Bwd Packet Length Min | Bwd Packet Length Std | Flow Packets/s | Fwd IAT Std | Fwd IAT Max | Fwd PSH Flags | Fwd Packets/s | Packet Length Mean | PSH Flag Count | act_data_pkt_fwd | Idle Std | Idle Min,3
1051,Fwd Packet Length Std | Bwd Packet Length Max | Bwd Packet Length Std | Fwd IAT Max | Fwd IAT Min | Bwd IAT Total | Bwd IAT Max | Packet Length Mean | FIN Flag Count | Average Packet Size | min_seg_size_forward | Idle Std | Idle Max,3
1052,Total Backward Packets | Flow Bytes/s | Fwd IAT Total | Fwd IAT Min | Bwd IAT Std | Fwd URG Flags | RST Flag Count | act_data_pkt_fwd | Active Mean | Active Min | Idle Mean | Idle Std | Idle Min,3
1053,Destination Port | Total Length of Fwd Packets | Total Length of Bwd Packets | Flow Bytes/s | Flow IAT Max | Fwd IAT Mean | Bwd IAT Std | Max Packet Length | Packet Length Mean | Average Packet Size | Init_Win_bytes_backward | Active Std | Idle Min,3
1054,Destination Port | Total Length of Bwd Packets | Fwd Packet Length Max | Fwd Packet Length Min | Flow Bytes/s | Fwd IAT Std | Bwd IAT Total | Min Packet Length | Packet Length Mean | Packet Length Std | PSH Flag Count | Init_Win_bytes_backward | Idle Std,3
1055,Flow Duration | Fwd Packet Length Mean | Fwd Packet Length Std | Flow IAT Std | Flow IAT Max | Bwd IAT Mean | Fwd URG Flags | Max Packet Length | Down/Up Ratio | Init_Win_bytes_backward | act_data_pkt_fwd | min_seg_size_forward | Active Min,4
1056,Total Fwd Packets | Total Length of Fwd Packets | Fwd Packet Length Min | Flow IAT Min | Fwd IAT Total | Fwd IAT Mean | Fwd URG Flags | Bwd Packets/s | Min Packet Length | Average Packet Size | Active Mean | Active Std | Idle Max,2
1057,Destination Port | Total Fwd Packets | Total Backward Packets | Total Length of Bwd Packets | Bwd Packet Length Max | Bwd Packet Length Mean | Flow Packets/s | Fwd IAT Std | Max Packet Length | PSH Flag Count | ECE Flag Count | min_seg_size_forward | Idle Std,3
1058,Bwd Packet Length Min | Bwd Packet Length Mean | Flow IAT Std | Flow IAT Max | Bwd IAT Total | Bwd IAT Mean | Bwd IAT Std | Bwd Packets/s | FIN Flag Count | ECE Flag Count | Active Max | Active Min | Idle Std,1
1059,Flow Duration | Total Backward Packets | Bwd Packet Length Min | Flow IAT Max | Bwd IAT Max | Bwd Header Length | Min Packet Length | Packet Length Mean | Packet Length Std | FIN Flag Count | min_seg_size_forward | Active Max | Idle Mean,3
1060,Bwd Packet Length Std | Fwd IAT Mean | Bwd IAT Std | Fwd Packets/s | FIN Flag Count | PSH Flag Count | ACK Flag Count | ECE Flag Count | min_seg_size_forward | Active Mean | Active Std | Idle Mean | Idle Max,2
1061,Total Fwd Packets | Total Length of Bwd Packets | Fwd Packet Length Min | Fwd Packet Length Std | Bwd Packet Length Max | Flow IAT Mean | Flow IAT Min | Fwd Packets/s | Packet Length Std | PSH Flag Count | Active Mean | Active Max | Idle Mean,1
1062,Fwd Packet Length Min | Flow Bytes/s | Flow IAT Std | Bwd IAT Std | Bwd IAT Max | Bwd IAT Min | Fwd PSH Flags | RST Flag Count | ACK Flag Count | Average Packet Size | Init_Win_bytes_forward | Active Mean | Active Std,3
1063,Flow Duration | Flow Bytes/s | Fwd IAT Total | Bwd IAT Std | Fwd PSH Flags | Fwd URG Flags | Fwd Packets/s | Max Packet Length | FIN Flag Count | PSH Flag Count | ACK Flag Count | ECE Flag Count | min_seg_size_forward,2
1064,Total Length of Bwd Packets | Bwd Packet Length Max | Flow Bytes/s | Flow Packets/s | Flow IAT Std | Flow IAT Min | Fwd IAT Std | Fwd PSH Flags | ECE Flag Count | Average Packet Size | Active Max | Idle Std | Idle Max,1
1065,Bwd Packet Length Max | Flow IAT Std | Fwd IAT Std | Fwd IAT Min | Bwd IAT Mean | Bwd IAT Std | Bwd IAT Min | Fwd PSH Flags | Packet Length Std | ECE Flag Count | act_data_pkt_fwd | Active Max | Active Min,3
1066,Fwd Packet Length Min | Bwd Packet Length Min | Bwd Packet Length Mean | Flow Bytes/s | Flow IAT Std | Fwd IAT Std | Fwd IAT Max | Bwd IAT Std | Fwd PSH Flags | Fwd URG Flags | Packet Length Mean | Average Packet Size | Init_Win_bytes_forward,2
1067,Destination Port | Total Backward Packets | Total Length of Fwd Packets | Flow Bytes/s | Flow IAT Mean | Fwd IAT Mean | Fwd URG Flags | Fwd Packets/s | URG Flag Count | ECE Flag Count | Init_Win_bytes_forward | Active Std | Idle Min,2
1068,Destination Port | Total Length of Fwd Packets | Fwd Packet Length Min | Fwd Packet Length Std | Bwd Packet Length Max | Flow IAT Std | Fwd IAT Total | Bwd Header Length | Min Packet Length | Packet Length Mean | ACK Flag Count | act_data_pkt_fwd | Idle Mean,3
1069,Destination Port | Total Length of Bwd Packets | Fwd Packet Length Mean | Flow Packets/s | Flow IAT Max | Flow IAT Min | Fwd IAT Min | Bwd IAT Std | PSH Flag Count | Down/Up Ratio | Init_Win_bytes_forward | Idle Std | Idle Min,4
1070,Fwd Packet Length Max | Fwd Packet Length Mean | Bwd Packet Length Mean | Flow IAT Mean | Fwd IAT Max | Bwd IAT Total | Bwd IAT Std | Max Packet Length | Packet Length Std | RST Flag Count | ACK Flag Count | min_seg_size_forward | Idle Max,3
1071,Total Fwd Packets | Fwd Packet Length Min | Fwd Packet Length Mean | Fwd Packet Length Std | Fwd IAT Mean | Fwd IAT Max | Bwd IAT Mean | Bwd IAT Std | Max Packet Length | Packet Length Std | PSH Flag Count | Down/Up Ratio | Idle Min,1
1072,Flow Packets/s | Fwd IAT Total | Fwd IAT Mean | Fwd IAT Min | Fwd URG Flags | Fwd Packets/s | Min Packet Length | Max Packet Length | RST Flag Count | ACK Flag Count | Init_Win_bytes_forward | Init_Win_bytes_backward | min_seg_size_forward,7
1073,Flow Duration | Fwd Packet Length Max | Fwd Packet Length Mean | Bwd Packet Length Max | Fwd IAT Total | Fwd IAT Std | Bwd IAT Std | Fwd URG Flags | Bwd Header Length | Packet Length Mean | Init_Win_bytes_forward | Active Std | Active Min,1
1074,Fwd Packet Length Min | Bwd Packet Length Max | Bwd Packet Length Std | Flow Bytes/s | Flow IAT Mean | Fwd IAT Mean | Bwd IAT Max | Bwd Header Length | Bwd Packets/s | ECE Flag Count | Down/Up Ratio | Active Max | Idle Max,1
1075,Destination Port | Flow Duration | Total Fwd Packets | Total Length of Bwd Packets | Fwd Packet Length Min | Flow IAT Mean | Flow IAT Max | Bwd Packets/s | Max Packet Length | FIN Flag Count | Init_Win_bytes_forward | Active Std | Idle Max,3
1076,Flow Duration | Total Backward Packets | Bwd Packet Length Min | Flow IAT Max | Flow IAT Min | Fwd IAT Total | Bwd IAT Std | Max Packet Length | Active Mean | Active Min | Idle Std | Idle Max | Idle Min,3
1077,Destination Port | Flow Duration | Total Fwd Packets | Total Backward Packets | Fwd Packet Length Max | Fwd Packet Length Std | Bwd Packet Length Max | Bwd IAT Std | Bwd Packets/s | Max Packet Length | Packet Length Mean | ACK Flag Count | act_data_pkt_fwd,3
1078,Total Backward Packets | Bwd Packet Length Max | Bwd Packet Length Mean | Flow Packets/s | Flow IAT Min | Fwd IAT Total | Fwd IAT Max | Bwd IAT Min | RST Flag Count | ACK Flag Count | URG Flag Count | Average Packet Size | Active Max,3
1079,Bwd Packet Length Max | Bwd Packet Length Std | Flow Packets/s | Fwd IAT Std | Bwd IAT Min | Fwd PSH Flags | Fwd URG Flags | URG Flag Count | Average Packet Size | Init_Win_bytes_forward | min_seg_size_forward | Active Std | Idle Max,4
1080,Total Length of Bwd Packets | Fwd Packet Length Mean | Bwd Packet Length Max | Fwd IAT Mean | Fwd IAT Max | Fwd IAT Min | Bwd IAT Total | Bwd IAT Std | Bwd IAT Max | Min Packet Length | Active Std | Idle Mean | Idle Max,2
1081,Total Fwd Packets | Total Length of Fwd Packets | Total Length of Bwd Packets | Fwd Packet Length Std | Bwd Packet Length Min | Bwd Packet Length Mean | Fwd IAT Min | Fwd URG Flags | Bwd Header Length | Fwd Packets/s | Active Mean | Active Std | Active Max,2
1082,Total Fwd Packets | Total Backward Packets | Bwd Packet Length Max | Flow IAT Std | Fwd IAT Min | Bwd IAT Std | Fwd PSH Flags | Fwd URG Flags | Fwd Packets/s | Bwd Packets/s | act_data_pkt_fwd | Active Std | Active Max,2
1083,Total Length of Fwd Packets | Bwd Packet Length Max | Flow IAT Mean | Fwd IAT Total | Fwd IAT Mean | Fwd IAT Min | Bwd IAT Total | Bwd IAT Mean | Bwd Header Length | RST Flag Count | ACK Flag Count | URG Flag Count | Idle Std,2
1084,Flow Duration | Total Length of Fwd Packets | Fwd IAT Mean | Fwd IAT Std | Bwd IAT Std | Bwd IAT Min | Fwd Packets/s | Packet Length Std | ACK Flag Count | ECE Flag Count | Init_Win_bytes_forward | Active Min | Idle Min,2
1085,Total Fwd Packets | Fwd Packet Length Min | Bwd Packet Length Max | Flow IAT Std | Bwd IAT Mean | Bwd IAT Std | Bwd IAT Min | Fwd URG Flags | Min Packet Length | RST Flag Count | act_data_pkt_fwd | Idle Max | Idle Min,4
1086,Destination Port | Bwd Packet Length Min | Flow Bytes/s | Flow IAT Min | Bwd IAT Mean | Bwd IAT Std | Bwd IAT Min | Bwd Header Length | Min Packet Length | RST Flag Count | ECE Flag Count | Idle Mean | Idle Max,6
1087,Total Fwd Packets | Flow Packets/s | Flow IAT Std | Flow IAT Max | Fwd IAT Max | Fwd IAT Min | Bwd IAT Max | Bwd IAT Min | Bwd Header Length | FIN Flag Count | act_data_pkt_fwd | Active Max | Idle Min,3
1088,Flow Duration | Bwd Packet Length Max | Flow IAT Mean | Flow IAT Max | Fwd IAT Mean | Bwd IAT Mean | Fwd PSH Flags | Fwd URG Flags | Bwd Header Length | Fwd Packets/s | Packet Length Std | Active Std | Idle Std,0
1089,Total Fwd Packets | Total Backward Packets | Total Length of Bwd Packets | Fwd Packet Length Min | Bwd Packet Length Max | Flow Bytes/s | Flow IAT Mean | Flow IAT Std | Fwd IAT Mean | Bwd IAT Std | Min Packet Length | Packet Length Mean | RST Flag Count,2
1090,Total Backward Packets | Total Length of Fwd Packets | Flow Bytes/s | Flow IAT Std | Bwd IAT Mean | Fwd PSH Flags | Fwd URG Flags | Max Packet Length | Packet Length Mean | min_seg_size_forward | Active Max | Idle Mean | Idle Max,2
1091,Total Fwd Packets | Total Length of Fwd Packets | Total Length of Bwd Packets | Bwd Packet Length Max | Bwd Packet Length Min | Bwd Packet Length Std | Flow Bytes/s | Flow IAT Mean | Fwd URG Flags | Min Packet Length | Packet Length Std | Active Mean | Active Max,3
1092,Total Length of Fwd Packets | Fwd Packet Length Max | Bwd Packet Length Max | Bwd Packet Length Mean | Fwd IAT Mean | Fwd IAT Max | Fwd PSH Flags | Fwd Header Length | Bwd Header Length | Down/Up Ratio | Average Packet Size | min_seg_size_forward | Idle Std,1
1093,Total Fwd Packets | Fwd Packet Length Mean | Flow Packets/s | Fwd IAT Total | Fwd IAT Mean | Fwd IAT Min | Bwd IAT Std | Bwd IAT Min | Fwd Packets/s | Packet Length Mean | Packet Length Std | ECE Flag Count | Down/Up Ratio,2
1094,Destination Port | Total Length of Bwd Packets | Fwd Packet Length Std | Bwd Packet Length Mean | Flow Packets/s | Flow IAT Mean | Bwd IAT Total | Bwd Packets/s | FIN Flag Count | Down/Up Ratio | act_data_pkt_fwd | Active Std | Active Max,2
1095,Fwd Packet Length Std | Flow IAT Mean | Bwd IAT Total | Bwd IAT Max | Fwd PSH Flags | Fwd URG Flags | Bwd Header Length | Fwd Packets/s | Bwd Packets/s | Packet Length Mean | Active Std | Active Min | Idle Max,0
1096,Flow Packets/s | Flow IAT Min | Fwd IAT Std | Bwd IAT Total | Min Packet Length | Max Packet Length | Packet Length Mean | RST Flag Count | ACK Flag Count | URG Flag Count | min_seg_size_forward | Idle Std | Idle Max,5
1097,Bwd Packet Length Mean | Flow Packets/s | Fwd IAT Total | Fwd IAT Max | Bwd Header Length | Min Packet Length | Max Packet Length | Packet Length Std | FIN Flag Count | ACK Flag Count | Init_Win_bytes_backward | Active Max | Idle Mean,3
1098,Destination Port | Bwd Packet Length Min | Bwd Packet Length Std | Flow Packets/s | Flow IAT Mean | Flow IAT Max | Flow IAT Min | Fwd IAT Mean | Bwd IAT Min | Bwd Header Length | FIN Flag Count | min_seg_size_forward | Active Std,6
1099,Bwd Packet Length Mean | Flow IAT Max | Bwd IAT Std | Max Packet Length | PSH Flag Count | ECE Flag Count | Average Packet Size | Active Std | Active Max | Active Min | Idle Mean | Idle Std | Idle Max,1
1100,Total Length of Bwd Packets | Fwd Packet Length Mean | Fwd Packet Length Std | Bwd Packet Length Mean | Fwd URG Flags | Fwd Header Length | Bwd Header Length | Fwd Packets/s | PSH Flag Count | ECE Flag Count | Init_Win_bytes_forward | act_data_pkt_fwd | min_seg_size_forward,3
1101,Total Fwd Packets | Fwd Packet Length Mean | Fwd Packet Length Std | Flow IAT Min | Fwd IAT Std | Bwd Header Length | Max Packet Length | Packet Length Mean | RST Flag Count | URG Flag Count | ECE Flag Count | min_seg_size_forward | Idle Std,4
1102,Destination Port | Fwd Packet Length Min | Flow IAT Mean | Fwd IAT Total | RST Flag Count | PSH Flag Count | ACK Flag Count | Init_Win_bytes_forward | min_seg_size_forward | Active Mean | Active Max | Idle Mean | Idle Max,4
1103,Destination Port | Total Length of Fwd Packets | Total Length of Bwd Packets | Fwd Packet Length Max | Fwd Packet Length Mean | Bwd Packet Length Max | Flow Bytes/s | Bwd IAT Mean | Fwd URG Flags | FIN Flag Count | ECE Flag Count | Down/Up Ratio | Idle Max,1
1104,Destination Port | Bwd Packet Length Std | Flow IAT Mean | Flow IAT Std | Bwd IAT Total | Max Packet Length | Packet Length Mean | Packet Length Std | FIN Flag Count | RST Flag Count | Init_Win_bytes_backward | act_data_pkt_fwd | Active Std,6
1105,Total Length of Fwd Packets | Bwd Packet Length Min | Bwd Packet Length Std | Flow Packets/s | Flow IAT Max | Fwd IAT Min | Bwd IAT Std | Fwd Packets/s | Bwd Packets/s | Packet Length Std | FIN Flag Count | ACK Flag Count | Idle Max,3
1106,Total Length of Fwd Packets | Bwd Packet Length Min | Flow Bytes/s | Fwd IAT Total | Bwd IAT Min | Fwd Header Length | Bwd Header Length | Fwd Packets/s | Packet Length Mean | FIN Flag Count | Init_Win_bytes_backward | act_data_pkt_fwd | Idle Max,4
1107,Destination Port | Fwd Packet Length Max | Bwd Packet Length Std | Flow IAT Std | Flow IAT Max | Flow IAT Min | Bwd IAT Max | Fwd PSH Flags | Fwd Header Length | Fwd Packets/s | Packet Length Mean | FIN Flag Count | RST Flag Count,4
1108,Total Length of Fwd Packets | Fwd Packet Length Max | Bwd Packet Length Mean | Flow Bytes/s | Flow IAT Std | FIN Flag Count | RST Flag Count | PSH Flag Count | ACK Flag Count | URG Flag Count | min_seg_size_forward | Active Std | Idle Max,2
1109,Bwd Packet Length Max | Flow IAT Mean | Fwd IAT Total | Fwd IAT Mean | Bwd Header Length | Max Packet Length | RST Flag Count | PSH Flag Count | ECE Flag Count | Init_Win_bytes_forward | act_data_pkt_fwd | Active Mean | Idle Mean,4
1110,Destination Port | Flow Duration | Flow Bytes/s | Fwd IAT Max | Min Packet Length | Packet Length Std | PSH Flag Count | ACK Flag Count | Down/Up Ratio | Init_Win_bytes_backward | Active Mean | Idle Mean | Idle Max,3
1111,Total Fwd Packets | Total Length of Bwd Packets | Fwd Packet Length Mean | Bwd Packet Length Mean | Flow Bytes/s | Flow IAT Mean | Fwd IAT Mean | Fwd IAT Min | Bwd IAT Std | Bwd Header Length | Packet Length Mean | RST Flag Count | Idle Max,2
1112,Flow Duration | Total Length of Fwd Packets | Flow Bytes/s | Flow IAT Std | Flow IAT Max | Fwd IAT Std | Bwd IAT Max | Bwd Header Length | URG Flag Count | ECE Flag Count | Average Packet Size | act_data_pkt_fwd | Active Mean,1
1113,Flow Duration | Bwd Packet Length Min | Flow IAT Mean | Bwd IAT Mean | Bwd IAT Std | Bwd IAT Max | Fwd Packets/s | Min Packet Length | Packet Length Mean | Packet Length Std | Down/Up Ratio | min_seg_size_forward | Active Std,3
1114,Total Length of Bwd Packets | Bwd Packet Length Max | Bwd Packet Length Mean | Fwd IAT Mean | Fwd IAT Std | Fwd IAT Max | Fwd PSH Flags | Packet Length Std | PSH Flag Count | Down/Up Ratio | act_data_pkt_fwd | Active Min | Idle Mean,1
1115,Fwd Packet Length Max | Fwd Packet Length Min | Fwd Packet Length Mean | Flow IAT Min | Bwd IAT Std | Bwd IAT Min | Fwd Packets/s | Max Packet Length | FIN Flag Count | ACK Flag Count | Active Mean | Active Std | Idle Max,3
1116,Fwd Packet Length Min | Flow IAT Max | Flow IAT Min | Fwd IAT Total | Fwd IAT Mean | Fwd IAT Std | Fwd IAT Max | Bwd IAT Mean | Packet Length Mean | ACK Flag Count | Average Packet Size | act_data_pkt_fwd | Active Std,2
1117,Fwd Packet Length Max | Fwd Packet Length Min | Fwd Packet Length Mean | Bwd Packet Length Std | Flow Packets/s | Fwd IAT Min | Bwd IAT Total | Min Packet Length | Down/Up Ratio | Init_Win_bytes_backward | Active Max | Idle Mean | Idle Std,4
1118,Fwd Packet Length Std | Bwd Packet Length Max | Bwd Packet Length Std | Flow Bytes/s | Flow IAT Min | Fwd IAT Max | Min Packet Length | RST Flag Count | PSH Flag Count | Init_Win_bytes_forward | Active Mean | Idle Std | Idle Min,5
1119,Flow Duration | Bwd Packet Length Mean | Flow Bytes/s | Flow IAT Max | Bwd IAT Std | Fwd PSH Flags | Fwd Header Length | Bwd Packets/s | Max Packet Length | ACK Flag Count | Init_Win_bytes_backward | Active Max | Idle Max,2
1120,Fwd Packet Length Std | Bwd Packet Length Min | Flow IAT Mean | Fwd IAT Std | Bwd IAT Total | Bwd IAT Max | Fwd Header Length | ACK Flag Count | ECE Flag Count | Down/Up Ratio | Init_Win_bytes_forward | Active Max | Idle Std,2
1121,Flow Bytes/s | Flow IAT Std | Bwd IAT Mean | Bwd IAT Std | Bwd Header Length | Bwd Packets/s | Packet Length Std | FIN Flag Count | ACK Flag Count | ECE Flag Count | Idle Std | Idle Max | Idle Min,0
1122,Destination Port | Fwd Packet Length Max | Bwd Packet Length Min | Bwd Packet Length Mean | Fwd IAT Total | Fwd IAT Mean | Fwd Packets/s | Packet Length Std | FIN Flag Count | Average Packet Size | Init_Win_bytes_backward | Active Mean | Active Min,3
1123,Destination Port | Flow Duration | Total Length of Fwd Packets | Total Length of Bwd Packets | Bwd Packet Length Max | Flow IAT Mean | Flow IAT Min | Fwd IAT Mean | Fwd IAT Std | Bwd IAT Std | Fwd Header Length | Max Packet Length | FIN Flag Count,3
1124,Destination Port | Flow Duration | Flow IAT Mean | Flow IAT Std | Flow IAT Min | Fwd IAT Mean | Fwd IAT Max | Bwd IAT Std | Fwd URG Flags | FIN Flag Count | URG Flag Count | Average Packet Size | Idle Mean,2
1125,Total Backward Packets | Fwd Packet Length Mean | Fwd Packet Length Std | Bwd Packet Length Max | Bwd Packet Length Min | Flow IAT Min | Fwd IAT Std | Fwd IAT Max | Fwd Header Length | URG Flag Count | Active Std | Active Max | Active Min,2
1126,Destination Port | Flow Duration | Fwd Packet Length Std | Fwd IAT Std | Fwd IAT Max | Bwd Header Length | Average Packet Size | min_seg_size_forward | Active Std | Active Min | Idle Mean | Idle Std | Idle Min,2
1127,Destination Port | Fwd Packet Length Max | Bwd Packet Length Min | Bwd Packet Length Std | Flow Packets/s | Fwd IAT Max | Bwd IAT Min | Fwd Header Length | RST Flag Count | ACK Flag Count | Init_Win_bytes_forward | act_data_pkt_fwd | Active Std,7
1128,Total Length of Fwd Packets | Bwd Packet Length Max | Bwd Packet Length Min | Flow IAT Mean | Fwd IAT Min | Fwd PSH Flags | Max Packet Length | PSH Flag Count | URG Flag Count | Average Packet Size | min_seg_size_forward | Active Std | Idle Max,4
1129,Destination Port | Fwd Packet Length Std | Flow Packets/s | Flow IAT Std | Fwd PSH Flags | Fwd Header Length | Fwd Packets/s | PSH Flag Count | ACK Flag Count | Average Packet Size | Init_Win_bytes_backward | act_data_pkt_fwd | Active Max,3
1130,Total Fwd Packets | Fwd Packet Length Max | Fwd Packet Length Min | Flow IAT Std | Flow IAT Max | Flow IAT Min | Fwd IAT Total | Fwd URG Flags | Bwd Header Length | Fwd Packets/s | min_seg_size_forward | Active Mean | Idle Min,2
1131,Total Backward Packets | Total Length of Fwd Packets | Fwd Packet Length Max | Bwd Packet Length Mean | Bwd Packet Length Std | Flow Packets/s | Flow IAT Mean | Fwd IAT Std | Fwd Header Length | Bwd Header Length | Min Packet Length | Average Packet Size | act_data_pkt_fwd,3
1132,Total Length of Fwd Packets | Fwd Packet Length Mean | Bwd Packet Length Max | Bwd Packet Length Min | Flow IAT Mean | Flow IAT Min | Fwd IAT Min | Bwd IAT Mean | Min Packet Length | Packet Length Mean | Active Min | Idle Mean | Idle Max,4
1133,Destination Port | Total Fwd Packets | Total Length of Fwd Packets | Total Length of Bwd Packets | Fwd Packet Length Min | Bwd Packet Length Min | Flow Bytes/s | Fwd IAT Mean | Fwd IAT Std | Bwd IAT Total | Init_Win_bytes_backward | min_seg_size_forward | Idle Mean,4
1134,Flow Duration | Total Backward Packets | Fwd Packet Length Max | Fwd Packet Length Mean | Bwd Packet Length Mean | Flow IAT Mean | Bwd IAT Total | Bwd Header Length | Min Packet Length | RST Flag Count | Init_Win_bytes_backward | Active Mean | Idle Mean,3
1135,Total Backward Packets | Flow Packets/s | Fwd IAT Mean | Fwd IAT Max | Fwd IAT Min | Packet Length Mean | Packet Length Std | PSH Flag Count | ECE Flag Count | min_seg_size_forward | Active Mean | Idle Mean | Idle Max,2
1136,Total Backward Packets | Bwd Packet Length Std | Flow Packets/s | Flow IAT Mean | Flow IAT Max | Fwd IAT Total | Fwd IAT Max | Bwd IAT Std | Bwd Header Length | ACK Flag Count | Average Packet Size | Init_Win_bytes_forward | Active Mean,2
1137,Total Length of Bwd Packets | Fwd Packet Length Std | Bwd Packet Length Mean | Bwd Packet Length Std | Flow IAT Max | Bwd IAT Std | Packet Length Std | PSH Flag Count | ACK Flag Count | Idle Mean | Idle Std | Idle Max | Idle Min,1
1138,Total Length of Fwd Packets | Fwd Packet Length Std | Bwd Packet Length Max | Bwd IAT Total | Max Packet Length | Packet Length Mean | Packet Length Std | PSH Flag Count | URG Flag Count | ECE Flag Count | min_seg_size_forward | Active Std | Idle Std,2
1139,Total Backward Packets | Fwd Packet Length Std | Flow Packets/s | Flow IAT Mean | Flow IAT Max | Fwd IAT Mean | Fwd IAT Max | Bwd IAT Min | Fwd PSH Flags | Fwd URG Flags | act_data_pkt_fwd | Active Max | Idle Min,2
1140,Total Backward Packets | Bwd Packet Length Max | Bwd Packet Length Min | Flow IAT Min | Fwd IAT Max | Fwd IAT Min | Bwd IAT Max | Fwd Header Length | FIN Flag Count | act_data_pkt_fwd | Active Max | Active Min | Idle Mean,4
1141,Destination Port | Fwd Packet Length Max | Flow IAT Mean | Fwd Header Length | Fwd Packets/s | Bwd Packets/s | RST Flag Count | URG Flag Count | ECE Flag Count | Average Packet Size | Init_Win_bytes_backward | act_data_pkt_fwd | min_seg_size_forward,5
1142,Total Length of Fwd Packets | Fwd Packet Length Min | Bwd Packet Length Min | Flow IAT Std | Flow IAT Max | Fwd URG Flags | Bwd Header Length | ACK Flag Count | Down/Up Ratio | Init_Win_bytes_backward | Active Mean | Active Std | Idle Std,2
1143,Total Fwd Packets | Total Length of Bwd Packets | Fwd Packet Length Max | Fwd Packet Length Mean | Bwd Packet Length Min | Bwd Packet Length Std | Fwd IAT Max | Fwd URG Flags | PSH Flag Count | Init_Win_bytes_backward | Active Mean | Active Min | Idle Min,3
1144,Destination Port | Bwd Packet Length Min | Bwd Packet Length Mean | Bwd Packet Length Std | Flow IAT Mean | Fwd IAT Mean | Bwd IAT Total | Bwd IAT Std | Packet Length Std | RST Flag Count | Down/Up Ratio | Active Std | Active Max,4
1145,Destination Port | Flow Duration | Fwd Packet Length Min | Bwd Packet Length Max | Fwd IAT Min | Bwd IAT Max | Bwd Header Length | ECE Flag Count | Down/Up Ratio | Average Packet Size | Init_Win_bytes_backward | Active Std | Idle Max,3
1146,Total Backward Packets | Total Length of Bwd Packets | Bwd Packet Length Mean | Flow Packets/s | Bwd IAT Total | Bwd IAT Std | Fwd URG Flags | Packet Length Std | PSH Flag Count | ECE Flag Count | Average Packet Size | Init_Win_bytes_forward | Active Min,1
1147,Destination Port | Total Fwd Packets | Total Length of Fwd Packets | Fwd Packet Length Std | Bwd Packet Length Mean | Fwd IAT Total | Fwd IAT Min | Bwd IAT Max | Bwd Packets/s | Packet Length Std | RST Flag Count | Down/Up Ratio | Idle Mean,3
1148,Destination Port | Total Fwd Packets | Total Length of Fwd Packets | Fwd Packet Length Mean | Bwd Packet Length Mean | Bwd Packet Length Std | Flow Bytes/s | Flow IAT Mean | Flow IAT Max | Fwd PSH Flags | Packet Length Mean | Average Packet Size | Active Std,2
1149,Destination Port | Total Length of Bwd Packets | Fwd Packet Length Std | Bwd Packet Length Mean | Bwd Packet Length Std | Fwd IAT Total | Bwd IAT Max | Bwd Header Length | Max Packet Length | Packet Length Std | PSH Flag Count | Init_Win_bytes_forward | Active Min,4
1150,Total Backward Packets | Fwd Packet Length Max | Fwd Packet Length Mean | Flow Bytes/s | Flow Packets/s | Fwd IAT Mean | Fwd IAT Std | Fwd IAT Max | Bwd IAT Mean | Fwd Packets/s | Down/Up Ratio | Average Packet Size | Idle Mean,0
1151,Destination Port | Total Backward Packets | Total Length of Fwd Packets | Fwd Packet Length Max | Fwd Packet Length Std | Bwd Packet Length Std | Fwd IAT Total | Fwd IAT Mean | Fwd IAT Max | Bwd IAT Mean | PSH Flag Count | Init_Win_bytes_forward | Idle Min,3
1152,Flow Duration | Total Length of Fwd Packets | Fwd Packet Length Min | Fwd Packet Length Std | Bwd Packet Length Min | Fwd IAT Total | Fwd IAT Mean | Bwd IAT Mean | Packet Length Std | RST Flag Count | Average Packet Size | Idle Std | Idle Min,2
1153,Fwd Packet Length Min | Fwd IAT Max | Bwd IAT Total | Bwd IAT Mean | Bwd IAT Std | Min Packet Length | FIN Flag Count | RST Flag Count | PSH Flag Count | ACK Flag Count | Down/Up Ratio | Active Min | Idle Mean,2
1154,Total Fwd Packets | Bwd Packet Length Max | Bwd Packet Length Min | Flow Bytes/s | Fwd IAT Total | Fwd IAT Min | Bwd IAT Std | Fwd Header Length | RST Flag Count | ECE Flag Count | Average Packet Size | act_data_pkt_fwd | Active Mean,4
1155,Fwd Packet Length Min | Fwd Packet Length Mean | Fwd Packet Length Std | Bwd Packet Length Mean | Bwd Packet Length Std | Flow Packets/s | Flow IAT Mean | Bwd IAT Total | Bwd IAT Mean | Packet Length Std | FIN Flag Count | PSH Flag Count | Idle Std,1
1156,Total Backward Packets | Total Length of Fwd Packets | Fwd Packet Length Mean | Bwd Packet Length Min | Flow IAT Max | Flow IAT Min | Fwd IAT Std | Fwd IAT Min | Bwd IAT Max | Fwd PSH Flags | RST Flag Count | Down/Up Ratio | Idle Mean,4
1157,Bwd Packet Length Max | Flow IAT Min | Fwd IAT Mean | Bwd IAT Total | Fwd Packets/s | FIN Flag Count | PSH Flag Count | ACK Flag Count | Init_Win_bytes_backward | min_seg_size_forward | Active Mean | Idle Std | Idle Max,3
1158,Fwd Packet Length Max | Flow IAT Mean | Fwd IAT Total | Bwd IAT Total | Bwd IAT Max | Fwd URG Flags | Fwd Packets/s | Packet Length Mean | ACK Flag Count | URG Flag Count | ECE Flag Count | Average Packet Size | Init_Win_bytes_backward,1
1159,Total Fwd Packets | Total Length of Bwd Packets | Fwd Packet Length Min | Fwd Packet Length Mean | Bwd Packet Length Mean | Flow IAT Mean | Fwd IAT Total | Fwd IAT Max | Bwd IAT Std | Fwd PSH Flags | Bwd Packets/s | Down/Up Ratio | Average Packet Size,0
1160,Flow Duration | Total Length of Bwd Packets | Fwd Packet Length Std | Bwd Packet Length Mean | Bwd Packet Length Std | Flow IAT Std | Flow IAT Min | Fwd IAT Total | Fwd IAT Max | Bwd IAT Min | Bwd Packets/s | RST Flag Count | URG Flag Count,4
1161,Total Length of Fwd Packets | Bwd Packet Length Max | Flow Packets/s | Flow IAT Max | Fwd IAT Std | Bwd IAT Total | Fwd Header Length | Bwd Header Length | URG Flag Count | Init_Win_bytes_backward | min_seg_size_forward | Active Min | Idle Max,2
1162,Flow Duration | Total Fwd Packets | Fwd Packet Length Max | Flow IAT Max | Fwd IAT Total | Bwd IAT Total | Bwd IAT Max | Fwd Header Length | Bwd Header Length | FIN Flag Count | Down/Up Ratio | Init_Win_bytes_forward | min_seg_size_forward,2
1163,Total Fwd Packets | Total Length of Fwd Packets | Total Length of Bwd Packets | Fwd Packet Length Mean | Bwd Packet Length Max | Flow IAT Max | Flow IAT Min | Fwd URG Flags | Fwd Packets/s | URG Flag Count | min_seg_size_forward | Idle Max | Idle Min,2
1164,Flow Duration | Total Length of Bwd Packets | Fwd Packet Length Mean | Flow IAT Mean | Fwd IAT Mean | Fwd Header Length | Bwd Header Length | Fwd Packets/s | Min Packet Length | Active Std | Active Max | Idle Mean | Idle Min,1
1165,Total Fwd Packets | Bwd Packet Length Mean | Flow Bytes/s | Flow IAT Mean | Flow IAT Min | Bwd IAT Total | Bwd IAT Std | Bwd IAT Max | Fwd PSH Flags | Bwd Packets/s | Init_Win_bytes_backward | min_seg_size_forward | Idle Mean,3
1166,Destination Port | Total Backward Packets | Bwd Packet Length Mean | Bwd Packet Length Std | Flow IAT Min | Fwd IAT Total | Fwd PSH Flags | Bwd Header Length | FIN Flag Count | Down/Up Ratio | Average Packet Size | Active Max | Idle Std,3
1167,Flow Duration | Total Length of Fwd Packets | Bwd Packet Length Min | Bwd Packet Length Std | Fwd IAT Total | Fwd IAT Min | Bwd IAT Total | Bwd IAT Max | Bwd Header Length | Packet Length Mean | Down/Up Ratio | Init_Win_bytes_backward | Idle Min,4
1168,Flow Duration | Total Length of Fwd Packets | Fwd Packet Length Max | Fwd Packet Length Mean | Bwd Packet Length Max | Flow IAT Min | Bwd Packets/s | RST Flag Count | ACK Flag Count | Down/Up Ratio | Init_Win_bytes_backward | Active Max | Idle Std,3
1169,Destination Port | Total Length of Fwd Packets | Flow Bytes/s | Flow IAT Std | Bwd IAT Std | Bwd IAT Max | PSH Flag Count | ACK Flag Count | ECE Flag Count | Init_Win_bytes_forward | Init_Win_bytes_backward | min_seg_size_forward | Idle Mean,4
1170,Total Fwd Packets | Total Backward Packets | Fwd Packet Length Mean | Flow Packets/s | Fwd IAT Total | Fwd URG Flags | Fwd Packets/s | Min Packet Length | Max Packet Length | ACK Flag Count | ECE Flag Count | Active Std | Active Max,2
1171,Fwd Packet Length Max | Fwd Packet Length Min | Fwd Packet Length Std | Flow IAT Max | Flow IAT Min | Fwd IAT Total | Bwd IAT Std | Min Packet Length | FIN Flag Count | ACK Flag Count | URG Flag Count | Down/Up Ratio | Init_Win_bytes_backward,3
1172,Destination Port | Fwd Packet Length Mean | Fwd IAT Total | Fwd IAT Mean | Bwd IAT Mean | Bwd IAT Max | Bwd IAT Min | Fwd Packets/s | Min Packet Length | Packet Length Std | Init_Win_bytes_backward | Active Std | Active Min,4
1173,Flow Duration | Total Fwd Packets | Total Backward Packets | Fwd Packet Length Max | Bwd Packet Length Max | Flow IAT Std | Fwd IAT Min | Min Packet Length | Packet Length Mean | Packet Length Std | Init_Win_bytes_forward | act_data_pkt_fwd | Idle Max,4
1174,Destination Port | Fwd Packet Length Std | Flow IAT Std | Fwd IAT Std | Fwd IAT Max | Fwd IAT Min | Bwd IAT Mean | Packet Length Std | URG Flag Count | ECE Flag Count | Average Packet Size | Init_Win_bytes_backward | Active Min,3
1175,Total Length of Fwd Packets | Fwd Packet Length Min | Fwd Packet Length Mean | Flow Packets/s | Flow IAT Mean | Bwd IAT Mean | Bwd IAT Std | Bwd IAT Min | Max Packet Length | FIN Flag Count | RST Flag Count | Down/Up Ratio | Active Mean,3
1176,Bwd Packet Length Min | Flow IAT Max | Flow IAT Min | Fwd IAT Mean | Fwd IAT Max | Bwd IAT Total | Fwd Header Length | Packet Length Mean | FIN Flag Count | PSH Flag Count | Active Max | Idle Std | Idle Max,2
1177,Flow Duration | Fwd Packet Length Min | Bwd Packet Length Std | Flow Bytes/s | Flow IAT Mean | Fwd IAT Min | Bwd IAT Std | Max Packet Length | Packet Length Std | ACK Flag Count | Active Min | Idle Max | Idle Min,3
1178,Total Fwd Packets | Total Length of Fwd Packets | Fwd Packet Length Min | Fwd Packet Length Mean | Flow Bytes/s | Fwd IAT Total | Fwd IAT Mean | Bwd Packets/s | PSH Flag Count | Init_Win_bytes_backward | Active Mean | Active Min | Idle Min,1
1179,Total Fwd Packets | Total Length of Bwd Packets | Flow IAT Max | Bwd IAT Max | Fwd Packets/s | RST Flag Count | ECE Flag Count | Down/Up Ratio | Init_Win_bytes_forward | Init_Win_bytes_backward | Active Std | Idle Mean | Idle Min,3
1180,Flow Packets/s | Flow IAT Mean | Flow IAT Std | Flow IAT Min | Bwd IAT Mean | Bwd IAT Max | Fwd URG Flags | Fwd Header Length | Min Packet Length | Packet Length Mean | Init_Win_bytes_forward | Active Min | Idle Mean,3
1181,Total Fwd Packets | Total Backward Packets | Total Length of Bwd Packets | Fwd Packet Length Mean | Fwd Packet Length Std | Bwd Packet Length Mean | Flow Bytes/s | Bwd IAT Std | Fwd URG Flags | Bwd Packets/s | Init_Win_bytes_forward | Active Std | Idle Min,1
1182,Fwd IAT Mean | Bwd IAT Total | Min Packet Length | Max Packet Length | PSH Flag Count | URG Flag Count | Init_Win_bytes_forward | Init_Win_bytes_backward | min_seg_size_forward | Active Mean | Active Min | Idle Mean | Idle Std,5
1183,Fwd Packet Length Std | Flow Packets/s | Flow IAT Min | Fwd IAT Total | Fwd IAT Mean | Fwd IAT Min | Fwd Packets/s | Down/Up Ratio | Average Packet Size | Init_Win_bytes_backward | Active Max | Active Min | Idle Mean,3
1184,Flow Duration | Total Fwd Packets | Total Length of Fwd Packets | Fwd IAT Total | Fwd IAT Mean | Bwd IAT Total | Bwd IAT Std | Down/Up Ratio | Init_Win_bytes_forward | act_data_pkt_fwd | min_seg_size_forward | Active Max | Idle Std,3
1185,Total Fwd Packets | Total Length of Bwd Packets | Fwd Packet Length Max | Fwd Packet Length Min | Bwd Packet Length Min | Flow IAT Mean | Flow IAT Min | Fwd PSH Flags | Fwd Header Length | Init_Win_bytes_backward | Active Std | Idle Std | Idle Min,3
1186,Bwd Packet Length Mean | Flow IAT Max | Flow IAT Min | Bwd IAT Max | Bwd IAT Min | Fwd PSH Flags | Fwd URG Flags | Bwd Header Length | Min Packet Length | Packet Length Mean | ACK Flag Count | Init_Win_bytes_forward | Idle Std,4
1187,Fwd Packet Length Min | Flow Packets/s | Flow IAT Std | Flow IAT Min | Fwd IAT Max | Bwd IAT Mean | Bwd IAT Std | Fwd Packets/s | Packet Length Mean | FIN Flag Count | Init_Win_bytes_forward | act_data_pkt_fwd | Idle Std,3
1188,Destination Port | Flow Duration | Fwd Packet Length Std | Flow Packets/s | Flow IAT Std | Fwd IAT Total | Fwd IAT Mean | Bwd IAT Min | Bwd Packets/s | Average Packet Size | Init_Win_bytes_forward | min_seg_size_forward | Idle Mean,4
1189,Total Fwd Packets | Fwd Packet Length Mean | Bwd Packet Length Max | Flow Packets/s | Flow IAT Max | Bwd Header Length | Max Packet Length | RST Flag Count | Down/Up Ratio | Init_Win_bytes_backward | Active Max | Idle Std | Idle Max,3
1190,Total Backward Packets | Total Length of Bwd Packets | Flow IAT Mean | Bwd IAT Mean | Bwd IAT Min | Fwd PSH Flags | Bwd Header Length | Packet Length Mean | Packet Length Std | Down/Up Ratio | Average Packet Size | min_seg_size_forward | Active Max,2
1191,Total Length of Fwd Packets | Fwd Packet Length Max | Fwd Packet Length Std | Bwd Packet Length Mean | Fwd IAT Min | Bwd IAT Min | Bwd Header Length | Bwd Packets/s | Min Packet Length | Packet Length Mean | ACK Flag Count | act_data_pkt_fwd | Idle Min,4
1192,Fwd Packet Length Std | Flow Bytes/s | Flow IAT Std | Bwd IAT Mean | Bwd IAT Max | Fwd Header Length | Max Packet Length | Packet Length Std | FIN Flag Count | ACK Flag Count | Init_Win_bytes_forward | min_seg_size_forward | Active Max,3
1193,Total Fwd Packets | Bwd Packet Length Max | Bwd Packet Length Mean | Flow IAT Mean | Fwd IAT Mean | Fwd Header Length | ECE Flag Count | Average Packet Size | min_seg_size_forward | Active Std | Active Min | Idle Std | Idle Max,1
1194,Total Fwd Packets | Fwd Packet Length Min | Flow Bytes/s | Fwd IAT Total | Fwd IAT Std | Fwd Packets/s | Bwd Packets/s | Min Packet Length | Packet Length Mean | URG Flag Count | Init_Win_bytes_backward | min_seg_size_forward | Active Std,3
1195,Fwd Packet Length Max | Fwd Packet Length Mean | Flow Packets/s | Fwd IAT Total | Fwd IAT Mean | Bwd IAT Total | Bwd IAT Max | Packet Length Mean | min_seg_size_forward | Active Max | Active Min | Idle Std | Idle Max,1
1196,Fwd Packet Length Max | Fwd Packet Length Mean | Fwd Packet Length Std | Bwd Packet Length Std | Flow Bytes/s | Flow IAT Std | Fwd IAT Mean | Fwd IAT Max | Bwd IAT Max | PSH Flag Count | Average Packet Size | Active Std | Active Min,1
1197,Bwd Packet Length Min | Bwd Packet Length Std | Flow IAT Mean | Flow IAT Std | Flow IAT Min | Fwd IAT Mean | Fwd PSH Flags | Fwd URG Flags | Bwd Header Length | Fwd Packets/s | FIN Flag Count | Active Max | Idle Max,3
1198,Total Fwd Packets | Bwd Packet Length Min | Flow Bytes/s | Flow Packets/s | Flow IAT Max | Bwd IAT Std | Bwd IAT Max | Fwd PSH Flags | Fwd URG Flags | Fwd Header Length | Bwd Packets/s | PSH Flag Count | Init_Win_bytes_forward,2
1199,Total Fwd Packets | Fwd Packet Length Min | Bwd Packet Length Min | Bwd IAT Total | Bwd IAT Mean | Bwd Header Length | Fwd Packets/s | Packet Length Std | ACK Flag Count | ECE Flag Count | Average Packet Size | Init_Win_bytes_backward | min_seg_size_forward,3
1200,Total Fwd Packets | Fwd Packet Length Std | Bwd Packet Length Std | Flow IAT Mean | Flow IAT Max | Flow IAT Min | Fwd IAT Min | Fwd URG Flags | Bwd Header Length | Fwd Packets/s | PSH Flag Count | ACK Flag Count | Active Mean,3
1201,Destination Port | Total Length of Fwd Packets | Bwd Packet Length Mean | Flow Packets/s | Bwd IAT Std | Bwd Header Length | Packet Length Mean | Packet Length Std | PSH Flag Count | ACK Flag Count | min_seg_size_forward | Active Max | Idle Max,2
1202,Total Length of Fwd Packets | Bwd Packet Length Max | Flow Bytes/s | Flow IAT Mean | Flow IAT Min | Bwd IAT Mean | Bwd IAT Min | Fwd Header Length | Max Packet Length | PSH Flag Count | ECE Flag Count | Active Mean | Idle Mean,3
1203,Destination Port | Bwd Packet Length Max | Bwd Packet Length Mean | Fwd IAT Total | Fwd URG Flags | Bwd Header Length | Bwd Packets/s | Max Packet Length | RST Flag Count | Down/Up Ratio | Average Packet Size | Active Std | Active Max,3
1204,Total Length of Fwd Packets | Fwd Packet Length Std | Flow IAT Max | Fwd IAT Max | Bwd IAT Std | Fwd URG Flags | Packet Length Std | FIN Flag Count | URG Flag Count | Average Packet Size | Active Std | Active Max | Idle Max,0
1205,Total Length of Bwd Packets | Bwd Packet Length Max | Flow IAT Min | Fwd IAT Std | Fwd IAT Min | Fwd URG Flags | Min Packet Length | Max Packet Length | PSH Flag Count | URG Flag Count | Active Min | Idle Mean | Idle Std,4
1206,Destination Port | Total Length of Bwd Packets | Flow IAT Std | Fwd IAT Total | Fwd IAT Std | Fwd PSH Flags | Fwd URG Flags | Fwd Header Length | RST Flag Count | ACK Flag Count | act_data_pkt_fwd | Idle Mean | Idle Max,3
1207,Destination Port | Total Backward Packets | Fwd Packet Length Min | Fwd Packet Length Std | Bwd Packet Length Min | Fwd IAT Min | Bwd IAT Std | Fwd URG Flags | Fwd Header Length | Bwd Header Length | Max Packet Length | Down/Up Ratio | Init_Win_bytes_forward,5
1208,Flow Duration | Bwd Packet Length Max | Bwd Packet Length Min | Flow Bytes/s | Flow Packets/s | Flow IAT Mean | Flow IAT Max | Fwd IAT Total | Bwd IAT Total | Bwd IAT Max | Down/Up Ratio | Init_Win_bytes_backward | Idle Max,2
1209,Total Length of Fwd Packets | Bwd Packet Length Mean | Fwd IAT Total | Fwd IAT Mean | Fwd IAT Std | Fwd IAT Min | Fwd URG Flags | Fwd Packets/s | Min Packet Length | Packet Length Std | FIN Flag Count | ACK Flag Count | min_seg_size_forward,3
1210,Total Fwd Packets | Total Backward Packets | Fwd Packet Length Max | Fwd Packet Length Min | Fwd IAT Total | Bwd IAT Std | Fwd URG Flags | Bwd Packets/s | Min Packet Length | FIN Flag Count | Active Min | Idle Max | Idle Min,1
1211,Destination Port | Fwd Packet Length Min | Flow IAT Max | Fwd IAT Max | Bwd IAT Max | Fwd URG Flags | Max Packet Length | Packet Length Std | Init_Win_bytes_forward | Init_Win_bytes_backward | Active Std | Idle Mean | Idle Min,4
1212,Destination Port | Total Length of Bwd Packets | Flow IAT Std | Flow IAT Max | Flow IAT Min | Fwd IAT Total | Fwd Header Length | RST Flag Count | Down/Up Ratio | Active Std | Active Min | Idle Max | Idle Min,3
1213,Total Backward Packets | Total Length of Fwd Packets | Fwd Packet Length Max | Fwd Packet Length Min | Bwd Packet Length Max | Flow IAT Min | Fwd IAT Mean | Bwd IAT Min | RST Flag Count | PSH Flag Count | ACK Flag Count | act_data_pkt_fwd | Active Mean,4
1214,Destination Port | Fwd Packet Length Min | Bwd Packet Length Max | Flow IAT Mean | Fwd IAT Min | Bwd IAT Mean | Fwd PSH Flags | Min Packet Length | Packet Length Mean | min_seg_size_forward | Active Std | Active Min | Idle Std,4
1215,Destination Port | Fwd Packet Length Mean | Fwd Packet Length Std | Bwd Packet Length Std | Fwd IAT Total | Fwd IAT Min | Bwd IAT Max | Fwd PSH Flags | PSH Flag Count | Init_Win_bytes_forward | Active Std | Idle Std | Idle Min,4
1216,Flow Duration | Bwd Packet Length Max | Flow IAT Mean | Fwd IAT Max | Fwd PSH Flags | Packet Length Std | RST Flag Count | ECE Flag Count | Init_Win_bytes_forward | min_seg_size_forward | Active Mean | Active Max | Idle Max,3
1217,Flow Bytes/s | Flow IAT Min | Fwd IAT Std | Bwd IAT Total | Bwd IAT Min | Fwd URG Flags | Bwd Packets/s | FIN Flag Count | URG Flag Count | Init_Win_bytes_backward | Active Std | Idle Mean | Idle Std,3
1218,Total Fwd Packets | Total Backward Packets | Fwd Packet Length Min | Fwd Packet Length Mean | Flow Bytes/s | Bwd IAT Std | Fwd PSH Flags | Fwd URG Flags | Fwd Packets/s | ACK Flag Count | Active Std | Idle Std | Idle Max,0
1219,Fwd Packet Length Max | Bwd Packet Length Std | Flow Packets/s | Flow IAT Min | Fwd Header Length | Bwd Header Length | Bwd Packets/s | Max Packet Length | RST Flag Count | URG Flag Count | Init_Win_bytes_backward | Idle Mean | Idle Std,5
1220,Fwd Packet Length Max | Flow IAT Mean | Bwd IAT Total | Bwd IAT Mean | Bwd IAT Std | Bwd IAT Max | Bwd IAT Min | Fwd Header Length | Packet Length Std | URG Flag Count | Down/Up Ratio | Average Packet Size | Active Max,1
1221,Flow Duration | Fwd Packet Length Mean | Bwd Packet Length Max | Bwd Packet Length Mean | Flow Bytes/s | Flow IAT Max | Fwd IAT Mean | Fwd IAT Std | Fwd IAT Max | Fwd Packets/s | Active Mean | Idle Std | Idle Max,0
1222,Total Length of Fwd Packets | Total Length of Bwd Packets | Fwd Packet Length Max | Fwd Packet Length Std | Bwd Packet Length Std | Fwd IAT Total | Bwd IAT Total | Fwd Header Length | Bwd Packets/s | FIN Flag Count | PSH Flag Count | ACK Flag Count | Idle Std,1
1223,Total Fwd Packets | Total Length of Fwd Packets | Total Length of Bwd Packets | Fwd Packet Length Min | Fwd Packet Length Mean | Bwd Packet Length Std | Flow Packets/s | Fwd IAT Std | Bwd Packets/s | Min Packet Length | Max Packet Length | Init_Win_bytes_forward | act_data_pkt_fwd,5
1224,Flow Duration | Total Length of Bwd Packets | Fwd Packet Length Min | Fwd Packet Length Std | Bwd Packet Length Mean | Flow IAT Mean | Flow IAT Std | Fwd IAT Mean | Fwd URG Flags | ACK Flag Count | act_data_pkt_fwd | Active Mean | Idle Min,1
1225,Destination Port | Total Length of Fwd Packets | Fwd Packet Length Min | Fwd Packet Length Std | Flow IAT Min | Fwd IAT Max | Fwd IAT Min | FIN Flag Count | Down/Up Ratio | act_data_pkt_fwd | Idle Mean | Idle Std | Idle Max,4
1226,Total Fwd Packets | Total Length of Fwd Packets | Total Length of Bwd Packets | Flow IAT Std | Flow IAT Min | Fwd IAT Min | Bwd IAT Total | Fwd PSH Flags | ACK Flag Count | Down/Up Ratio | Idle Std | Idle Max | Idle Min,2
1227,Total Backward Packets | Total Length of Bwd Packets | Fwd Packet Length Max | Fwd Packet Length Std | Flow IAT Std | Fwd IAT Max | Bwd IAT Mean | Fwd Header Length | ECE Flag Count | Init_Win_bytes_backward | Active Min | Idle Mean | Idle Std,1
1228,Flow Duration | Total Length of Bwd Packets | Fwd Packet Length Mean | Fwd Packet Length Std | Bwd Packet Length Mean | Flow IAT Min | Bwd IAT Min | Bwd Header Length | min_seg_size_forward | Active Std | Active Max | Idle Mean | Idle Max,3
1229,Flow Duration | Total Fwd Packets | Total Length of Bwd Packets | Bwd Packet Length Max | Bwd Packet Length Min | Bwd Packet Length Mean | Flow Packets/s | Flow IAT Mean | Fwd PSH Flags | Min Packet Length | Packet Length Mean | Idle Std | Idle Min,2
1230,Fwd Packet Length Std | Bwd Packet Length Min | Flow IAT Min | Fwd IAT Std | Bwd IAT Mean | Bwd IAT Max | Fwd Packets/s | Packet Length Mean | URG Flag Count | Down/Up Ratio | Init_Win_bytes_backward | Active Min | Idle Min,3
1231,Destination Port | Flow Duration | Total Fwd Packets | Bwd Packet Length Max | Flow IAT Mean | Bwd IAT Total | Fwd PSH Flags | Fwd URG Flags | Max Packet Length | RST Flag Count | Down/Up Ratio | Average Packet Size | Idle Min,3
1232,Fwd Packet Length Max | Fwd Packet Length Mean | Fwd Packet Length Std | Bwd Packet Length Min | Bwd Packet Length Mean | Bwd IAT Mean | Bwd IAT Std | Fwd PSH Flags | Packet Length Std | RST Flag Count | Active Mean | Active Std | Idle Min,2
1233,Destination Port | Flow Duration | Total Backward Packets | Total Length of Bwd Packets | Flow Packets/s | Fwd IAT Std | Fwd IAT Max | Bwd IAT Std | Bwd IAT Max | Fwd URG Flags | Bwd Header Length | Bwd Packets/s | ECE Flag Count,1
1234,Fwd Packet Length Max | Bwd Packet Length Max | Flow Bytes/s | Flow IAT Std | Fwd IAT Total | Fwd IAT Std | Fwd IAT Min | Bwd IAT Mean | Bwd IAT Min | Bwd Header Length | Min Packet Length | act_data_pkt_fwd | min_seg_size_forward,5
1235,Total Length of Fwd Packets | Flow Packets/s | Flow IAT Max | Fwd IAT Total | Fwd IAT Std | Bwd IAT Total | Bwd IAT Mean | Fwd Header Length | Min Packet Length | Average Packet Size | Init_Win_bytes_backward | Active Std | Idle Mean,2
1236,Total Fwd Packets | Fwd Packet Length Min | Bwd Packet Length Max | Bwd Packet Length Min | Bwd Packet Length Mean | Flow IAT Mean | Packet Length Mean | Packet Length Std | FIN Flag Count | URG Flag Count | ECE Flag Count | Idle Std | Idle Max,1
1237,Fwd Packet Length Min | Fwd Packet Length Mean | Bwd Packet Length Mean | Fwd IAT Total | Fwd IAT Std | Fwd IAT Max | Bwd IAT Max | Fwd Header Length | Packet Length Mean | PSH Flag Count | URG Flag Count | ECE Flag Count | Idle Min,0
1238,Total Length of Fwd Packets | Fwd Packet Length Max | Fwd Packet Length Mean | Bwd Packet Length Max | Fwd IAT Total | Bwd IAT Min | Bwd Header Length | Fwd Packets/s | Packet Length Std | RST Flag Count | Down/Up Ratio | Init_Win_bytes_forward | act_data_pkt_fwd,4
1239,Bwd Packet Length Max | Bwd Packet Length Min | Fwd IAT Mean | Fwd IAT Min | Bwd IAT Max | Fwd PSH Flags | Fwd Header Length | ACK Flag Count | Init_Win_bytes_forward | Init_Win_bytes_backward | act_data_pkt_fwd | Active Std | Idle Std,5
1240,Fwd Packet Length Min | Bwd Packet Length Mean | Bwd Packet Length Std | Flow IAT Max | Fwd IAT Mean | Bwd IAT Mean | Fwd Header Length | Bwd Header Length | Min Packet Length | Init_Win_bytes_forward | Active Std | Active Min | Idle Mean,3
1241,Flow Duration | Fwd Packet Length Max | Bwd Packet Length Max | Bwd Packet Length Std | Fwd IAT Max | Bwd IAT Mean | Bwd IAT Min | Fwd Header Length | Min Packet Length | PSH Flag Count | ACK Flag Count | Active Max | Idle Max,3
1242,Total Fwd Packets | Total Length of Bwd Packets | Fwd Packet Length Mean | Fwd Packet Length Std | Flow Bytes/s | Flow IAT Min | Bwd IAT Mean | Fwd URG Flags | Fwd Header Length | Min Packet Length | Packet Length Std | URG Flag Count | Init_Win_bytes_backward,3
1243,Total Length of Bwd Packets | Fwd Packet Length Mean | Flow Packets/s | Fwd IAT Std | Fwd IAT Min | Fwd URG Flags | Fwd Packets/s | PSH Flag Count | ACK Flag Count | Average Packet Size | Init_Win_bytes_forward | Init_Win_bytes_backward | act_data_pkt_fwd,4
1244,Total Fwd Packets | Total Length of Fwd Packets | Fwd Packet Length Mean | Bwd Packet Length Max | Bwd Packet Length Min | Bwd Packet Length Mean | Flow Bytes/s | Flow IAT Std | Fwd IAT Max | Bwd IAT Total | Fwd PSH Flags | Active Std | Idle Mean,1
1245,Total Length of Fwd Packets | Fwd Packet Length Max | Flow Bytes/s | Flow IAT Max | Fwd IAT Mean | Bwd IAT Mean | Bwd IAT Min | Fwd Packets/s | Min Packet Length | ACK Flag Count | Init_Win_bytes_forward | min_seg_size_forward | Active Mean,4
1246,Destination Port | Flow Duration | Fwd Packet Length Max | Fwd Packet Length Mean | Fwd Packet Length Std | Bwd Packet Length Mean | Fwd Packets/s | Min Packet Length | FIN Flag Count | ECE Flag Count | Average Packet Size | Idle Std | Idle Max,2
1247,Flow Duration | Bwd Packet Length Mean | Bwd Packet Length Std | Flow IAT Mean | Flow IAT Std | Fwd IAT Mean | Max Packet Length | URG Flag Count | ECE Flag Count | Init_Win_bytes_backward | Active Mean | Active Std | Active Max,3
1248,Destination Port | Total Length of Fwd Packets | Fwd Packet Length Max | Fwd Packet Length Min | Bwd Packet Length Max | Flow IAT Max | Bwd IAT Total | Fwd Packets/s | Max Packet Length | ACK Flag Count | Init_Win_bytes_backward | min_seg_size_forward | Active Min,4
1249,Total Length of Fwd Packets | Fwd Packet Length Max | Fwd Packet Length Mean | Bwd Packet Length Std | Flow Packets/s | Fwd IAT Max | Fwd IAT Min | Fwd Header Length | Min Packet Length | Packet Length Std | URG Flag Count | Active Mean | Active Min,3
1250,Flow Duration | Fwd Packet Length Max | Fwd Packet Length Std | Bwd Packet Length Std | Fwd IAT Total | Fwd IAT Max | Fwd URG Flags | Fwd Header Length | FIN Flag Count | RST Flag Count | URG Flag Count | ECE Flag Count | min_seg_size_forward,3
1251,Flow Duration | Total Fwd Packets | Total Backward Packets | Fwd Packet Length Mean | Bwd Packet Length Max | Bwd Packet Length Min | Flow IAT Std | Flow IAT Max | Bwd IAT Min | Fwd URG Flags | Active Max | Idle Mean | Idle Std,2
1252,Flow Duration | Total Fwd Packets | Fwd Packet Length Std | Bwd Packet Length Min | Fwd IAT Std | Bwd IAT Total | Bwd IAT Std | Fwd Header Length | PSH Flag Count | Average Packet Size | Idle Mean | Idle Std | Idle Max,1
1253,Total Backward Packets | Fwd Packet Length Std | Bwd Packet Length Min | Flow Bytes/s | Fwd IAT Mean | Bwd IAT Mean | Bwd IAT Min | Fwd URG Flags | Fwd Header Length | Bwd Header Length | Init_Win_bytes_backward | act_data_pkt_fwd | Active Min,4
1254,Flow Duration | Total Backward Packets | Bwd Packet Length Mean | Fwd URG Flags | Bwd Header Length | Fwd Packets/s | Bwd Packets/s | Min Packet Length | URG Flag Count | act_data_pkt_fwd | Active Mean | Active Max | Idle Max,2
1255,Destination Port | Total Length of Bwd Packets | Fwd Packet Length Max | Bwd Packet Length Min | Bwd Packet Length Mean | Flow IAT Mean | Fwd IAT Mean | Bwd IAT Max | Packet Length Std | FIN Flag Count | ECE Flag Count | Init_Win_bytes_backward | Active Min,3
1256,Total Length of Fwd Packets | Bwd Packet Length Std | Flow IAT Std | Flow IAT Max | Fwd IAT Total | Fwd IAT Max | Bwd IAT Mean | Fwd PSH Flags | Fwd URG Flags | Packet Length Mean | Active Mean | Active Max | Idle Min,1
1257,Total Length of Fwd Packets | Total Length of Bwd Packets | Flow IAT Min | Bwd IAT Total | Fwd PSH Flags | Fwd URG Flags | Fwd Packets/s | Bwd Packets/s | Packet Length Std | RST Flag Count | ECE Flag Count | Init_Win_bytes_backward | Idle Std,3
1258,Total Length of Bwd Packets | Fwd Packet Length Std | Bwd Packet Length Max | Flow IAT Mean | Flow IAT Std | Fwd IAT Min | Bwd IAT Min | Fwd Header Length | Min Packet Length | Max Packet Length | Init_Win_bytes_backward | Active Std | Idle Min,5
1259,Total Length of Fwd Packets | Fwd Packet Length Max | Bwd Packet Length Min | Fwd IAT Max | Bwd IAT Std | Bwd IAT Max | Fwd PSH Flags | Max Packet Length | Packet Length Mean | RST Flag Count | Down/Up Ratio | Average Packet Size | Init_Win_bytes_backward,4
1260,Total Length of Fwd Packets | Bwd Packet Length Min | Flow IAT Max | Fwd PSH Flags | Fwd URG Flags | Fwd Header Length | Bwd Packets/s | Min Packet Length | Max Packet Length | Packet Length Std | URG Flag Count | Idle Mean | Idle Std,3
1261,Total Fwd Packets | Fwd Packet Length Mean | Fwd Packet Length Std | Fwd IAT Total | Fwd IAT Min | Fwd PSH Flags | Fwd Header Length | Bwd Header Length | Fwd Packets/s | Packet Length Std | Down/Up Ratio | Average Packet Size | Idle Max,1
1262,Total Length of Bwd Packets | Fwd Packet Length Min | Fwd Packet Length Std | Bwd Packet Length Mean | Flow Bytes/s | Flow IAT Std | Fwd IAT Min | Bwd IAT Total | Bwd IAT Mean | Bwd IAT Max | Fwd URG Flags | ACK Flag Count | Active Max,1
1263,Total Backward Packets | Fwd Packet Length Max | Fwd Packet Length Mean | Bwd Packet Length Mean | Flow IAT Min | Fwd IAT Mean | Fwd IAT Min | Bwd IAT Total | Bwd IAT Mean | Bwd IAT Max | Fwd Header Length | Fwd Packets/s | Active Std,2
1264,Destination Port | Total Backward Packets | Fwd Packet Length Std | Bwd Packet Length Mean | Flow Bytes/s | Flow IAT Min | Fwd IAT Std | Fwd IAT Max | Bwd IAT Max | Down/Up Ratio | Active Mean | Idle Std | Idle Min,2
1265,Flow Packets/s | Flow IAT Std | Flow IAT Min | Bwd IAT Std | Fwd Header Length | FIN Flag Count | RST Flag Count | URG Flag Count | ECE Flag Count | Down/Up Ratio | Init_Win_bytes_backward | Active Std | Idle Mean,3
1266,Flow Duration | Bwd Packet Length Max | Bwd Packet Length Std | Flow Bytes/s | Bwd IAT Mean | Bwd IAT Max | Bwd IAT Min | Fwd PSH Flags | Packet Length Mean | ECE Flag Count | Average Packet Size | act_data_pkt_fwd | Idle Max,3
1267,Fwd Packet Length Std | Flow IAT Max | Flow IAT Min | Fwd IAT Total | Fwd IAT Max | Fwd IAT Min | Bwd IAT Mean | Bwd IAT Std | Fwd PSH Flags | Bwd Packets/s | Min Packet Length | Active Min | Idle Mean,3
1268,Destination Port | Total Fwd Packets | Fwd Packet Length Max | Bwd Packet Length Mean | Flow IAT Std | Flow IAT Max | Bwd IAT Max | Fwd URG Flags | Bwd Header Length | Bwd Packets/s | RST Flag Count | Active Min | Idle Min,2
1269,Total Length of Fwd Packets | Fwd Packet Length Mean | Fwd Packet Length Std | Flow IAT Std | Fwd IAT Total | Bwd IAT Mean | Fwd URG Flags | Fwd Header Length | Fwd Packets/s | Packet Length Mean | ACK Flag Count | Init_Win_bytes_forward | Active Std,1
1270,Flow Duration | Total Length of Fwd Packets | Fwd Packet Length Min | Flow Packets/s | Flow IAT Max | Fwd IAT Mean | Packet Length Mean | FIN Flag Count | URG Flag Count | ECE Flag Count | Average Packet Size | Init_Win_bytes_forward | Init_Win_bytes_backward,2
1271,Fwd Packet Length Max | Fwd Packet Length Min | Fwd Packet Length Mean | Bwd Packet Length Mean | Fwd IAT Std | Fwd Packets/s | PSH Flag Count | ACK Flag Count | URG Flag Count | ECE Flag Count | Active Mean | Active Max | Idle Mean,0
1272,Total Length of Fwd Packets | Fwd Packet Length Max | Fwd Packet Length Std | Bwd Packet Length Std | Flow Packets/s | Flow IAT Std | Fwd IAT Std | Bwd IAT Total | Bwd IAT Min | Fwd PSH Flags | Fwd URG Flags | min_seg_size_forward | Idle Min,3
1273,Total Length of Bwd Packets | Flow Bytes/s | Fwd IAT Min | Fwd URG Flags | Bwd Header Length | Max Packet Length | Packet Length Mean | Init_Win_bytes_forward | Init_Win_bytes_backward | min_seg_size_forward | Active Mean | Active Std | Idle Max,5
1274,Fwd Packet Length Std | Bwd Packet Length Max | Flow Packets/s | Fwd IAT Std | Fwd IAT Max | Fwd IAT Min | Bwd IAT Min | Fwd PSH Flags | Fwd Packets/s | PSH Flag Count | min_seg_size_forward | Active Std | Active Min,3
1275,Bwd Packet Length Mean | Fwd IAT Total | Fwd IAT Mean | Bwd IAT Mean | Fwd Header Length | Min Packet Length | Packet Length Mean | URG Flag Count | Init_Win_bytes_backward | act_data_pkt_fwd | Active Std | Active Max | Active Min,3
1276,Flow Duration | Total Fwd Packets | Total Backward Packets | Fwd Packet Length Std | Bwd Packet Length Mean | Fwd IAT Std | Fwd IAT Min | Bwd IAT Mean | Bwd Packets/s | Packet Length Std | RST Flag Count | Active Mean | Active Std,2
1277,Fwd Packet Length Max | Fwd Packet Length Mean | Fwd Packet Length Std | Bwd Packet Length Max | Flow Packets/s | Fwd Header Length | Min Packet Length | Packet Length Mean | Packet Length Std | Active Mean | Active Std | Active Max | Idle Min,1
1278,Total Fwd Packets | Total Backward Packets | Flow Packets/s | Fwd IAT Max | Fwd IAT Min | Bwd IAT Total | Bwd IAT Min | Fwd URG Flags | ECE Flag Count | Down/Up Ratio | Init_Win_bytes_forward | Active Max | Idle Mean,3
1279,Flow Duration | Total Length of Fwd Packets | Bwd IAT Total | Bwd IAT Std | Bwd IAT Min | Bwd Header Length | Fwd Packets/s | Min Packet Length | Init_Win_bytes_backward | act_data_pkt_fwd | min_seg_size_forward | Active Mean | Idle Min,5
1280,Total Length of Fwd Packets | Fwd Packet Length Max | Bwd Packet Length Max | Flow IAT Std | Bwd IAT Total | Bwd IAT Std | Bwd IAT Min | FIN Flag Count | Init_Win_bytes_forward | Init_Win_bytes_backward | Active Std | Active Max | Idle Min,3
1281,Flow Duration | Total Fwd Packets | Bwd Packet Length Std | Flow IAT Min | Fwd IAT Max | Bwd IAT Min | Fwd PSH Flags | Fwd URG Flags | Fwd Packets/s | Bwd Packets/s | Active Mean | Active Std | Active Max,3
1282,Total Fwd Packets | Total Backward Packets | Fwd Packet Length Mean | Fwd Packet Length Std | Flow IAT Mean | Bwd IAT Mean | Bwd Header Length | Packet Length Std | RST Flag Count | Init_Win_bytes_forward | Active Std | Active Max | Idle Mean,2
1283,Destination Port | Bwd Packet Length Mean | Flow IAT Std | Fwd IAT Mean | Fwd IAT Max | Fwd IAT Min | Fwd PSH Flags | Bwd Packets/s | Packet Length Mean | RST Flag Count | URG Flag Count | ECE Flag Count | Idle Min,3
1284,Flow Duration | Fwd Packet Length Std | Flow Bytes/s | Flow IAT Std | Fwd IAT Std | Bwd IAT Max | Fwd URG Flags | ACK Flag Count | ECE Flag Count | Init_Win_bytes_backward | min_seg_size_forward | Idle Max | Idle Min,2
1285,Flow Duration | Total Length of Fwd Packets | Total Length of Bwd Packets | Fwd Packet Length Min | Fwd Packet Length Mean | Flow Bytes/s | Fwd IAT Mean | Bwd IAT Mean | Bwd IAT Std | Fwd Header Length | Packet Length Mean | PSH Flag Count | min_seg_size_forward,1
1286,Fwd Packet Length Max | Fwd IAT Mean | Fwd IAT Std | Fwd IAT Min | Bwd IAT Min | Fwd URG Flags | Fwd Header Length | Packet Length Std | ACK Flag Count | Average Packet Size | min_seg_size_forward | Active Min | Idle Std,3
1287,Destination Port | Total Backward Packets | Flow IAT Mean | Flow IAT Std | Fwd URG Flags | Fwd Header Length | Bwd Packets/s | Min Packet Length | Packet Length Std | URG Flag Count | Average Packet Size | Init_Win_bytes_forward | Active Std,3
1288,Flow Duration | Total Fwd Packets | Bwd Packet Length Max | Bwd Packet Length Mean | Flow IAT Max | Bwd IAT Total | Bwd Packets/s | PSH Flag Count | ACK Flag Count | ECE Flag Count | Init_Win_bytes_forward | Active Max | Idle Std,1
1289,Total Length of Fwd Packets | Fwd Packet Length Min | Fwd Packet Length Std | Bwd Packet Length Max | Flow Bytes/s | Fwd IAT Min | Bwd IAT Total | Max Packet Length | RST Flag Count | PSH Flag Count | ECE Flag Count | Active Mean | Active Min,3
1290,Flow Duration | Fwd Packet Length Mean | Bwd Packet Length Max | Bwd Packet Length Mean | Flow IAT Mean | Flow IAT Std | Fwd IAT Mean | Bwd IAT Max | Fwd Header Length | FIN Flag Count | ECE Flag Count | Init_Win_bytes_forward | Idle Std,1
1291,Total Length of Fwd Packets | Fwd Packet Length Mean | Bwd Packet Length Std | Fwd IAT Total | Bwd IAT Total | Bwd IAT Max | Bwd Packets/s | Packet Length Mean | FIN Flag Count | URG Flag Count | act_data_pkt_fwd | Idle Std | Idle Max,2
1292,Total Length of Bwd Packets | Fwd Packet Length Max | Fwd Packet Length Min | Bwd Packet Length Min | Bwd Packet Length Mean | Flow IAT Max | Bwd IAT Total | Fwd Header Length | FIN Flag Count | ACK Flag Count | Average Packet Size | Active Std | Active Max,1
1293,Fwd Packet Length Max | Flow Packets/s | Flow IAT Max | Flow IAT Min | Fwd IAT Max | Fwd IAT Min | Bwd IAT Std | Packet Length Std | PSH Flag Count | act_data_pkt_fwd | Active Std | Active Min | Idle Min,3
1294,Flow Duration | Total Backward Packets | Bwd Packet Length Max | Bwd Packet Length Mean | Flow Packets/s | Fwd IAT Max | Bwd IAT Mean | Bwd IAT Std | Bwd IAT Min | Fwd URG Flags | Packet Length Mean | Packet Length Std | Idle Mean,1
1295,Flow Duration | Bwd Packet Length Min | Bwd Packet Length Mean | Flow IAT Std | Flow IAT Max | Min Packet Length | RST Flag Count | ACK Flag Count | Down/Up Ratio | min_seg_size_forward | Active Max | Idle Mean | Idle Std,4
1296,Bwd Packet Length Min | Flow IAT Mean | Fwd IAT Std | Bwd IAT Mean | Bwd IAT Max | Fwd PSH Flags | PSH Flag Count | URG Flag Count | Down/Up Ratio | min_seg_size_forward | Active Max | Active Min | Idle Mean,2
1297,Total Backward Packets | Bwd Packet Length Mean | Bwd Packet Length Std | Flow Packets/s | Flow IAT Max | Fwd IAT Total | Fwd IAT Max | Bwd IAT Total | Fwd Header Length | Min Packet Length | min_seg_size_forward | Active Std | Idle Mean,3
1298,Total Length of Bwd Packets | Fwd Packet Length Max | Flow Bytes/s | Flow IAT Min | Bwd IAT Max | Bwd IAT Min | Fwd URG Flags | Min Packet Length | FIN Flag Count | RST Flag Count | ECE Flag Count | Active Max | Active Min,4
1299,Destination Port | Total Length of Fwd Packets | Fwd Packet Length Mean | Flow Bytes/s | Fwd IAT Mean | Fwd IAT Std | Bwd IAT Max | Bwd IAT Min | Bwd Packets/s | Init_Win_bytes_forward | Init_Win_bytes_backward | act_data_pkt_fwd | Idle Std,5
1300,Fwd Packet Length Mean | Bwd Packet Length Max | Bwd Packet Length Std | Fwd IAT Total | Fwd IAT Std | Fwd IAT Max | Bwd IAT Std | Bwd IAT Min | Fwd Header Length | FIN Flag Count | ECE Flag Count | Idle Std | Idle Max,2
1301,Total Fwd Packets | Total Backward Packets | Total Length of Bwd Packets | Fwd Packet Length Min | Bwd Packet Length Mean | Bwd Packet Length Std | Flow Packets/s | Flow IAT Max | Bwd IAT Min | Fwd Packets/s | Min Packet Length | Max Packet Length | Active Min,4
1302,Total Fwd Packets | Total Length of Fwd Packets | Total Length of Bwd Packets | Bwd Header Length | Bwd Packets/s | Max Packet Length | Packet Length Mean | ACK Flag Count | ECE Flag Count | Init_Win_bytes_forward | min_seg_size_forward | Active Max | Idle Mean,3
1303,Total Length of Bwd Packets | Fwd Packet Length Max | Bwd Packet Length Min | Flow IAT Mean | Flow IAT Min | Fwd URG Flags | Fwd Packets/s | Bwd Packets/s | Max Packet Length | ACK Flag Count | ECE Flag Count | Active Std | Idle Min,3
1304,Flow Duration | Total Fwd Packets | Total Length of Bwd Packets | Fwd Packet Length Min | Fwd Packet Length Mean | Flow Bytes/s | Flow IAT Max | Fwd IAT Std | Bwd IAT Min | Max Packet Length | ECE Flag Count | Active Max | Active Min,2
1305,Flow Duration | Total Backward Packets | Bwd Packet Length Mean | Fwd IAT Total | Fwd IAT Mean | Bwd IAT Std | URG Flag Count | Init_Win_bytes_forward | Active Max | Active Min | Idle Mean | Idle Std | Idle Max,1
1306,Destination Port | Fwd Packet Length Max | Fwd Packet Length Min | Fwd Packet Length Mean | Fwd Packet Length Std | Bwd Packet Length Min | Bwd Packet Length Std | Flow IAT Min | Fwd IAT Total | Fwd IAT Mean | min_seg_size_forward | Idle Std | Idle Max,5
1307,Destination Port | Fwd Packet Length Min | Fwd Packet Length Std | Fwd IAT Max | Bwd IAT Mean | Bwd IAT Std | Min Packet Length | Max Packet Length | FIN Flag Count | PSH Flag Count | Init_Win_bytes_backward | Idle Mean | Idle Min,4
1308,Destination Port | Fwd Packet Length Mean | Bwd Packet Length Min | Flow IAT Max | Fwd IAT Mean | Fwd IAT Min | Bwd IAT Mean | Max Packet Length | PSH Flag Count | URG Flag Count | Init_Win_bytes_backward | Active Std | Active Max,5
1309,Fwd Packet Length Max | Flow IAT Max | Fwd IAT Std | Fwd IAT Min | Bwd IAT Mean | Bwd IAT Min | Bwd Header Length | FIN Flag Count | RST Flag Count | Down/Up Ratio | Average Packet Size | Init_Win_bytes_forward | Active Std,4
1310,Destination Port | Flow Duration | Total Backward Packets | Total Length of Fwd Packets | Fwd Packet Length Std | Fwd IAT Min | Fwd URG Flags | Bwd Header Length | Fwd Packets/s | Min Packet Length | Packet Length Std | URG Flag Count | Active Std,3
1311,Total Length of Fwd Packets | Fwd Packet Length Max | Fwd Packet Length Std | Bwd Packet Length Max | Fwd IAT Mean | Fwd IAT Max | Fwd URG Flags | Max Packet Length | Packet Length Mean | Packet Length Std | Down/Up Ratio | Init_Win_bytes_forward | Active Mean,2
1312,Destination Port | Total Fwd Packets | Total Length of Fwd Packets | Bwd Packet Length Std | Flow IAT Max | Fwd URG Flags | Max Packet Length | Packet Length Mean | Packet Length Std | RST Flag Count | min_seg_size_forward | Active Std | Idle Std,5
1313,Total Fwd Packets | Total Length of Fwd Packets | Total Length of Bwd Packets | Fwd Packet Length Max | Bwd Packet Length Mean | Bwd Packet Length Std | Flow Bytes/s | Fwd IAT Total | Fwd PSH Flags | Fwd Packets/s | Max Packet Length | RST Flag Count | Average Packet Size,3
1314,Bwd Packet Length Std | Flow IAT Min | Fwd IAT Min | Fwd Packets/s | Bwd Packets/s | Max Packet Length | Packet Length Mean | RST Flag Count | PSH Flag Count | ACK Flag Count | Active Max | Idle Mean | Idle Std,5
1315,Bwd Packet Length Std | Flow Bytes/s | Flow IAT Mean | Flow IAT Std | Flow IAT Max | Bwd IAT Total | Bwd IAT Mean | Bwd Header Length | RST Flag Count | Average Packet Size | act_data_pkt_fwd | min_seg_size_forward | Idle Mean,4
1316,Bwd Packet Length Max | Fwd IAT Mean | Fwd IAT Max | Fwd IAT Min | Bwd IAT Mean | Bwd Header Length | Min Packet Length | FIN Flag Count | Average Packet Size | act_data_pkt_fwd | Active Mean | Idle Mean | Idle Std,3
1317,Total Fwd Packets | Total Length of Bwd Packets | Fwd Packet Length Mean | Flow IAT Max | Fwd IAT Mean | Bwd IAT Mean | Bwd IAT Min | Fwd Header Length | Max Packet Length | Packet Length Mean | Init_Win_bytes_forward | Init_Win_bytes_backward | Active Mean,4
1318,Total Length of Bwd Packets | Fwd Packet Length Std | Flow IAT Min | Fwd IAT Total | Bwd IAT Mean | Bwd IAT Max | Fwd PSH Flags | Fwd URG Flags | Max Packet Length | Packet Length Std | Down/Up Ratio | min_seg_size_forward | Active Max,3
1319,Destination Port | Total Length of Fwd Packets | Fwd Packet Length Max | Fwd Packet Length Mean | Bwd Packet Length Max | Flow Bytes/s | Fwd IAT Mean | Fwd IAT Std | Bwd IAT Std | Bwd IAT Max | Bwd Header Length | Min Packet Length | PSH Flag Count,2
1320,Total Length of Fwd Packets | Total Length of Bwd Packets | Fwd Packet Length Max | Bwd Packet Length Mean | Flow IAT Mean | Bwd IAT Mean | Bwd IAT Min | Fwd URG Flags | Fwd Header Length | Bwd Packets/s | Packet Length Std | RST Flag Count | ACK Flag Count,2
1321,Fwd Packet Length Max | Flow Packets/s | Flow IAT Min | Fwd IAT Max | Bwd IAT Total | Bwd IAT Mean | Bwd IAT Min | Packet Length Mean | Packet Length Std | PSH Flag Count | Average Packet Size | Idle Std | Idle Min,2
1322,Total Fwd Packets | Fwd Packet Length Max | Fwd Packet Length Min | Fwd Packet Length Mean | Flow Bytes/s | Bwd IAT Mean | Bwd IAT Std | Bwd Packets/s | RST Flag Count | PSH Flag Count | Init_Win_bytes_forward | Active Mean | Active Max,2
1323,Total Length of Bwd Packets | Bwd Packet Length Max | Bwd Packet Length Mean | Flow Packets/s | Flow IAT Std | Fwd IAT Total | Fwd IAT Mean | Fwd IAT Std | Bwd IAT Max | Fwd Header Length | URG Flag Count | Init_Win_bytes_forward | act_data_pkt_fwd,2
1324,Fwd Packet Length Std | Bwd Packet Length Max | Bwd Packet Length Min | Fwd IAT Mean | Bwd IAT Total | Bwd Header Length | Fwd Packets/s | Packet Length Mean | RST Flag Count | Down/Up Ratio | Active Mean | Active Min | Idle Std,2
1325,Total Length of Bwd Packets | Fwd Packet Length Mean | Bwd Packet Length Max | Flow Bytes/s | Fwd IAT Total | Fwd IAT Max | Bwd IAT Std | Bwd IAT Max | Bwd Header Length | FIN Flag Count | RST Flag Count | Average Packet Size | Active Std,1
1326,Destination Port | Flow Duration | Fwd Packet Length Std | Flow IAT Min | Bwd Header Length | Bwd Packets/s | RST Flag Count | PSH Flag Count | ACK Flag Count | Init_Win_bytes_backward | Active Min | Idle Std | Idle Max,4
1327,Destination Port | Total Length of Fwd Packets | Total Length of Bwd Packets | Fwd Packet Length Max | Flow IAT Mean | Flow IAT Std | Flow IAT Max | Bwd Packets/s | RST Flag Count | URG Flag Count | Init_Win_bytes_backward | Active Std | Idle Mean,3
1328,Fwd Packet Length Std | Bwd Packet Length Max | Flow Bytes/s | Bwd IAT Mean | Bwd IAT Std | Bwd IAT Max | Bwd IAT Min | Fwd URG Flags | Bwd Packets/s | Min Packet Length | Average Packet Size | Init_Win_bytes_backward | Active Max,3
1329,Destination Port | Total Length of Bwd Packets | Fwd Packet Length Mean | Bwd Packet Length Min | Flow IAT Max | Bwd IAT Total | Bwd IAT Mean | Fwd Packets/s | Packet Length Mean | Packet Length Std | Init_Win_bytes_forward | Init_Win_bytes_backward | Active Max,4
1330,Fwd Packet Length Max | Bwd Packet Length Max | Bwd Packet Length Min | Flow IAT Min | Fwd IAT Mean | Fwd IAT Std | Bwd IAT Mean | Bwd IAT Std | Min Packet Length | PSH Flag Count | act_data_pkt_fwd | Active Min | Idle Std,4
1331,Fwd Packet Length Max | Flow Bytes/s | Flow Packets/s | Flow IAT Std | Fwd IAT Std | Bwd IAT Mean | Bwd Header Length | Fwd Packets/s | Max Packet Length | FIN Flag Count | act_data_pkt_fwd | Active Mean | Active Max,2
1332,Total Length of Fwd Packets | Total Length of Bwd Packets | Fwd Packet Length Std | Fwd IAT Std | Bwd IAT Mean | Bwd IAT Max | Fwd Header Length | ACK Flag Count | Down/Up Ratio | Init_Win_bytes_forward | Init_Win_bytes_backward | act_data_pkt_fwd | Idle Mean,3
1333,Flow Duration | Total Backward Packets | Flow IAT Mean | Flow IAT Min | Bwd IAT Mean | Bwd IAT Std | Fwd PSH Flags | PSH Flag Count | URG Flag Count | Average Packet Size | act_data_pkt_fwd | min_seg_size_forward | Idle Max,3
1334,Fwd Packet Length Std | Bwd Packet Length Min | Bwd Packet Length Std | Flow Bytes/s | Flow IAT Min | Fwd IAT Mean | Fwd IAT Min | Bwd IAT Max | Fwd Packets/s | Active Mean | Active Max | Idle Mean | Idle Std,4
1335,Destination Port | Flow Duration | Total Fwd Packets | Fwd Packet Length Std | Fwd IAT Max | Bwd IAT Mean | Bwd IAT Max | Fwd PSH Flags | Bwd Header Length | Min Packet Length | Average Packet Size | Init_Win_bytes_backward | Active Min,3
1336,Destination Port | Fwd Packet Length Min | Fwd Packet Length Mean | Bwd Packet Length Mean | Flow IAT Std | Fwd IAT Std | Fwd IAT Min | Bwd IAT Max | Fwd URG Flags | Packet Length Mean | Down/Up Ratio | Active Max | Active Min,2
1337,Bwd Packet Length Max | Bwd Packet Length Min | Bwd Packet Length Mean | Flow IAT Max | Fwd IAT Max | Bwd IAT Max | Packet Length Std | FIN Flag Count | Down/Up Ratio | Average Packet Size | Init_Win_bytes_backward | Active Max | Idle Mean,2
1338,Flow Bytes/s | Flow Packets/s | Flow IAT Std | Fwd IAT Mean | Fwd IAT Max | Max Packet Length | Packet Length Std | FIN Flag Count | URG Flag Count | Average Packet Size | Active Min | Idle Std | Idle Min,1
1339,Total Fwd Packets | Total Length of Fwd Packets | Flow IAT Mean | Fwd IAT Mean | Fwd IAT Std | Fwd URG Flags | Fwd Header Length | Bwd Header Length | PSH Flag Count | URG Flag Count | Down/Up Ratio | min_seg_size_forward | Idle Mean,1
1340,Flow Duration | Total Backward Packets | Total Length of Bwd Packets | Fwd Packet Length Min | Fwd IAT Mean | Bwd IAT Min | Fwd PSH Flags | Fwd Header Length | Packet Length Std | Average Packet Size | min_seg_size_forward | Active Std | Idle Std,2
1341,Destination Port | Bwd Packet Length Max | Fwd IAT Std | Bwd Header Length | Bwd Packets/s | RST Flag Count | ECE Flag Count | Down/Up Ratio | Init_Win_bytes_backward | min_seg_size_forward | Active Max | Active Min | Idle Min,4
1342,Destination Port | Flow Duration | Total Length of Bwd Packets | Fwd Packet Length Max | Fwd Packet Length Mean | Flow Packets/s | Fwd IAT Total | Fwd IAT Min | Bwd IAT Mean | Fwd Header Length | Bwd Header Length | Down/Up Ratio | Idle Min,2
1343,Total Fwd Packets | Fwd Packet Length Max | Bwd Packet Length Std | Flow IAT Mean | Flow IAT Std | Flow IAT Min | Fwd IAT Max | Bwd IAT Total | Fwd URG Flags | Max Packet Length | RST Flag Count | ACK Flag Count | act_data_pkt_fwd,5
1344,Total Backward Packets | Fwd Packet Length Min | Flow Bytes/s | Flow Packets/s | Fwd IAT Mean | Bwd IAT Mean | Max Packet Length | Packet Length Mean | RST Flag Count | PSH Flag Count | Average Packet Size | Init_Win_bytes_forward | Idle Std,3
1345,Fwd Packet Length Mean | Flow Bytes/s | Flow Packets/s | Fwd IAT Total | Fwd IAT Max | Bwd IAT Std | Bwd Packets/s | Min Packet Length | FIN Flag Count | PSH Flag Count | ECE Flag Count | min_seg_size_forward | Idle Min,2
1346,Flow Duration | Total Fwd Packets | Total Backward Packets | Bwd Packet Length Min | Flow Packets/s | Bwd IAT Std | Fwd URG Flags | Bwd Header Length | PSH Flag Count | Average Packet Size | min_seg_size_forward | Active Mean | Active Std,2
1347,Destination Port | Flow Duration | Flow IAT Min | Fwd IAT Total | Fwd IAT Std | Fwd IAT Max | Bwd IAT Max | Fwd Packets/s | Packet Length Mean | RST Flag Count | ACK Flag Count | Down/Up Ratio | Idle Min,3
1348,Flow Duration | Total Length of Fwd Packets | Bwd Packet Length Std | Flow IAT Std | Fwd IAT Mean | Bwd IAT Total | Fwd PSH Flags | Fwd Header Length | Bwd Packets/s | Max Packet Length | RST Flag Count | ACK Flag Count | Down/Up Ratio,3
1349,Flow Bytes/s | Fwd IAT Total | Fwd IAT Std | Bwd IAT Max | Bwd Header Length | Min Packet Length | Max Packet Length | Packet Length Mean | PSH Flag Count | URG Flag Count | Active Std | Active Min | Idle Std,2
1350,Fwd Packet Length Max | Fwd Packet Length Mean | Bwd Packet Length Mean | Flow Bytes/s | Flow Packets/s | Flow IAT Std | Fwd IAT Total | Fwd Packets/s | RST Flag Count | PSH Flag Count | Active Max | Idle Max | Idle Min,1
1351,Fwd Packet Length Min | Bwd Packet Length Max | Flow IAT Min | Fwd IAT Std | Fwd IAT Min | Bwd IAT Min | Bwd Header Length | Min Packet Length | RST Flag Count | ACK Flag Count | Down/Up Ratio | act_data_pkt_fwd | min_seg_size_forward,7
1352,Bwd Packet Length Min | Bwd Packet Length Std | Flow Bytes/s | Flow IAT Mean | Flow IAT Min | Fwd IAT Total | Bwd IAT Min | Fwd Header Length | Bwd Header Length | FIN Flag Count | act_data_pkt_fwd | Active Max | Idle Mean,5
1353,Total Backward Packets | Fwd Packet Length Max | Fwd Packet Length Min | Bwd Packet Length Std | Flow IAT Mean | Fwd IAT Total | Bwd IAT Mean | Bwd IAT Std | Fwd PSH Flags | Bwd Header Length | Fwd Packets/s | Down/Up Ratio | act_data_pkt_fwd,2
1354,Total Fwd Packets | Total Length of Bwd Packets | Bwd Packet Length Max | Bwd Packet Length Mean | Flow Bytes/s | Fwd IAT Mean | Bwd IAT Mean | Bwd IAT Max | Min Packet Length | Max Packet Length | Packet Length Std | FIN Flag Count | Active Max,2
1355,Destination Port | Total Backward Packets | Fwd Packet Length Max | Bwd Packet Length Min | Flow IAT Std | Flow IAT Max | Bwd IAT Total | Bwd IAT Mean | Bwd IAT Std | Bwd Packets/s | Min Packet Length | URG Flag Count | Idle Mean,3
1356,Total Fwd Packets | Total Backward Packets | Fwd Packet Length Std | Flow IAT Min | Fwd IAT Total | Fwd IAT Mean | Fwd IAT Max | Bwd Header Length | PSH Flag Count | Active Std | Active Min | Idle Std | Idle Min,1
1357,Total Length of Fwd Packets | Fwd Packet Length Mean | Bwd Packet Length Max | Bwd Packet Length Min | Flow Packets/s | Flow IAT Std | Fwd IAT Std | Bwd IAT Mean | Fwd URG Flags | FIN Flag Count | ECE Flag Count | Init_Win_bytes_forward | Idle Std,2
1358,Flow Duration | Total Fwd Packets | Total Backward Packets | Total Length of Fwd Packets | Bwd Packet Length Std | Flow Packets/s | Fwd IAT Mean | Bwd IAT Total | Bwd IAT Std | Fwd Packets/s | Bwd Packets/s | Max Packet Length | Idle Mean,2
1359,Destination Port | Total Fwd Packets | Total Length of Fwd Packets | Flow IAT Min | Fwd IAT Mean | Fwd IAT Max | Fwd IAT Min | Bwd IAT Max | Bwd IAT Min | Max Packet Length | FIN Flag Count | ECE Flag Count | Active Min,5
1360,Bwd Packet Length Max | Flow Packets/s | Flow IAT Min | Fwd IAT Std | Fwd URG Flags | Packet Length Std | RST Flag Count | ACK Flag Count | Init_Win_bytes_forward | min_seg_size_forward | Active Max | Idle Mean | Idle Max,4
1361,Total Length of Bwd Packets | Fwd Packet Length Min | Fwd Packet Length Mean | Fwd IAT Total | Bwd IAT Total | Fwd Header Length | Fwd Packets/s | Max Packet Length | Packet Length Mean | URG Flag Count | Init_Win_bytes_backward | Active Std | Active Max,2
1362,Flow Duration | Total Backward Packets | Fwd Packet Length Std | Flow Packets/s | Flow IAT Mean | Fwd IAT Mean | Fwd IAT Min | Bwd IAT Total | Packet Length Mean | ECE Flag Count | Down/Up Ratio | Active Mean | Idle Max,1
1363,Flow IAT Min | Fwd IAT Mean | Bwd IAT Max | Bwd IAT Min | Fwd Header Length | Packet Length Mean | FIN Flag Count | PSH Flag Count | URG Flag Count | Down/Up Ratio | act_data_pkt_fwd | Active Std | Active Max,3
1364,Destination Port | Flow Duration | Total Backward Packets | Fwd Packet Length Std | Bwd Packet Length Max | Bwd Packet Length Std | Flow IAT Std | Flow IAT Max | Fwd IAT Std | Min Packet Length | PSH Flag Count | Active Max | Idle Std,3
1365,Total Fwd Packets | Total Backward Packets | Fwd Packet Length Std | Bwd Packet Length Std | Fwd IAT Mean | Bwd IAT Mean | Bwd IAT Max | Fwd URG Flags | Fwd Header Length | Min Packet Length | RST Flag Count | Init_Win_bytes_forward | Active Min,4
1366,Fwd Packet Length Std | Flow IAT Min | Fwd IAT Min | Bwd IAT Mean | Bwd IAT Std | Fwd URG Flags | FIN Flag Count | RST Flag Count | PSH Flag Count | Down/Up Ratio | Init_Win_bytes_backward | Active Mean | Active Std,4
1367,Destination Port | Fwd Packet Length Mean | Flow Packets/s | Flow IAT Min | Fwd IAT Mean | Fwd IAT Std | Fwd IAT Max | Fwd IAT Min | Bwd IAT Total | Min Packet Length | Max Packet Length | Down/Up Ratio | Active Min,5
1368,Flow Duration | Bwd Packet Length Std | Flow IAT Mean | Flow IAT Std | Fwd IAT Min | Bwd IAT Total | Bwd IAT Mean | FIN Flag Count | ACK Flag Count | Down/Up Ratio | Active Mean | Active Min | Idle Max,2
1369,Total Fwd Packets | Total Length of Fwd Packets | Fwd Packet Length Min | Bwd Packet Length Min | Bwd Packet Length Mean | Bwd Packet Length Std | Flow Bytes/s | Fwd IAT Std | Bwd IAT Min | RST Flag Count | Init_Win_bytes_forward | min_seg_size_forward | Active Max,6
1370,Flow Duration | Fwd Packet Length Mean | Bwd Packet Length Max | Flow Packets/s | Flow IAT Mean | Fwd IAT Total | Fwd IAT Std | Bwd IAT Max | Packet Length Mean | FIN Flag Count | ECE Flag Count | Init_Win_bytes_forward | Init_Win_bytes_backward,2
1371,Total Length of Bwd Packets | Fwd Packet Length Mean | Bwd Packet Length Min | Fwd IAT Total | Fwd IAT Mean | Bwd IAT Max | Fwd URG Flags | Max Packet Length | RST Flag Count | Init_Win_bytes_backward | Idle Mean | Idle Std | Idle Min,4
1372,Destination Port | Total Backward Packets | Total Length of Bwd Packets | Flow Bytes/s | Flow IAT Min | Fwd IAT Total | Fwd IAT Std | Fwd PSH Flags | Min Packet Length | Packet Length Std | RST Flag Count | Active Min | Idle Max,4
1373,Total Length of Fwd Packets | Fwd Packet Length Min | Bwd Packet Length Mean | Flow IAT Min | Fwd IAT Min | Bwd IAT Total | Bwd IAT Mean | Bwd IAT Min | Fwd Header Length | Bwd Header Length | Average Packet Size | Active Std | Active Min,3
1374,Total Length of Bwd Packets | Fwd Packet Length Max | Fwd Packet Length Mean | Fwd Packet Length Std | Flow Packets/s | Flow IAT Std | Fwd IAT Total | Fwd IAT Mean | Bwd IAT Total | ACK Flag Count | ECE Flag Count | Active Mean | Idle Min,0
1375,Total Fwd Packets | Fwd Packet Length Mean | Bwd Packet Length Max | Flow Bytes/s | Fwd IAT Total | Bwd IAT Mean | Bwd IAT Std | Fwd Packets/s | RST Flag Count | ACK Flag Count | Average Packet Size | Init_Win_bytes_forward | Idle Std,2
1376,Flow Duration | Fwd Packet Length Min | Bwd Packet Length Mean | Flow Packets/s | Fwd IAT Max | Fwd URG Flags | Bwd Header Length | Bwd Packets/s | Packet Length Std | Init_Win_bytes_backward | Active Std | Active Min | Idle Min,1
1377,Destination Port | Total Fwd Packets | Total Length of Bwd Packets | Fwd Packet Length Max | Fwd Packet Length Min | Fwd Packet Length Mean | Flow IAT Max | URG Flag Count | Down/Up Ratio | Average Packet Size | act_data_pkt_fwd | min_seg_size_forward | Idle Mean,3
1378,Fwd Packet Length Min | Fwd Packet Length Mean | Fwd IAT Std | Fwd IAT Min | Bwd IAT Total | Bwd IAT Std | Fwd Header Length | Bwd Header Length | FIN Flag Count | RST Flag Count | Init_Win_bytes_backward | Idle Std | Idle Max,3
1379,Total Length of Fwd Packets | Bwd Packet Length Mean | Fwd IAT Mean | Fwd IAT Min | Bwd IAT Std | RST Flag Count | ECE Flag Count | Init_Win_bytes_backward | act_data_pkt_fwd | min_seg_size_forward | Active Max | Idle Mean | Idle Max,5
1380,Fwd Packet Length Min | Bwd Packet Length Mean | Flow Packets/s | Fwd IAT Total | Fwd IAT Std | Fwd PSH Flags | Fwd Header Length | Bwd Header Length | FIN Flag Count | RST Flag Count | Down/Up Ratio | Init_Win_bytes_backward | Idle Max,2
1381,Destination Port | Flow IAT Mean | Fwd IAT Std | Bwd IAT Min | Fwd PSH Flags | Fwd Header Length | Fwd Packets/s | Packet Length Std | URG Flag Count | Down/Up Ratio | act_data_pkt_fwd | Active Max | Idle Min,3
1382,Destination Port | Flow Duration | Total Fwd Packets | Total Backward Packets | Fwd Packet Length Min | Bwd Packet Length Max | Bwd Packet Length Min | Flow IAT Mean | Flow IAT Std | Fwd IAT Max | Bwd IAT Std | Bwd IAT Min | Fwd PSH Flags,3
1383,Flow Duration | Total Length of Bwd Packets | Fwd Packet Length Mean | Bwd Packet Length Max | Bwd Packet Length Mean | Bwd IAT Min | Fwd URG Flags | Min Packet Length | PSH Flag Count | Init_Win_bytes_forward | min_seg_size_forward | Active Max | Idle Max,4
1384,Total Fwd Packets | Total Backward Packets | Fwd Packet Length Mean | Fwd IAT Max | Bwd IAT Mean | Min Packet Length | PSH Flag Count | Init_Win_bytes_backward | act_data_pkt_fwd | min_seg_size_forward | Active Mean | Active Std | Idle Max,4
1385,Flow Duration | Fwd Packet Length Min | Bwd Packet Length Std | Flow Packets/s | Fwd IAT Total | Fwd IAT Min | Bwd Packets/s | Min Packet Length | Max Packet Length | RST Flag Count | ACK Flag Count | Down/Up Ratio | Idle Max,5
1386,Flow Duration | Total Length of Bwd Packets | Bwd Packet Length Max | Flow IAT Min | Fwd IAT Max | Packet Length Mean | RST Flag Count | ACK Flag Count | Average Packet Size | Active Mean | Active Max | Active Min | Idle Mean,2
1387,Total Fwd Packets | Bwd Packet Length Std | Flow Bytes/s | Flow Packets/s | Fwd IAT Total | Fwd IAT Mean | Min Packet Length | Max Packet Length | FIN Flag Count | min_seg_size_forward | Active Mean | Active Std | Idle Max,4
1388,Destination Port | Total Backward Packets | Fwd Packet Length Min | Bwd Packet Length Std | Flow Packets/s | Flow IAT Min | Fwd IAT Total | Bwd IAT Mean | Bwd Header Length | Max Packet Length | FIN Flag Count | Active Mean | Idle Mean,4
1389,Destination Port | Fwd Packet Length Max | Fwd Packet Length Min | Bwd Packet Length Max | Flow IAT Mean | Bwd IAT Total | Bwd IAT Min | Fwd URG Flags | Bwd Packets/s | Packet Length Mean | RST Flag Count | Init_Win_bytes_backward | Idle Std,4
1390,Total Length of Fwd Packets | Fwd Packet Length Min | Bwd Packet Length Min | Bwd Packet Length Std | Bwd IAT Mean | Bwd IAT Std | Fwd Header Length | Packet Length Std | PSH Flag Count | Average Packet Size | Init_Win_bytes_backward | Idle Std | Idle Max,3
1391,Total Backward Packets | Fwd Packet Length Mean | Bwd Packet Length Max | Flow Bytes/s | Flow IAT Std | Flow IAT Max | Bwd IAT Max | Max Packet Length | Packet Length Mean | Packet Length Std | URG Flag Count | Init_Win_bytes_forward | min_seg_size_forward,3
1392,Destination Port | Total Fwd Packets | Total Length of Fwd Packets | Flow Bytes/s | Flow IAT Max | Flow IAT Min | Fwd IAT Mean | Bwd IAT Min | Fwd Header Length | FIN Flag Count | PSH Flag Count | Active Std | Idle Std,3
1393,Total Length of Fwd Packets | Bwd Packet Length Max | Bwd Packet Length Std | Fwd IAT Min | Bwd IAT Total | Fwd PSH Flags | Min Packet Length | Packet Length Mean | FIN Flag Count | Init_Win_bytes_forward | act_data_pkt_fwd | min_seg_size_forward | Active Mean,6
1394,Destination Port | Fwd Packet Length Max | Fwd Packet Length Std | Bwd Packet Length Mean | Bwd IAT Total | Fwd PSH Flags | Min Packet Length | Max Packet Length | Packet Length Std | Average Packet Size | Init_Win_bytes_forward | Active Max | Idle Std,4
1395,Destination Port | Bwd Packet Length Std | Flow IAT Mean | Fwd IAT Total | Fwd IAT Mean | Fwd IAT Std | Bwd IAT Max | URG Flag Count | ECE Flag Count | Active Std | Active Min | Idle Std | Idle Max,2
1396,Fwd Packet Length Max | Bwd Packet Length Mean | Flow IAT Mean | Flow IAT Min | Fwd IAT Std | Fwd IAT Max | Bwd IAT Max | Packet Length Mean | RST Flag Count | Down/Up Ratio | act_data_pkt_fwd | Active Min | Idle Min,3
1397,Bwd Packet Length Max | Bwd Packet Length Std | Flow IAT Mean | Fwd IAT Total | Fwd IAT Max | Fwd URG Flags | Bwd Header Length | Bwd Packets/s | PSH Flag Count | Init_Win_bytes_forward | act_data_pkt_fwd | Active Mean | Active Max,3
1398,Total Fwd Packets | Fwd Packet Length Max | Bwd Packet Length Std | Flow IAT Mean | Fwd IAT Total | Fwd IAT Mean | Fwd IAT Max | Bwd IAT Max | Min Packet Length | FIN Flag Count | Active Mean | Active Std | Idle Min,2
1399,Total Backward Packets | Fwd Packet Length Mean | Bwd Packet Length Max | Flow Bytes/s | Flow IAT Max | Fwd IAT Std | Fwd IAT Min | Fwd URG Flags | Bwd Header Length | Init_Win_bytes_backward | min_seg_size_forward | Active Mean | Idle Mean,3
1400,Total Backward Packets | Fwd Packet Length Max | Flow IAT Min | Bwd IAT Mean | Bwd IAT Min | Fwd URG Flags | Fwd Header Length | Min Packet Length | Down/Up Ratio | Average Packet Size | act_data_pkt_fwd | Active Mean | Active Max,4
1401,Total Fwd Packets | Total Length of Fwd Packets | Total Length of Bwd Packets | Fwd Packet Length Min | Fwd Packet Length Mean | Bwd Packet Length Max | Flow IAT Min | Bwd Header Length | Fwd Packets/s | Packet Length Mean | Packet Length Std | ACK Flag Count | min_seg_size_forward,2
1402,Total Length of Fwd Packets | Flow IAT Std | Flow IAT Min | Fwd IAT Total | Fwd IAT Std | Fwd URG Flags | Fwd Header Length | Bwd Packets/s | FIN Flag Count | PSH Flag Count | Init_Win_bytes_forward | act_data_pkt_fwd | Active Mean,3
1403,Fwd Packet Length Min | Bwd Packet Length Min | Bwd Packet Length Mean | Bwd Packet Length Std | Flow IAT Min | Fwd IAT Min | Bwd IAT Max | Bwd Packets/s | ACK Flag Count | Average Packet Size | Active Std | Idle Std | Idle Max,4
1404,Total Fwd Packets | Fwd Packet Length Max | Fwd Packet Length Min | Fwd Packet Length Std | Bwd Packet Length Mean | Bwd Packet Length Std | Fwd IAT Mean | Fwd IAT Std | Bwd IAT Std | Min Packet Length | Max Packet Length | Packet Length Std | ACK Flag Count,3
1405,Flow Duration | Total Length of Bwd Packets | Flow Bytes/s | Flow IAT Mean | Flow IAT Max | Bwd IAT Max | Fwd Header Length | Bwd Header Length | Bwd Packets/s | ACK Flag Count | Average Packet Size | Init_Win_bytes_backward | Active Mean,1
1406,Total Backward Packets | Bwd Packet Length Max | Bwd Packet Length Mean | Flow Bytes/s | Flow IAT Std | Flow IAT Max | Fwd IAT Total | Bwd IAT Max | Down/Up Ratio | Average Packet Size | act_data_pkt_fwd | Active Mean | Active Max,1
1407,Bwd Packet Length Min | Flow Bytes/s | Fwd IAT Mean | Bwd IAT Max | Fwd PSH Flags | Fwd URG Flags | Fwd Packets/s | Packet Length Std | PSH Flag Count | URG Flag Count | act_data_pkt_fwd | Active Max | Idle Mean,2
1408,Flow Duration | Fwd Packet Length Mean | Bwd Packet Length Max | Bwd Packet Length Min | Bwd Packet Length Mean | Bwd IAT Max | Bwd IAT Min | Bwd Packets/s | Down/Up Ratio | min_seg_size_forward | Idle Mean | Idle Std | Idle Min,3
1409,Flow Duration | Total Length of Bwd Packets | Fwd Packet Length Max | Bwd Packet Length Std | Flow Packets/s | Flow IAT Mean | Fwd IAT Total | Fwd IAT Std | Bwd IAT Mean | Fwd Packets/s | Packet Length Mean | Packet Length Std | Down/Up Ratio,1
1410,Bwd Packet Length Mean | Bwd Packet Length Std | Bwd IAT Mean | Bwd IAT Min | Fwd URG Flags | Packet Length Std | RST Flag Count | URG Flag Count | Average Packet Size | Init_Win_bytes_backward | Active Max | Active Min | Idle Max,4
1411,Flow Duration | Total Fwd Packets | Bwd Packet Length Mean | Bwd Packet Length Std | Flow IAT Min | Bwd Header Length | Bwd Packets/s | Max Packet Length | PSH Flag Count | Down/Up Ratio | Active Mean | Active Min | Idle Std,3
1412,Flow Duration | Total Fwd Packets | Fwd Packet Length Min | Bwd Packet Length Std | Flow Bytes/s | Fwd IAT Max | Bwd IAT Mean | Bwd IAT Std | Fwd Header Length | Packet Length Std | Init_Win_bytes_forward | act_data_pkt_fwd | min_seg_size_forward,4
1413,Total Fwd Packets | Total Backward Packets | Total Length of Bwd Packets | Fwd Packet Length Min | Fwd Packet Length Mean | Bwd Packet Length Max | Bwd Packet Length Min | Bwd Packets/s | Min Packet Length | Packet Length Mean | ECE Flag Count | Init_Win_bytes_forward | Active Max,3
1414,Destination Port | Total Backward Packets | Total Length of Fwd Packets | Fwd Packet Length Max | Fwd Packet Length Mean | Bwd Packet Length Std | Bwd IAT Std | Fwd URG Flags | Max Packet Length | FIN Flag Count | Init_Win_bytes_forward | Init_Win_bytes_backward | min_seg_size_forward,6
1415,Total Length of Fwd Packets | Total Length of Bwd Packets | Fwd Packet Length Max | Flow IAT Max | Fwd IAT Total | Bwd IAT Mean | Bwd IAT Min | Bwd Packets/s | RST Flag Count | ACK Flag Count | min_seg_size_forward | Active Std | Active Min,3
1416,Fwd Packet Length Min | Flow IAT Min | Fwd IAT Mean | Fwd IAT Max | Bwd IAT Total | Bwd IAT Mean | Bwd IAT Max | Fwd URG Flags | FIN Flag Count | Init_Win_bytes_backward | Active Max | Active Min | Idle Mean,2
1417,Total Backward Packets | Fwd Packet Length Min | Bwd Packet Length Min | Flow Bytes/s | Fwd IAT Min | Fwd Packets/s | Min Packet Length | Packet Length Mean | Packet Length Std | ACK Flag Count | ECE Flag Count | Average Packet Size | Init_Win_bytes_forward,4
1418,Total Fwd Packets | Total Length of Bwd Packets | Bwd Packet Length Min | Flow Packets/s | Fwd IAT Max | Bwd IAT Mean | Bwd IAT Std | Min Packet Length | Packet Length Std | URG Flag Count | ECE Flag Count | Active Std | Idle Std,2
1419,Total Backward Packets | Flow Bytes/s | Flow IAT Mean | Fwd IAT Mean | Bwd IAT Total | Bwd IAT Mean | Fwd Packets/s | RST Flag Count | ECE Flag Count | Init_Win_bytes_forward | Init_Win_bytes_backward | act_data_pkt_fwd | Idle Mean,4
1420,Destination Port | Total Length of Fwd Packets | Flow Packets/s | Flow IAT Mean | Fwd IAT Mean | Fwd IAT Std | Bwd Packets/s | Max Packet Length | Packet Length Mean | FIN Flag Count | min_seg_size_forward | Active Max | Active Min,3
1421,Total Backward Packets | Total Length of Fwd Packets | Fwd Packet Length Mean | Bwd Packet Length Min | Fwd IAT Max | Bwd IAT Min | Fwd PSH Flags | RST Flag Count | PSH Flag Count | URG Flag Count | Active Min | Idle Mean | Idle Std,3
1422,Fwd Packet Length Min | Bwd Packet Length Max | Flow IAT Min | Fwd IAT Min | Bwd IAT Total | Bwd IAT Mean | Fwd URG Flags | Bwd Header Length | Packet Length Std | Average Packet Size | min_seg_size_forward | Idle Std | Idle Min,3
1423,Total Length of Fwd Packets | Fwd Packet Length Max | Bwd Packet Length Std | Fwd IAT Min | Bwd IAT Max | Packet Length Std | FIN Flag Count | RST Flag Count | Down/Up Ratio | Init_Win_bytes_forward | Init_Win_bytes_backward | Idle Max | Idle Min,5
1424,Fwd Packet Length Max | Flow Packets/s | Flow IAT Mean | Fwd IAT Total | Fwd IAT Max | Fwd Packets/s | Packet Length Mean | Packet Length Std | Average Packet Size | act_data_pkt_fwd | Active Mean | Active Min | Idle Max,1
1425,Flow Duration | Fwd Packet Length Max | Fwd Packet Length Mean | Bwd Packet Length Std | Flow Bytes/s | Flow Packets/s | Flow IAT Mean | Flow IAT Min | Bwd IAT Min | Fwd URG Flags | Packet Length Mean | Active Min | Idle Min,3
1426,Flow Duration | Flow IAT Mean | Flow IAT Std | Fwd IAT Mean | Fwd IAT Max | Fwd IAT Min | Min Packet Length | Packet Length Std | Down/Up Ratio | Average Packet Size | Init_Win_bytes_backward | Active Min | Idle Min,3
1427,Total Backward Packets | Fwd Packet Length Mean | Bwd Packet Length Max | Fwd IAT Mean | Fwd IAT Max | Fwd IAT Min | Bwd IAT Std | Bwd IAT Min | Fwd Packets/s | ACK Flag Count | Down/Up Ratio | Active Std | Idle Std,2
1428,Flow Duration | Total Fwd Packets | Bwd Packet Length Max | Bwd Packet Length Mean | Flow IAT Mean | Fwd IAT Total | Fwd IAT Max | Fwd IAT Min | Fwd Packets/s | Bwd Packets/s | Packet Length Mean | Init_Win_bytes_forward | min_seg_size_forward,3
1429,Destination Port | Fwd Packet Length Max | Fwd Packet Length Std | Fwd IAT Std | Bwd IAT Total | Bwd IAT Max | Min Packet Length | ECE Flag Count | act_data_pkt_fwd | Active Mean | Active Std | Active Min | Idle Std,3
1430,Total Backward Packets | Fwd Packet Length Min | Fwd Packet Length Mean | Flow IAT Max | Flow IAT Min | Bwd IAT Mean | Packet Length Mean | PSH Flag Count | ACK Flag Count | URG Flag Count | Down/Up Ratio | min_seg_size_forward | Idle Max,2
1431,Flow Duration | Flow Packets/s | Flow IAT Mean | Fwd IAT Mean | Bwd IAT Mean | Bwd IAT Std | Bwd Header Length | Fwd Packets/s | Bwd Packets/s | Min Packet Length | Packet Length Mean | Down/Up Ratio | Idle Min,1
1432,Total Length of Fwd Packets | Fwd Packet Length Min | Bwd Packet Length Max | Bwd Packet Length Mean | Flow IAT Min | Bwd IAT Std | Bwd Packets/s | Max Packet Length | Packet Length Mean | Packet Length Std | RST Flag Count | Init_Win_bytes_forward | Active Std,4
1433,Total Fwd Packets | Fwd Packet Length Std | Flow IAT Mean | Fwd IAT Mean | Bwd IAT Total | Bwd IAT Mean | Bwd IAT Std | Packet Length Std | RST Flag Count | URG Flag Count | ECE Flag Count | Active Min | Idle Mean,1
1434,Fwd Packet Length Min | Bwd Packet Length Std | Flow IAT Max | Fwd IAT Mean | Fwd PSH Flags | Fwd URG Flags | Fwd Header Length | Max Packet Length | FIN Flag Count | ACK Flag Count | URG Flag Count | Average Packet Size | Idle Max,2
1435,Total Fwd Packets | Total Backward Packets | Total Length of Fwd Packets | Total Length of Bwd Packets | Fwd Packet Length Mean | Flow IAT Min | Fwd URG Flags | Max Packet Length | Packet Length Mean | ACK Flag Count | act_data_pkt_fwd | Active Mean | Active Std,3
1436,Total Fwd Packets | Fwd Packet Length Std | Bwd Packet Length Min | Fwd IAT Total | Fwd IAT Std | Bwd IAT Std | Fwd PSH Flags | Fwd Packets/s | Bwd Packets/s | Packet Length Std | Init_Win_bytes_backward | Active Min | Idle Std,2
1437,Destination Port | Total Backward Packets | Bwd Packet Length Max | Bwd Packet Length Std | Fwd IAT Mean | Bwd IAT Min | Fwd PSH Flags | Max Packet Length | ECE Flag Count | Init_Win_bytes_forward | Init_Win_bytes_backward | min_seg_size_forward | Active Mean,7
1438,Flow Duration | Total Backward Packets | Flow Packets/s | Flow IAT Std | Fwd IAT Total | Fwd IAT Mean | Bwd IAT Mean | Packet Length Mean | Down/Up Ratio | Init_Win_bytes_backward | Active Mean | Active Std | Active Min,1
1439,Total Fwd Packets | Total Length of Bwd Packets | Bwd Packet Length Std | Bwd IAT Std | Bwd IAT Min | Fwd PSH Flags | Min Packet Length | Packet Length Std | PSH Flag Count | Down/Up Ratio | min_seg_size_forward | Active Max | Idle Mean,4
1440,Total Fwd Packets | Fwd Packet Length Std | Bwd Packet Length Mean | Flow IAT Mean | Flow IAT Std | Fwd IAT Mean | Bwd IAT Std | Bwd IAT Min | Bwd Packets/s | Min Packet Length | Down/Up Ratio | Average Packet Size | Idle Min,2
1441,Total Length of Fwd Packets | Total Length of Bwd Packets | Fwd Packet Length Min | Fwd Packet Length Mean | Bwd Packet Length Max | Flow IAT Mean | Bwd IAT Total | Fwd PSH Flags | Min Packet Length | Max Packet Length | ECE Flag Count | Active Std | Active Max,2
1442,Destination Port | Fwd Packet Length Max | Fwd Packet Length Mean | Bwd Packet Length Max | Bwd Packet Length Mean | Flow IAT Min | Fwd IAT Std | Fwd IAT Max | Bwd IAT Mean | Max Packet Length | Active Mean | Active Min | Idle Std,3
1443,Flow Duration | Fwd Packet Length Std | Bwd Packet Length Mean | Flow IAT Min | Fwd IAT Min | Bwd IAT Std | Fwd URG Flags | Fwd Header Length | Fwd Packets/s | Min Packet Length | Packet Length Std | min_seg_size_forward | Active Mean,4
1444,Fwd Packet Length Mean | Bwd Packet Length Min | Flow Packets/s | Flow IAT Mean | Bwd IAT Total | Bwd IAT Max | Fwd URG Flags | Fwd Header Length | Bwd Packets/s | Packet Length Std | URG Flag Count | Init_Win_bytes_forward | Active Std,2
1445,Fwd Packet Length Max | Flow Packets/s | Fwd IAT Total | Fwd IAT Std | Bwd IAT Max | Bwd IAT Min | Bwd Header Length | Fwd Packets/s | Bwd Packets/s | FIN Flag Count | RST Flag Count | ECE Flag Count | Init_Win_bytes_forward,3
1446,Destination Port | Total Length of Fwd Packets | Fwd Packet Length Mean | Flow Packets/s | Fwd IAT Max | Fwd URG Flags | FIN Flag Count | PSH Flag Count | Down/Up Ratio | Init_Win_bytes_forward | min_seg_size_forward | Idle Max | Idle Min,3
1447,Total Length of Fwd Packets | Bwd Packet Length Min | Flow Packets/s | Flow IAT Std | Fwd IAT Mean | Fwd IAT Std | Bwd IAT Mean | Fwd Packets/s | Max Packet Length | FIN Flag Count | PSH Flag Count | ECE Flag Count | Init_Win_bytes_forward,3
1448,Destination Port | Total Backward Packets | Fwd Packet Length Min | Bwd Packet Length Max | Bwd Packet Length Min | Fwd IAT Std | Fwd IAT Min | Bwd IAT Std | Fwd PSH Flags | Max Packet Length | RST Flag Count | Active Mean | Idle Mean,5
1449,Total Backward Packets | Fwd Packet Length Max | Bwd Packet Length Std | Flow IAT Mean | Fwd IAT Total | Fwd IAT Std | Fwd PSH Flags | Fwd URG Flags | Fwd Packets/s | PSH Flag Count | URG Flag Count | Active Min | Idle Max,1
1450,Destination Port | Total Fwd Packets | Fwd Packet Length Max | Fwd Packet Length Mean | Bwd Packet Length Std | Flow Bytes/s | Flow Packets/s | Flow IAT Max | Flow IAT Min | Fwd IAT Std | Bwd Header Length | RST Flag Count | Idle Max,4
1451,Total Length of Bwd Packets | Bwd Packet Length Std | Flow IAT Mean | Flow IAT Max | Fwd IAT Min | Min Packet Length | Max Packet Length | RST Flag Count | ECE Flag Count | Average Packet Size | Active Std | Active Max | Idle Std,5
1452,Destination Port | Total Length of Bwd Packets | Fwd Packet Length Std | Bwd Packet Length Std | Flow IAT Std | Fwd URG Flags | Packet Length Mean | Packet Length Std | ECE Flag Count | Init_Win_bytes_forward | Active Std | Active Min | Idle Mean,3
1453,Total Length of Bwd Packets | Fwd Packet Length Mean | Bwd Packet Length Mean | Fwd IAT Std | Bwd IAT Min | Fwd URG Flags | Bwd Header Length | Bwd Packets/s | Min Packet Length | PSH Flag Count | ECE Flag Count | Init_Win_bytes_forward | Active Max,3
1454,Total Length of Fwd Packets | Total Length of Bwd Packets | Bwd Packet Length Min | Bwd IAT Std | Fwd PSH Flags | Fwd URG Flags | Max Packet Length | RST Flag Count | Down/Up Ratio | Average Packet Size | Init_Win_bytes_backward | Active Mean | Idle Max,4
1455,Destination Port | Fwd Packet Length Mean | Fwd Packet Length Std | Bwd Packet Length Max | Flow IAT Std | Fwd IAT Mean | Fwd Packets/s | Packet Length Mean | ACK Flag Count | URG Flag Count | Active Mean | Active Min | Idle Std,1
1456,Total Length of Fwd Packets | Total Length of Bwd Packets | Fwd Packet Length Min | Fwd IAT Min | Bwd IAT Max | Fwd URG Flags | Bwd Header Length | Packet Length Mean | Packet Length Std | URG Flag Count | Average Packet Size | Idle Std | Idle Min,1
1457,Total Length of Bwd Packets | Fwd Packet Length Max | Fwd Packet Length Min | Bwd Packet Length Std | Bwd IAT Mean | Bwd Header Length | Packet Length Mean | ACK Flag Count | ECE Flag Count | Down/Up Ratio | Init_Win_bytes_forward | Init_Win_bytes_backward | Active Std,3
1458,Fwd Packet Length Min | Fwd Packet Length Mean | Flow IAT Min | Fwd IAT Max | Bwd IAT Total | Fwd URG Flags | Fwd Packets/s | PSH Flag Count | ACK Flag Count | Active Std | Idle Mean | Idle Std | Idle Min,1
1459,Destination Port | Flow Duration | Bwd Packet Length Max | Flow Packets/s | Flow IAT Mean | Fwd IAT Total | Fwd IAT Min | RST Flag Count | PSH Flag Count | ACK Flag Count | act_data_pkt_fwd | min_seg_size_forward | Idle Min,5
1460,Bwd Packet Length Max | Bwd Packet Length Std | Flow Packets/s | Flow IAT Std | Flow IAT Max | Flow IAT Min | Bwd IAT Std | Bwd IAT Max | Fwd PSH Flags | RST Flag Count | Init_Win_bytes_backward | Active Min | Idle Mean,4
1461,Total Backward Packets | Fwd Packet Length Mean | Flow IAT Std | Fwd IAT Min | Fwd PSH Flags | Fwd URG Flags | PSH Flag Count | URG Flag Count | ECE Flag Count | Init_Win_bytes_backward | act_data_pkt_fwd | Active Std | Idle Mean,3
1462,Flow Duration | Fwd Packet Length Min | Fwd Packet Length Std | Bwd Packet Length Min | Bwd Packet Length Std | Flow IAT Min | Fwd IAT Min | Fwd Header Length | Packet Length Std | Init_Win_bytes_forward | Init_Win_bytes_backward | act_data_pkt_fwd | Active Min,7
1463,Total Length of Fwd Packets | Total Length of Bwd Packets | Fwd Packet Length Mean | Bwd Packet Length Max | Bwd Packet Length Std | Flow IAT Min | Fwd IAT Total | Fwd IAT Min | Bwd IAT Std | Min Packet Length | PSH Flag Count | ACK Flag Count | Active Max,4
1464,Total Length of Bwd Packets | Fwd Packet Length Max | Bwd Packet Length Mean | Flow IAT Mean | Flow IAT Min | Fwd IAT Total | Bwd IAT Std | Bwd Packets/s | Min Packet Length | ECE Flag Count | Init_Win_bytes_backward | Active Min | Idle Max,3
1465,Flow Duration | Fwd Packet Length Min | Fwd Packet Length Mean | Bwd Packet Length Min | Bwd Packet Length Mean | Flow Packets/s | Bwd IAT Max | Fwd Header Length | Bwd Packets/s | Max Packet Length | min_seg_size_forward | Idle Std | Idle Max,3
1466,Destination Port | Total Fwd Packets | Total Length of Bwd Packets | Bwd Packet Length Max | Bwd Packet Length Min | Flow IAT Mean | Flow IAT Std | Flow IAT Min | Fwd IAT Max | Min Packet Length | RST Flag Count | Down/Up Ratio | Average Packet Size,5
1467,Total Length of Bwd Packets | Flow Bytes/s | Flow Packets/s | Fwd IAT Total | Bwd IAT Min | Fwd PSH Flags | Min Packet Length | Max Packet Length | PSH Flag Count | Average Packet Size | Init_Win_bytes_backward | Active Mean | Idle Min,4
1468,Total Fwd Packets | Bwd Packet Length Min | Flow Packets/s | Fwd IAT Mean | Bwd IAT Mean | Fwd Header Length | Fwd Packets/s | Bwd Packets/s | Max Packet Length | Packet Length Mean | Init_Win_bytes_backward | Idle Mean | Idle Min,3
1469,Flow Duration | Total Length of Fwd Packets | Total Length of Bwd Packets | Fwd Packet Length Min | Fwd IAT Std | Bwd IAT Min | Fwd URG Flags | Bwd Packets/s | Max Packet Length | Init_Win_bytes_forward | act_data_pkt_fwd | Active Max | Idle Mean,4
1470,Fwd Packet Length Mean | Flow Packets/s | Flow IAT Mean | Fwd IAT Std | Fwd IAT Min | Bwd IAT Total | Bwd IAT Max | Fwd PSH Flags | Fwd URG Flags | PSH Flag Count | Average Packet Size | min_seg_size_forward | Active Std,2
1471,Fwd Packet Length Max | Flow Packets/s | Fwd IAT Total | Fwd IAT Std | Fwd IAT Min | Bwd IAT Mean | Bwd IAT Std | Bwd IAT Min | Fwd URG Flags | Fwd Header Length | Bwd Packets/s | URG Flag Count | Idle Max,2
1472,Total Length of Bwd Packets | Bwd Packet Length Min | Flow Bytes/s | Bwd IAT Max | Bwd IAT Min | Fwd URG Flags | Fwd Header Length | Fwd Packets/s | FIN Flag Count | PSH Flag Count | Average Packet Size | Idle Mean | Idle Max,2
1473,Fwd Packet Length Max | Flow IAT Mean | Fwd IAT Mean | Fwd IAT Std | Bwd IAT Min | Fwd URG Flags | Bwd Packets/s | Min Packet Length | Packet Length Mean | Packet Length Std | ACK Flag Count | Down/Up Ratio | Average Packet Size,2
1474,Destination Port | Flow Duration | Flow Packets/s | Flow IAT Std | Fwd IAT Total | Fwd IAT Min | Min Packet Length | Max Packet Length | ECE Flag Count | min_seg_size_forward | Active Mean | Active Max | Idle Std,5
1475,Total Length of Bwd Packets | Bwd Packet Length Min | Bwd Packet Length Std | Flow IAT Max | Fwd IAT Max | Fwd URG Flags | Max Packet Length | FIN Flag Count | PSH Flag Count | ACK Flag Count | URG Flag Count | act_data_pkt_fwd | Active Min,4
1476,Fwd Packet Length Max | Fwd Packet Length Std | Bwd Packet Length Max | Bwd Packet Length Std | Flow IAT Min | Fwd IAT Total | Fwd IAT Max | Fwd URG Flags | Bwd Packets/s | ECE Flag Count | Active Mean | Idle Std | Idle Max,2
1477,Total Length of Fwd Packets | Fwd Packet Length Min | Fwd Packet Length Mean | Fwd IAT Total | Fwd IAT Mean | Fwd IAT Min | Bwd IAT Min | Fwd PSH Flags | Fwd Packets/s | Packet Length Std | RST Flag Count | Active Std | Idle Std,3
1478,Total Backward Packets | Fwd Packet Length Min | Bwd Packet Length Mean | Fwd IAT Mean | Min Packet Length | ECE Flag Count | Init_Win_bytes_backward | min_seg_size_forward | Active Std | Idle Mean | Idle Std | Idle Max | Idle Min,3
1479,Destination Port | Total Length of Fwd Packets | Fwd Packet Length Max | Flow IAT Min | Fwd IAT Total | Fwd URG Flags | Fwd Header Length | Fwd Packets/s | PSH Flag Count | ACK Flag Count | URG Flag Count | Average Packet Size | Idle Std,2
1480,Total Length of Fwd Packets | Fwd Packet Length Mean | Flow Packets/s | Flow IAT Std | Flow IAT Min | Fwd IAT Total | Fwd IAT Mean | Fwd IAT Min | Bwd IAT Max | Fwd PSH Flags | Fwd Packets/s | min_seg_size_forward | Idle Std,3
1481,Total Length of Bwd Packets | Fwd Packet Length Std | Bwd Packet Length Min | Bwd Packet Length Std | Flow IAT Max | Fwd IAT Std | Fwd IAT Min | Bwd IAT Mean | Fwd PSH Flags | Fwd URG Flags | Packet Length Std | Active Std | Active Min,3
1482,Total Length of Bwd Packets | Fwd Packet Length Max | Fwd Packet Length Mean | Fwd Packet Length Std | Flow Bytes/s | Bwd IAT Total | Bwd IAT Max | Bwd Packets/s | Packet Length Mean | ACK Flag Count | URG Flag Count | Active Std | Active Max,0
1483,Total Backward Packets | Flow Packets/s | Flow IAT Std | Flow IAT Max | Fwd IAT Std | Bwd IAT Max | Fwd PSH Flags | Fwd URG Flags | Packet Length Std | FIN Flag Count | PSH Flag Count | act_data_pkt_fwd | Active Min,1
1484,Destination Port | Bwd Packet Length Std | Flow IAT Mean | Fwd IAT Total | Fwd IAT Min | Bwd IAT Mean | Bwd IAT Max | Bwd IAT Min | Fwd Packets/s | Bwd Packets/s | ECE Flag Count | Average Packet Size | act_data_pkt_fwd,5
1485,Total Backward Packets | Fwd Packet Length Std | Flow Packets/s | Flow IAT Std | Fwd IAT Mean | Fwd IAT Std | Fwd IAT Max | Fwd URG Flags | Max Packet Length | Packet Length Std | Init_Win_bytes_backward | Active Mean | Idle Std,2
1486,Flow Duration | Total Backward Packets | Fwd Packet Length Max | Fwd Packet Length Min | Fwd Packet Length Std | Bwd Packet Length Mean | Bwd IAT Max | Fwd Packets/s | Max Packet Length | ECE Flag Count | Active Min | Idle Max | Idle Min,1
1487,Flow Duration | Fwd Packet Length Min | Fwd Packet Length Mean | Bwd Packet Length Min | Bwd Packet Length Std | Fwd IAT Std | Bwd IAT Std | Bwd Header Length | Fwd Packets/s | Max Packet Length | Packet Length Mean | FIN Flag Count | min_seg_size_forward,4
1488,Total Fwd Packets | Bwd Packet Length Mean | Fwd IAT Total | Bwd IAT Mean | Bwd IAT Max | Min Packet Length | RST Flag Count | ACK Flag Count | URG Flag Count | Init_Win_bytes_forward | Active Mean | Idle Mean | Idle Std,3
1489,Total Backward Packets | Fwd Packet Length Mean | Fwd Packet Length Std | Bwd Packet Length Max | Bwd Packet Length Std | Flow Bytes/s | Fwd IAT Min | Bwd IAT Min | Fwd URG Flags | Packet Length Mean | Average Packet Size | Idle Mean | Idle Std,3
1490,Fwd Packet Length Std | Bwd Packet Length Max | Bwd Packet Length Min | Bwd Packet Length Std | Fwd IAT Min | Bwd IAT Std | Bwd IAT Max | Fwd PSH Flags | Bwd Header Length | RST Flag Count | Active Std | Active Max | Idle Min,4
1491,Fwd Packet Length Min | Bwd Packet Length Std | Flow Bytes/s | Flow IAT Max | Fwd IAT Mean | Fwd IAT Min | Bwd IAT Total | Fwd Header Length | RST Flag Count | Init_Win_bytes_forward | min_seg_size_forward | Idle Mean | Idle Min,5
1492,Total Fwd Packets | Total Length of Bwd Packets | Fwd Packet Length Std | Bwd Packet Length Std | Fwd IAT Total | Fwd IAT Max | Bwd IAT Std | Bwd IAT Min | Fwd PSH Flags | Min Packet Length | RST Flag Count | Idle Mean | Idle Min,4
1493,Flow Duration | Total Fwd Packets | Total Length of Bwd Packets | Flow IAT Mean | Flow IAT Min | Bwd IAT Total | Min Packet Length | RST Flag Count | Init_Win_bytes_forward | min_seg_size_forward | Active Std | Active Max | Idle Std,5
1494,Fwd Packet Length Mean | Bwd Packet Length Std | Fwd IAT Min | Bwd IAT Max | Fwd PSH Flags | Fwd Header Length | Fwd Packets/s | Max Packet Length | FIN Flag Count | Init_Win_bytes_forward | Active Mean | Idle Mean | Idle Max,4
1495,Flow Duration | Total Backward Packets | Total Length of Bwd Packets | Bwd Packet Length Mean | Flow IAT Mean | Flow IAT Max | Fwd IAT Mean | Fwd Header Length | URG Flag Count | Average Packet Size | Init_Win_bytes_forward | Init_Win_bytes_backward | Active Mean,2
1496,Total Fwd Packets | Fwd Packet Length Max | Bwd Packet Length Mean | Flow IAT Mean | Fwd IAT Total | Fwd IAT Mean | Bwd Header Length | Min Packet Length | Packet Length Std | RST Flag Count | URG Flag Count | min_seg_size_forward | Active Max,3
1497,Total Length of Bwd Packets | Flow Packets/s | Flow IAT Mean | Fwd IAT Total | Fwd IAT Mean | Bwd IAT Std | Bwd IAT Min | FIN Flag Count | RST Flag Count | PSH Flag Count | Init_Win_bytes_backward | Active Mean | Idle Mean,3
1498,Bwd Packet Length Min | Bwd Packet Length Std | Flow Bytes/s | Bwd IAT Total | Fwd Header Length | Fwd Packets/s | Min Packet Length | Max Packet Length | Packet Length Mean | Packet Length Std | RST Flag Count | Active Mean | Idle Min,5
1499,Destination Port | Flow Duration | Total Fwd Packets | Flow IAT Max | Bwd IAT Total | Bwd IAT Mean | Bwd IAT Min | Fwd Header Length | Min Packet Length | Max Packet Length | ACK Flag Count | Active Mean | Active Max,4
1500,Fwd Packet Length Mean | Bwd Packet Length Std | Flow IAT Min | Fwd IAT Max | Bwd IAT Max | Fwd PSH Flags | Fwd URG Flags | Bwd Packets/s | Packet Length Std | PSH Flag Count | URG Flag Count | Init_Win_bytes_forward | Idle Max,3
1501,Destination Port | Bwd Packet Length Max | Flow IAT Min | Fwd IAT Std | Fwd IAT Min | Bwd IAT Std | Fwd PSH Flags | Fwd URG Flags | Down/Up Ratio | Average Packet Size | min_seg_size_forward | Active Std | Idle Mean,4
1502,Fwd Packet Length Min | Bwd Packet Length Max | Flow IAT Mean | Flow IAT Std | Flow IAT Max | Flow IAT Min | Fwd IAT Mean | Bwd IAT Min | Fwd Header Length | Max Packet Length | RST Flag Count | PSH Flag Count | Active Min,4
1503,Total Fwd Packets | Total Length of Bwd Packets | Bwd Packet Length Std | Flow IAT Mean | Flow IAT Std | Bwd IAT Total | Bwd IAT Std | Bwd IAT Max | Max Packet Length | ACK Flag Count | URG Flag Count | Active Min | Idle Max,2
1504,Destination Port | Flow Duration | Flow IAT Min | Fwd IAT Std | Fwd IAT Min | Bwd IAT Mean | Min Packet Length | Packet Length Mean | RST Flag Count | ACK Flag Count | ECE Flag Count | Idle Mean | Idle Std,5
1505,Total Length of Fwd Packets | Bwd Packet Length Max | Bwd Packet Length Mean | Bwd Packet Length Std | Flow Packets/s | Fwd IAT Max | Bwd Header Length | Max Packet Length | Packet Length Mean | ECE Flag Count | Active Std | Active Max | Idle Std,2
1506,Destination Port | Fwd Packet Length Mean | Fwd Packet Length Std | Flow Packets/s | Flow IAT Mean | Fwd IAT Total | Fwd URG Flags | FIN Flag Count | ACK Flag Count | ECE Flag Count | Down/Up Ratio | Active Mean | Idle Min,1
1507,Total Backward Packets | Bwd Packet Length Min | Bwd Packet Length Std | Flow Bytes/s | Flow IAT Min | Fwd IAT Min | Fwd Header Length | Min Packet Length | Down/Up Ratio | act_data_pkt_fwd | Active Min | Idle Std | Idle Min,6
1508,Fwd Packet Length Min | Flow Bytes/s | Fwd PSH Flags | Fwd Header Length | Fwd Packets/s | Max Packet Length | Packet Length Std | FIN Flag Count | URG Flag Count | ECE Flag Count | Average Packet Size | min_seg_size_forward | Active Std,2
1509,Fwd Packet Length Max | Fwd Packet Length Std | Bwd Packet Length Std | Flow Bytes/s | Flow Packets/s | Flow IAT Std | Bwd IAT Min | Packet Length Std | URG Flag Count | min_seg_size_forward | Active Mean | Active Std | Idle Min,3
1510,Total Fwd Packets | Total Backward Packets | Fwd Packet Length Max | Fwd Packet Length Min | Fwd Packet Length Mean | Bwd Packet Length Max | Bwd Packet Length Std | Flow Bytes/s | Fwd IAT Min | Bwd IAT Max | Fwd Packets/s | Down/Up Ratio | act_data_pkt_fwd,3
1511,Total Fwd Packets | Total Length of Bwd Packets | Fwd Packet Length Std | Flow IAT Mean | Fwd IAT Std | Fwd IAT Min | Bwd IAT Mean | Fwd PSH Flags | Fwd Packets/s | RST Flag Count | ACK Flag Count | Down/Up Ratio | Init_Win_bytes_backward,3
1512,Destination Port | Total Length of Bwd Packets | Bwd Packet Length Std | Flow Packets/s | Flow IAT Min | Fwd IAT Mean | Fwd IAT Max | Fwd IAT Min | Bwd IAT Std | Bwd IAT Min | Bwd Header Length | Down/Up Ratio | Active Max,5
1513,Fwd Packet Length Std | Bwd Packet Length Std | Flow Bytes/s | Fwd IAT Total | Fwd IAT Std | Bwd IAT Total | Bwd IAT Std | Min Packet Length | ECE Flag Count | Down/Up Ratio | Init_Win_bytes_forward | Active Std | Idle Max,3
1514,Flow Duration | Total Length of Fwd Packets | Total Length of Bwd Packets | Bwd Packet Length Std | Flow Bytes/s | Bwd IAT Mean | FIN Flag Count | URG Flag Count | Down/Up Ratio | act_data_pkt_fwd | Active Std | Active Max | Idle Std,2
1515,Destination Port | Total Length of Fwd Packets | Fwd Packet Length Max | Bwd Packet Length Std | Flow IAT Std | Fwd IAT Std | Bwd IAT Max | Bwd Packets/s | Min Packet Length | FIN Flag Count | min_seg_size_forward | Active Mean | Idle Std,4
1516,Total Length of Bwd Packets | Bwd Packet Length Min | Flow Packets/s | Fwd IAT Min | Bwd IAT Total | Bwd IAT Max | Bwd IAT Min | Fwd URG Flags | Bwd Header Length | Min Packet Length | ACK Flag Count | URG Flag Count | Idle Std,4
1517,Total Fwd Packets | Total Length of Bwd Packets | Fwd Packet Length Min | Fwd Packet Length Mean | Bwd Packet Length Mean | Flow IAT Std | Fwd IAT Max | Bwd IAT Mean | Bwd IAT Max | ACK Flag Count | ECE Flag Count | Down/Up Ratio | act_data_pkt_fwd,1
1518,Total Fwd Packets | Fwd Packet Length Mean | Flow Bytes/s | Fwd IAT Total | Bwd IAT Mean | Bwd IAT Min | FIN Flag Count | ACK Flag Count | URG Flag Count | Init_Win_bytes_forward | Active Mean | Idle Mean | Idle Std,2
1519,Total Length of Fwd Packets | Bwd Packet Length Max | Flow IAT Mean | Flow IAT Min | Bwd IAT Max | Fwd PSH Flags | Fwd URG Flags | Max Packet Length | Packet Length Std | FIN Flag Count | Average Packet Size | Init_Win_bytes_forward | Init_Win_bytes_backward,4
1520,Total Backward Packets | Fwd Packet Length Mean | Bwd Packet Length Std | Flow IAT Min | Fwd IAT Total | Fwd IAT Mean | Fwd IAT Std | Bwd IAT Std | Bwd IAT Max | URG Flag Count | Average Packet Size | min_seg_size_forward | Active Mean,3
1521,Destination Port | Total Backward Packets | Fwd Packet Length Max | Bwd Packet Length Std | Flow Bytes/s | Fwd IAT Min | Fwd PSH Flags | Fwd Packets/s | ECE Flag Count | Average Packet Size | Init_Win_bytes_forward | Active Mean | Idle Mean,4
1522,Destination Port | Total Length of Fwd Packets | Flow Packets/s | Bwd IAT Min | Fwd Header Length | Bwd Packets/s | Max Packet Length | Packet Length Std | RST Flag Count | URG Flag Count | Average Packet Size | Init_Win_bytes_backward | Idle Max,5
1523,Flow Duration | Fwd Packet Length Std | Flow IAT Mean | Fwd IAT Total | Fwd IAT Min | Bwd IAT Mean | Bwd Header Length | Min Packet Length | Max Packet Length | URG Flag Count | Active Mean | Active Max | Idle Min,3
1524,Total Fwd Packets | Total Backward Packets | Bwd Packet Length Std | Fwd IAT Mean | Fwd IAT Max | Bwd IAT Total | Bwd IAT Min | Fwd URG Flags | Packet Length Std | ECE Flag Count | Init_Win_bytes_backward | act_data_pkt_fwd | min_seg_size_forward,5
1525,Total Length of Fwd Packets | Bwd Packet Length Min | Flow Bytes/s | Flow Packets/s | Flow IAT Std | Flow IAT Max | Fwd IAT Max | Fwd PSH Flags | Bwd Packets/s | ACK Flag Count | Active Mean | Active Min | Idle Min,1
1526,Flow Duration | Total Fwd Packets | Total Length of Bwd Packets | Bwd Packet Length Max | Bwd Packet Length Min | Flow Packets/s | Bwd IAT Min | Fwd Header Length | Fwd Packets/s | Min Packet Length | Max Packet Length | ACK Flag Count | ECE Flag Count,4
1527,Flow Duration | Total Fwd Packets | Fwd Packet Length Max | Flow IAT Std | Bwd IAT Max | Fwd PSH Flags | Bwd Header Length | Down/Up Ratio | Average Packet Size | Init_Win_bytes_forward | Active Min | Idle Mean | Idle Max,1
1528,Destination Port | Bwd Packet Length Std | Fwd IAT Std | Fwd IAT Max | Bwd IAT Min | Fwd PSH Flags | Fwd Header Length | Min Packet Length | ACK Flag Count | URG Flag Count | Average Packet Size | act_data_pkt_fwd | Active Mean,5
1529,Total Fwd Packets | Total Length of Bwd Packets | Bwd Packet Length Max | Flow Bytes/s | Flow Packets/s | Fwd IAT Total | Fwd IAT Max | Bwd IAT Std | Bwd IAT Max | Fwd Header Length | Bwd Packets/s | PSH Flag Count | Active Max,0
1530,Total Fwd Packets | Bwd Packet Length Min | Bwd Packet Length Mean | Bwd Packet Length Std | Flow Bytes/s | Flow Packets/s | Bwd IAT Min | Bwd Header Length | Fwd Packets/s | ECE Flag Count | Init_Win_bytes_forward | Active Mean | Idle Max,4
1531,Destination Port | Bwd Packet Length Max | Bwd Packet Length Min | Fwd IAT Mean | Bwd IAT Std | Bwd IAT Min | Fwd URG Flags | Bwd Header Length | Max Packet Length | PSH Flag Count | min_seg_size_forward | Active Max | Idle Min,5
1532,Flow Duration | Total Length of Bwd Packets | Fwd Packet Length Max | Flow Bytes/s | Flow IAT Max | Fwd IAT Std | Fwd IAT Max | Bwd IAT Min | Bwd Packets/s | FIN Flag Count | PSH Flag Count | Active Max | Idle Min,1
1533,Total Fwd Packets | Total Backward Packets | Total Length of Fwd Packets | Fwd Packet Length Mean | Bwd Packet Length Std | Flow IAT Mean | Flow IAT Max | Flow IAT Min | Bwd IAT Mean | Bwd IAT Max | Fwd Header Length | Packet Length Std | Active Max,2
1534,Bwd Packet Length Max | Flow IAT Min | Fwd IAT Min | Bwd IAT Total | Bwd IAT Mean | Bwd IAT Min | Bwd Header Length | Packet Length Mean | Packet Length Std | PSH Flag Count | ECE Flag Count | act_data_pkt_fwd | Idle Max,4
1535,Flow Duration | Total Backward Packets | Fwd Packet Length Mean | Flow Bytes/s | Fwd IAT Min | Bwd IAT Total | Fwd Packets/s | Min Packet Length | Packet Length Mean | PSH Flag Count | ECE Flag Count | min_seg_size_forward | Idle Mean,3
1536,Total Fwd Packets | Total Length of Fwd Packets | Fwd Packet Length Min | Fwd Packet Length Std | Bwd Packet Length Std | Bwd IAT Std | Fwd PSH Flags | Bwd Header Length | Bwd Packets/s | PSH Flag Count | min_seg_size_forward | Active Mean | Active Std,2
1537,Flow Duration | Fwd Packet Length Std | Flow Packets/s | Flow IAT Mean | Flow IAT Std | Fwd IAT Max | Bwd Header Length | Min Packet Length | Max Packet Length | ECE Flag Count | Down/Up Ratio | Active Std | Idle Std,2
1538,Fwd Packet Length Max | Fwd Packet Length Min | Flow IAT Std | Flow IAT Max | Fwd IAT Min | Bwd IAT Min | Bwd Packets/s | Max Packet Length | Packet Length Std | ECE Flag Count | Down/Up Ratio | Active Min | Idle Std,3
1539,Fwd Packet Length Mean | Bwd Packet Length Std | Flow IAT Std | Flow IAT Max | Fwd IAT Total | Fwd IAT Mean | Bwd IAT Total | Fwd Header Length | ECE Flag Count | Average Packet Size | Init_Win_bytes_backward | Active Mean | Active Max,2
1540,Fwd Packet Length Std | Bwd Packet Length Max | Bwd Packet Length Min | Bwd IAT Mean | Bwd IAT Max | Fwd URG Flags | Bwd Header Length | Packet Length Std | ACK Flag Count | Average Packet Size | Init_Win_bytes_forward | Active Max | Idle Mean,2
1541,Destination Port | Total Backward Packets | Fwd Packet Length Min | Bwd Packet Length Mean | Flow Bytes/s | Flow IAT Std | Fwd IAT Total | Fwd Header Length | Bwd Packets/s | Packet Length Std | Average Packet Size | Active Mean | Idle Min,1
1542,Destination Port | Bwd Packet Length Min | Flow Bytes/s | Flow IAT Std | Bwd IAT Min | Fwd Packets/s | Max Packet Length | Packet Length Mean | FIN Flag Count | act_data_pkt_fwd | Active Mean | Active Std | Idle Min,5
1543,Destination Port | Total Length of Fwd Packets | Fwd Packet Length Max | Flow IAT Std | Flow IAT Min | Bwd IAT Mean | Fwd URG Flags | Fwd Packets/s | Packet Length Mean | ECE Flag Count | Idle Std | Idle Max | Idle Min,2
1544,Total Fwd Packets | Total Backward Packets | Flow IAT Std | Fwd IAT Min | Bwd IAT Max | Fwd Packets/s | Min Packet Length | Max Packet Length | FIN Flag Count | RST Flag Count | Average Packet Size | Init_Win_bytes_forward | Active Mean,5
1545,Total Length of Fwd Packets | Total Length of Bwd Packets | Fwd Packet Length Max | Bwd Packet Length Std | Flow IAT Std | Fwd IAT Min | Bwd Header Length | Fwd Packets/s | Bwd Packets/s | PSH Flag Count | min_seg_size_forward | Active Std | Idle Max,3
1546,Destination Port | Flow Duration | Fwd Packet Length Min | Bwd Packet Length Min | Fwd IAT Total | Fwd IAT Std | Bwd IAT Std | Bwd Packets/s | Packet Length Mean | Packet Length Std | Average Packet Size | Active Std | Idle Std,2
1547,Flow Duration | Fwd Packet Length Min | Fwd Packet Length Mean | Bwd Packet Length Std | Fwd IAT Std | Fwd IAT Min | Bwd IAT Min | Min Packet Length | Max Packet Length | Packet Length Mean | Packet Length Std | Average Packet Size | Init_Win_bytes_backward,6
1548,Total Fwd Packets | Flow Bytes/s | Flow IAT Mean | Flow IAT Max | Fwd IAT Total | Bwd IAT Std | Fwd PSH Flags | Fwd Header Length | Bwd Packets/s | Packet Length Mean | PSH Flag Count | min_seg_size_forward | Idle Max,1
1549,Total Length of Fwd Packets | Bwd Packet Length Max | Bwd Packet Length Std | Fwd IAT Total | Fwd IAT Mean | Bwd IAT Min | Bwd Header Length | Bwd Packets/s | Packet Length Mean | Init_Win_bytes_forward | Idle Std | Idle Max | Idle Min,3
1550,Total Backward Packets | Fwd Packet Length Std | Flow IAT Max | Fwd IAT Mean | Fwd IAT Std | Bwd IAT Mean | Bwd IAT Min | Min Packet Length | FIN Flag Count | Average Packet Size | Init_Win_bytes_forward | Active Max | Idle Max,3
1551,Total Backward Packets | Bwd Packet Length Min | Bwd Packet Length Mean | Flow Packets/s | Fwd IAT Mean | Bwd IAT Std | Fwd PSH Flags | Bwd Header Length | Bwd Packets/s | PSH Flag Count | Active Std | Active Min | Idle Max,1
1552,Total Length of Fwd Packets | Bwd Packet Length Min | Bwd Packet Length Std | Flow Packets/s | Flow IAT Mean | Flow IAT Std | Flow IAT Max | Flow IAT Min | Fwd IAT Mean | Bwd IAT Total | Fwd Header Length | URG Flag Count | Active Min,3
1553,Destination Port | Bwd Packet Length Min | Bwd Packet Length Mean | Flow IAT Mean | Flow IAT Max | Fwd IAT Mean | Bwd IAT Max | Fwd PSH Flags | Packet Length Std | ECE Flag Count | Average Packet Size | act_data_pkt_fwd | Idle Max,3
1554,Fwd Packet Length Max | Fwd Packet Length Std | Bwd Packet Length Min | Flow IAT Std | Fwd IAT Min | Bwd IAT Total | Fwd PSH Flags | Fwd Header Length | Fwd Packets/s | ACK Flag Count | Init_Win_bytes_forward | Active Max | Idle Mean,3
1555,Total Length of Bwd Packets | Bwd Packet Length Max | Fwd IAT Mean | Bwd IAT Std | Fwd URG Flags | Packet Length Mean | PSH Flag Count | ECE Flag Count | Down/Up Ratio | act_data_pkt_fwd | Active Max | Active Min | Idle Std,1
1556,Flow Duration | Total Fwd Packets | Total Length of Fwd Packets | Fwd Packet Length Min | Fwd Packet Length Std | Flow IAT Mean | Bwd IAT Std | Bwd IAT Min | Fwd URG Flags | URG Flag Count | Down/Up Ratio | min_seg_size_forward | Active Max,2
1557,Total Length of Bwd Packets | Fwd Packet Length Std | Bwd Packet Length Min | Bwd Packet Length Mean | Flow Bytes/s | Fwd IAT Min | Bwd IAT Total | Bwd IAT Mean | Bwd IAT Max | Fwd Packets/s | FIN Flag Count | Average Packet Size | act_data_pkt_fwd,3
1558,Flow Duration | Total Fwd Packets | Fwd Packet Length Min | Flow Bytes/s | Flow IAT Std | Fwd IAT Max | Bwd Packets/s | Max Packet Length | RST Flag Count | ACK Flag Count | Active Min | Idle Mean | Idle Std,2
1559,Total Length of Fwd Packets | Fwd Packet Length Min | Flow Packets/s | Flow IAT Std | Fwd PSH Flags | Fwd Packets/s | Bwd Packets/s | Min Packet Length | Packet Length Std | Average Packet Size | min_seg_size_forward | Active Max | Idle Max,2
1560,Total Length of Fwd Packets | Fwd Packet Length Max | Flow Packets/s | Flow IAT Mean | Fwd IAT Total | Fwd IAT Std | Bwd Packets/s | FIN Flag Count | URG Flag Count | Average Packet Size | Active Std | Active Max | Idle Max,0
1561,Destination Port | Total Length of Fwd Packets | Total Length of Bwd Packets | Fwd Packet Length Max | Bwd Packet Length Std | Flow IAT Max | Bwd IAT Total | Bwd IAT Mean | Bwd IAT Max | URG Flag Count | Average Packet Size | Active Mean | Active Max,2
1562,Fwd Packet Length Std | Bwd Packet Length Min | Flow Bytes/s | Bwd IAT Total | Bwd IAT Min | Fwd PSH Flags | Bwd Header Length | Packet Length Std | PSH Flag Count | ECE Flag Count | Down/Up Ratio | Init_Win_bytes_backward | Active Std,3
1563,Total Backward Packets | Fwd Packet Length Std | Flow Bytes/s | Flow Packets/s | Flow IAT Mean | Flow IAT Std | Fwd IAT Min | Bwd IAT Total | Bwd IAT Mean | Bwd Header Length | URG Flag Count | act_data_pkt_fwd | Active Max,2
1564,Flow Duration | Fwd Packet Length Std | Bwd Packet Length Mean | Flow Bytes/s | Flow IAT Mean | Fwd IAT Mean | Fwd IAT Min | Bwd IAT Total | Fwd URG Flags | Fwd Packets/s | Packet Length Mean | ACK Flag Count | Active Max,1
1565,Total Length of Bwd Packets | Fwd Packet Length Min | Fwd Packet Length Mean | Bwd Packet Length Max | Flow IAT Std | Flow IAT Max | Fwd IAT Total | Fwd IAT Mean | Bwd IAT Total | Bwd IAT Max | PSH Flag Count | Idle Mean | Idle Max,0
1566,Fwd Packet Length Mean | Bwd Packet Length Max | Flow Bytes/s | Flow Packets/s | Flow IAT Std | Flow IAT Max | Fwd IAT Max | Fwd IAT Min | Fwd PSH Flags | FIN Flag Count | PSH Flag Count | ACK Flag Count | Active Max,1
1567,Total Fwd Packets | Fwd Packet Length Max | Bwd Packet Length Max | Flow Bytes/s | Flow IAT Mean | Flow IAT Min | Fwd PSH Flags | Min Packet Length | RST Flag Count | ECE Flag Count | Down/Up Ratio | Init_Win_bytes_forward | Idle Min,4
1568,Fwd Packet Length Std | Bwd Packet Length Min | Bwd Packet Length Mean | Fwd IAT Total | Fwd PSH Flags | Fwd Header Length | URG Flag Count | Average Packet Size | Init_Win_bytes_backward | min_seg_size_forward | Active Mean | Idle Mean | Idle Max,3
1569,Total Fwd Packets | Total Backward Packets | Total Length of Fwd Packets | Total Length of Bwd Packets | Fwd Packet Length Mean | Bwd Packet Length Min | Flow IAT Std | Bwd IAT Mean | Fwd PSH Flags | Average Packet Size | Init_Win_bytes_forward | Active Max | Idle Std,2
1570,Total Length of Fwd Packets | Fwd Packet Length Max | Fwd Packet Length Min | Fwd Packet Length Mean | Flow IAT Max | Flow IAT Min | Fwd Packets/s | Min Packet Length | Packet Length Mean | PSH Flag Count | ECE Flag Count | Active Mean | Idle Std,2
1571,Total Length of Bwd Packets | Fwd Packet Length Min | Bwd Packet Length Max | Bwd Packet Length Std | Flow Bytes/s | Fwd IAT Max | Bwd IAT Total | Fwd Header Length | PSH Flag Count | URG Flag Count | Down/Up Ratio | Init_Win_bytes_forward | Init_Win_bytes_backward,3
1572,Total Backward Packets | Bwd Packet Length Mean | Flow Bytes/s | Flow IAT Mean | Flow IAT Min | Fwd IAT Total | Bwd IAT Min | RST Flag Count | URG Flag Count | ECE Flag Count | Down/Up Ratio | min_seg_size_forward | Active Std,4
1573,Destination Port | Total Backward Packets | Total Length of Fwd Packets | Total Length of Bwd Packets | Flow IAT Min | Fwd IAT Mean | Fwd IAT Std | Fwd Header Length | FIN Flag Count | Down/Up Ratio | Average Packet Size | Active Std | Idle Std,2
1574,Total Fwd Packets | Total Backward Packets | Fwd Packet Length Max | Flow IAT Mean | Fwd IAT Mean | Fwd IAT Std | Fwd IAT Max | Bwd IAT Std | Bwd IAT Min | Bwd Header Length | URG Flag Count | act_data_pkt_fwd | Idle Min,2
1575,Total Backward Packets | Fwd Packet Length Max | Flow Packets/s | Flow IAT Mean | Fwd IAT Std | Fwd IAT Max | PSH Flag Count | Init_Win_bytes_forward | Init_Win_bytes_backward | Active Mean | Idle Mean | Idle Max | Idle Min,2
1576,Total Backward Packets | Total Length of Fwd Packets | Fwd Packet Length Min | Flow IAT Std | Fwd IAT Mean | Fwd IAT Min | Bwd IAT Std | Fwd Header Length | ACK Flag Count | Active Std | Active Max | Active Min | Idle Std,1
1577,Destination Port | Flow Duration | Total Length of Bwd Packets | Fwd Packet Length Max | Fwd Packet Length Min | Bwd Packet Length Max | Fwd IAT Max | Max Packet Length | Packet Length Std | ECE Flag Count | Init_Win_bytes_backward | Active Mean | Active Std,3
1578,Total Backward Packets | Bwd Packet Length Min | Bwd Packet Length Std | Flow IAT Max | Flow IAT Min | Fwd IAT Max | Fwd IAT Min | Bwd IAT Total | Fwd Header Length | Min Packet Length | URG Flag Count | Init_Win_bytes_backward | Idle Min,6
1579,Fwd Packet Length Min | Bwd Packet Length Min | Fwd IAT Std | Fwd IAT Max | Bwd IAT Std | Bwd IAT Max | Fwd PSH Flags | Fwd Packets/s | Bwd Packets/s | Packet Length Mean | Packet Length Std | ECE Flag Count | Idle Min,1
1580,Fwd Packet Length Max | Fwd Packet Length Mean | Bwd Packet Length Std | Flow IAT Mean | Flow IAT Std | Flow IAT Max | Fwd URG Flags | Fwd Header Length | Fwd Packets/s | Packet Length Std | PSH Flag Count | ECE Flag Count | Active Max,1
1581,Total Length of Bwd Packets | Flow IAT Mean | Fwd IAT Total | Fwd IAT Std | Bwd IAT Max | Bwd Header Length | Min Packet Length | Init_Win_bytes_forward | Init_Win_bytes_backward | Active Max | Idle Mean | Idle Max | Idle Min,3
1582,Destination Port | Fwd Packet Length Std | Bwd Packet Length Min | Bwd Packet Length Std | Flow IAT Mean | Flow IAT Std | Flow IAT Max | Flow IAT Min | Fwd IAT Min | Fwd Packets/s | Packet Length Std | Down/Up Ratio | Average Packet Size,5
1583,Fwd Packet Length Min | Flow IAT Min | Fwd IAT Mean | Fwd IAT Std | Bwd IAT Total | Bwd IAT Mean | Bwd IAT Std | Fwd URG Flags | Fwd Packets/s | FIN Flag Count | RST Flag Count | Average Packet Size | Active Std,2
1584,Destination Port | Flow IAT Std | Flow IAT Min | Fwd IAT Mean | Fwd PSH Flags | Fwd URG Flags | Fwd Packets/s | ECE Flag Count | act_data_pkt_fwd | min_seg_size_forward | Active Max | Active Min | Idle Max,4
1585,Total Fwd Packets | Total Length of Fwd Packets | Bwd Packet Length Max | Flow IAT Max | Flow IAT Min | Fwd IAT Mean | Fwd IAT Std | Fwd IAT Max | Bwd IAT Mean | Bwd IAT Std | Down/Up Ratio | Init_Win_bytes_forward | Idle Mean,2
1586,Total Length of Fwd Packets | Bwd Packet Length Std | Flow Bytes/s | Flow IAT Std | Flow IAT Min | Bwd IAT Mean | Bwd Header Length | Max Packet Length | ACK Flag Count | Init_Win_bytes_backward | Active Max | Idle Mean | Idle Max,4
1587,Fwd Packet Length Max | Fwd Packet Length Std | Bwd Packet Length Min | Bwd Packet Length Mean | Flow Packets/s | Fwd IAT Max | Fwd Header Length | Bwd Header Length | Fwd Packets/s | RST Flag Count | PSH Flag Count | Down/Up Ratio | Active Max,2
1588,Total Fwd Packets | Fwd IAT Total | Bwd IAT Max | Fwd URG Flags | Fwd Packets/s | Min Packet Length | RST Flag Count | ACK Flag Count | URG Flag Count | Init_Win_bytes_backward | Active Std | Idle Std | Idle Max,3
1589,Flow IAT Mean | Bwd IAT Mean | Bwd IAT Std | Fwd Header Length | Max Packet Length | FIN Flag Count | RST Flag Count | ECE Flag Count | Average Packet Size | Init_Win_bytes_forward | Active Std | Active Max | Idle Min,3
1590,Flow Duration | Fwd Packet Length Min | Fwd Packet Length Std | Bwd Packet Length Min | Fwd IAT Min | Bwd IAT Std | Bwd IAT Max | Min Packet Length | Packet Length Std | RST Flag Count | ECE Flag Count | Init_Win_bytes_backward | Idle Mean,5
1591,Destination Port | Total Fwd Packets | Fwd Packet Length Mean | Bwd Packet Length Mean | Flow Bytes/s | Flow IAT Min | Bwd Header Length | Max Packet Length | Packet Length Mean | Packet Length Std | ECE Flag Count | min_seg_size_forward | Active Std,4
1592,Total Length of Bwd Packets | Fwd Packet Length Std | Bwd Packet Length Max | Bwd Packet Length Mean | Fwd IAT Total | Fwd IAT Std | Fwd IAT Max | Fwd Header Length | Fwd Packets/s | Max Packet Length | Packet Length Std | ECE Flag Count | Idle Min,1
1593,Bwd Packet Length Max | Bwd Packet Length Mean | Bwd Packet Length Std | Flow IAT Min | Fwd IAT Std | Fwd IAT Min | Bwd IAT Min | Fwd PSH Flags | Bwd Packets/s | FIN Flag Count | PSH Flag Count | ECE Flag Count | Active Max,4
1594,Total Fwd Packets | Total Length of Fwd Packets | Fwd Packet Length Std | Fwd IAT Total | Fwd IAT Max | Bwd IAT Total | Bwd IAT Min | Bwd Packets/s | Max Packet Length | FIN Flag Count | Down/Up Ratio | Average Packet Size | Idle Max,2
1595,Total Fwd Packets | Total Length of Fwd Packets | Bwd Packet Length Std | Fwd IAT Mean | Min Packet Length | RST Flag Count | ACK Flag Count | URG Flag Count | ECE Flag Count | Down/Up Ratio | Average Packet Size | Init_Win_bytes_backward | Active Std,4
1596,Total Fwd Packets | Total Backward Packets | Total Length of Bwd Packets | Fwd Packet Length Mean | Flow IAT Std | Fwd IAT Total | Fwd IAT Min | Packet Length Mean | Packet Length Std | FIN Flag Count | PSH Flag Count | ACK Flag Count | URG Flag Count,1
1597,Total Length of Fwd Packets | Fwd Packet Length Min | Fwd Packet Length Std | Bwd Packet Length Max | Flow IAT Min | Fwd IAT Max | Bwd IAT Max | Bwd IAT Min | FIN Flag Count | Active Min | Idle Mean | Idle Std | Idle Min,2
1598,Flow Duration | Fwd Packet Length Min | Bwd Packet Length Max | Bwd Packet Length Std | Flow Bytes/s | Fwd IAT Mean | Bwd IAT Max | Fwd PSH Flags | Fwd Packets/s | Max Packet Length | URG Flag Count | min_seg_size_forward | Active Max,3
1599,Total Backward Packets | Total Length of Fwd Packets | Fwd Packet Length Max | Fwd Packet Length Min | Fwd Packet Length Mean | Bwd Packet Length Min | Flow IAT Std | Fwd IAT Max | Bwd IAT Mean | PSH Flag Count | Down/Up Ratio | act_data_pkt_fwd | Active Max,2
1600,Total Backward Packets | Fwd Packet Length Std | Bwd Packet Length Min | Bwd Packet Length Mean | Fwd IAT Min | Bwd Packets/s | RST Flag Count | ACK Flag Count | URG Flag Count | min_seg_size_forward | Idle Mean | Idle Std | Idle Max,4
1601,Destination Port | Total Fwd Packets | Total Backward Packets | Fwd Packet Length Mean | Flow IAT Mean | Bwd IAT Max | Min Packet Length | URG Flag Count | Down/Up Ratio | Init_Win_bytes_forward | Active Max | Idle Mean | Idle Min,3
1602,Flow Duration | Total Length of Fwd Packets | Total Length of Bwd Packets | Flow IAT Mean | Bwd IAT Max | Fwd PSH Flags | Fwd Header Length | Fwd Packets/s | Packet Length Mean | FIN Flag Count | Down/Up Ratio | min_seg_size_forward | Idle Std,1
1603,Total Fwd Packets | Flow Packets/s | Fwd IAT Mean | Fwd IAT Std | Bwd IAT Mean | Fwd URG Flags | ACK Flag Count | URG Flag Count | Down/Up Ratio | Init_Win_bytes_forward | Active Max | Idle Std | Idle Max,1
1604,Total Fwd Packets | Fwd Packet Length Max | Fwd Packet Length Mean | Bwd Packet Length Mean | Flow Bytes/s | Fwd IAT Total | Fwd URG Flags | Min Packet Length | Packet Length Mean | Average Packet Size | min_seg_size_forward | Active Std | Active Max,2
1605,Destination Port | Total Length of Bwd Packets | Fwd Packet Length Min | Bwd Packet Length Mean | Flow Bytes/s | Flow Packets/s | Flow IAT Mean | Fwd IAT Std | Bwd IAT Min | Min Packet Length | URG Flag Count | Down/Up Ratio | Active Min,3
1606,Total Length of Fwd Packets | Fwd Packet Length Max | Fwd Packet Length Min | Bwd Packet Length Min | Flow Bytes/s | Fwd IAT Mean | Fwd Packets/s | FIN Flag Count | ACK Flag Count | Average Packet Size | act_data_pkt_fwd | Active Min | Idle Mean,2
1607,Destination Port | Total Backward Packets | Fwd Packet Length Max | Fwd Packet Length Mean | Fwd Packet Length Std | Fwd IAT Min | Packet Length Mean | Packet Length Std | Down/Up Ratio | Init_Win_bytes_forward | Init_Win_bytes_backward | min_seg_size_forward | Active Min,5
1608,Total Length of Bwd Packets | Fwd Packet Length Mean | Fwd Packet Length Std | Bwd Packet Length Max | Flow IAT Mean | Flow IAT Std | Fwd IAT Total | Bwd IAT Max | Fwd PSH Flags | Packet Length Std | RST Flag Count | Init_Win_bytes_backward | Idle Std,2
1609,Destination Port | Total Backward Packets | Total Length of Bwd Packets | Bwd Packet Length Min | Flow IAT Max | Bwd IAT Total | Max Packet Length | Packet Length Mean | Average Packet Size | Init_Win_bytes_forward | act_data_pkt_fwd | Idle Max | Idle Min,5
1610,Fwd Packet Length Min | Flow IAT Mean | Flow IAT Max | Fwd IAT Total | Fwd IAT Std | Fwd IAT Min | Bwd IAT Std | Bwd Header Length | Fwd Packets/s | Packet Length Mean | Packet Length Std | RST Flag Count | Idle Min,2
1611,Flow Bytes/s | Flow IAT Std | Fwd IAT Total | Fwd IAT Mean | Fwd IAT Min | Fwd URG Flags | Max Packet Length | FIN Flag Count | PSH Flag Count | ACK Flag Count | ECE Flag Count | min_seg_size_forward | Active Mean,3
1612,Flow Duration | Total Fwd Packets | Bwd Packet Length Mean | Flow IAT Min | Fwd IAT Max | Bwd IAT Mean | Max Packet Length | Packet Length Std | ACK Flag Count | ECE Flag Count | Average Packet Size | act_data_pkt_fwd | Idle Min,3
1613,Destination Port | Fwd Packet Length Max | Bwd Packet Length Min | Flow IAT Mean | Fwd IAT Std | Fwd IAT Min | Fwd PSH Flags | Fwd Header Length | Packet Length Mean | ACK Flag Count | Active Mean | Active Min | Idle Std,3
1614,Flow Duration | Total Backward Packets | Fwd Packet Length Mean | Fwd Packet Length Std | Bwd Packet Length Max | Bwd Packet Length Min | Flow IAT Max | Bwd IAT Min | Fwd Packets/s | Bwd Packets/s | Packet Length Mean | PSH Flag Count | Active Max,2
1615,Flow Duration | Total Fwd Packets | Total Length of Fwd Packets | Fwd Packet Length Min | Bwd Packet Length Mean | Bwd IAT Total | Bwd IAT Min | Bwd Packets/s | Packet Length Mean | Average Packet Size | Active Mean | Active Max | Idle Max,1
1616,Total Fwd Packets | Total Backward Packets | Fwd Packet Length Max | Bwd Packet Length Std | Flow IAT Mean | Fwd PSH Flags | Bwd Packets/s | RST Flag Count | PSH Flag Count | URG Flag Count | min_seg_size_forward | Active Max | Idle Max,3
1617,Bwd Packet Length Min | Flow IAT Std | Fwd IAT Max | Bwd IAT Std | Fwd PSH Flags | Bwd Header Length | Fwd Packets/s | Bwd Packets/s | Packet Length Mean | Packet Length Std | act_data_pkt_fwd | Active Max | Idle Mean,2
1618,Total Length of Fwd Packets | Total Length of Bwd Packets | Fwd Packet Length Min | Fwd Packet Length Mean | Flow IAT Std | Fwd IAT Std | Fwd Header Length | Down/Up Ratio | Init_Win_bytes_backward | Active Std | Active Min | Idle Std | Idle Min,1
1619,Destination Port | Total Length of Bwd Packets | Bwd Packet Length Min | Bwd Packet Length Std | Flow Bytes/s | Fwd IAT Std | Fwd IAT Max | Fwd IAT Min | Bwd IAT Mean | Fwd Packets/s | Min Packet Length | Max Packet Length | Idle Max,6
1620,Total Length of Fwd Packets | Fwd Packet Length Mean | Bwd Packet Length Std | Flow IAT Mean | Flow IAT Min | Fwd IAT Std | Min Packet Length | Max Packet Length | Packet Length Std | RST Flag Count | PSH Flag Count | Init_Win_bytes_forward | Active Min,6
1621,Total Fwd Packets | Total Backward Packets | Total Length of Bwd Packets | Fwd Packet Length Min | Fwd IAT Max | Bwd IAT Total | Bwd IAT Mean | Min Packet Length | Max Packet Length | FIN Flag Count | RST Flag Count | act_data_pkt_fwd | Idle Std,4
1622,Flow Duration | Total Length of Fwd Packets | Total Length of Bwd Packets | Flow IAT Mean | Fwd IAT Mean | Bwd IAT Total | Bwd IAT Mean | Bwd IAT Min | Fwd PSH Flags | Bwd Header Length | ACK Flag Count | act_data_pkt_fwd | Active Mean,2
1623,Destination Port | Flow Duration | Total Length of Bwd Packets | Flow IAT Mean | Fwd IAT Min | Bwd IAT Total | Bwd IAT Mean | Bwd IAT Max | FIN Flag Count | PSH Flag Count | min_seg_size_forward | Active Max | Active Min,3
1624,Total Length of Fwd Packets | Fwd Packet Length Max | Fwd Packet Length Min | Bwd Packet Length Mean | Flow Packets/s | Fwd IAT Std | Fwd Header Length | Fwd Packets/s | Packet Length Mean | PSH Flag Count | ECE Flag Count | Init_Win_bytes_forward | Active Mean,1
1625,Flow Duration | Fwd Packet Length Std | Bwd Packet Length Max | Flow IAT Mean | Fwd IAT Max | Bwd Packets/s | Packet Length Std | FIN Flag Count | PSH Flag Count | ACK Flag Count | ECE Flag Count | min_seg_size_forward | Active Min,1
1626,Total Length of Fwd Packets | Bwd Packet Length Min | Bwd Packet Length Std | Flow IAT Max | Fwd IAT Total | Fwd IAT Mean | Fwd IAT Min | Bwd IAT Std | Bwd IAT Max | Fwd Header Length | act_data_pkt_fwd | Active Mean | Active Max,4
1627,Flow Duration | Bwd Packet Length Std | Flow Packets/s | Flow IAT Min | Bwd IAT Total | Fwd PSH Flags | Fwd Header Length | Bwd Header Length | Fwd Packets/s | PSH Flag Count | Init_Win_bytes_forward | Active Mean | Idle Std,3
1628,Fwd Packet Length Std | Flow IAT Std | Flow IAT Max | Fwd IAT Min | Bwd IAT Total | Fwd URG Flags | Bwd Header Length | Packet Length Std | PSH Flag Count | ACK Flag Count | URG Flag Count | Down/Up Ratio | Idle Std,1
1629,Bwd Packet Length Min | Flow IAT Mean | Flow IAT Std | Fwd IAT Std | Bwd IAT Min | Min Packet Length | Max Packet Length | Packet Length Std | PSH Flag Count | act_data_pkt_fwd | min_seg_size_forward | Active Max | Idle Max,6
1630,Destination Port | Flow Duration | Fwd Packet Length Min | Bwd Packet Length Std | Flow IAT Mean | Flow IAT Max | Flow IAT Min | Fwd IAT Max | Fwd IAT Min | Bwd IAT Mean | Packet Length Mean | Packet Length Std | Active Std,4
1631,Fwd Packet Length Mean | Bwd Packet Length Min | Bwd Packet Length Std | Flow IAT Std | Fwd IAT Min | Bwd IAT Std | Bwd IAT Min | Fwd Header Length | Min Packet Length | Packet Length Mean | min_seg_size_forward | Active Std | Idle Min,6
1632,Flow Duration | Total Fwd Packets | Fwd Packet Length Mean | Bwd Packet Length Mean | Flow IAT Std | Bwd IAT Max | Fwd Packets/s | FIN Flag Count | Down/Up Ratio | Init_Win_bytes_backward | act_data_pkt_fwd | Active Std | Active Min,2
1633,Fwd Packet Length Max | Bwd Packet Length Max | Flow IAT Mean | Flow IAT Std | Flow IAT Max | Flow IAT Min | Fwd IAT Std | Bwd IAT Mean | Fwd PSH Flags | Fwd URG Flags | ACK Flag Count | Active Mean | Active Min,1
1634,Destination Port | Fwd Packet Length Max | Flow Packets/s | Flow IAT Min | Fwd IAT Min | Fwd PSH Flags | Fwd Header Length | Max Packet Length | FIN Flag Count | Init_Win_bytes_backward | act_data_pkt_fwd | min_seg_size_forward | Active Max,7
1635,Flow Duration | Total Backward Packets | Flow Packets/s | Flow IAT Mean | Bwd IAT Mean | Fwd PSH Flags | Bwd Header Length | Fwd Packets/s | Bwd Packets/s | RST Flag Count | ACK Flag Count | Init_Win_bytes_forward | act_data_pkt_fwd,3
1636,Total Fwd Packets | Total Length of Fwd Packets | Bwd Packet Length Min | Bwd Packet Length Mean | Flow Packets/s | Flow IAT Std | Fwd IAT Std | Fwd Packets/s | Bwd Packets/s | FIN Flag Count | Down/Up Ratio | act_data_pkt_fwd | Active Max,2
1637,Fwd Packet Length Min | Bwd Packet Length Std | Flow IAT Std | Fwd IAT Mean | Bwd IAT Total | Bwd IAT Mean | Bwd IAT Std | Fwd Header Length | Bwd Packets/s | act_data_pkt_fwd | min_seg_size_forward | Idle Std | Idle Max,3
1638,Fwd Packet Length Min | Bwd Packet Length Max | Flow IAT Mean | Fwd IAT Max | Bwd Header Length | Fwd Packets/s | Min Packet Length | RST Flag Count | ECE Flag Count | Active Std | Idle Mean | Idle Std | Idle Max,2
1639,Fwd Packet Length Max | Bwd Packet Length Mean | Flow IAT Mean | Flow IAT Max | Fwd IAT Mean | Fwd IAT Min | Fwd Header Length | Bwd Packets/s | Max Packet Length | FIN Flag Count | ECE Flag Count | Init_Win_bytes_forward | Idle Min,3
1640,Destination Port | Fwd Packet Length Mean | Flow Bytes/s | Flow Packets/s | Flow IAT Mean | Flow IAT Max | Bwd IAT Max | Bwd IAT Min | PSH Flag Count | Down/Up Ratio | act_data_pkt_fwd | Idle Max | Idle Min,3
1641,Destination Port | Flow Duration | Bwd Packet Length Max | Bwd Packet Length Mean | Flow IAT Mean | Bwd IAT Mean | Bwd IAT Min | Fwd PSH Flags | Fwd Packets/s | Packet Length Mean | Packet Length Std | act_data_pkt_fwd | Idle Max,3
1642,Destination Port | Total Backward Packets | Bwd Packet Length Max | Bwd Packet Length Mean | Flow IAT Mean | Flow IAT Max | Fwd IAT Total | Fwd IAT Mean | Bwd IAT Std | Max Packet Length | RST Flag Count | URG Flag Count | Init_Win_bytes_backward,4
1643,Flow Duration | Total Fwd Packets | Total Backward Packets | Fwd Packet Length Min | Bwd Packet Length Std | Flow Bytes/s | Flow IAT Max | Fwd IAT Total | Fwd IAT Std | Bwd IAT Mean | Bwd IAT Std | Min Packet Length | act_data_pkt_fwd,3
1644,Total Length of Fwd Packets | Bwd Packet Length Max | Bwd Packet Length Std | Flow Bytes/s | Flow IAT Std | Fwd IAT Min | Bwd IAT Mean | Fwd PSH Flags | Fwd Header Length | Min Packet Length | Max Packet Length | Packet Length Std | RST Flag Count,5
1645,Fwd Packet Length Mean | Bwd Packet Length Min | Bwd Packet Length Mean | Flow IAT Std | Fwd IAT Std | Fwd IAT Min | Bwd IAT Max | Bwd IAT Min | Fwd PSH Flags | Fwd Header Length | Min Packet Length | Packet Length Mean | Idle Max,4
1646,Destination Port | Flow Duration | Total Length of Bwd Packets | Flow IAT Mean | Bwd IAT Mean | Fwd PSH Flags | Fwd Header Length | Bwd Header Length | Bwd Packets/s | Max Packet Length | ACK Flag Count | act_data_pkt_fwd | Idle Max,3
1647,Total Fwd Packets | Fwd Packet Length Std | Bwd Packet Length Max | Flow IAT Std | Flow IAT Min | Fwd URG Flags | Fwd Header Length | Bwd Packets/s | Packet Length Std | Average Packet Size | Init_Win_bytes_backward | Active Mean | Active Min,2
1648,Total Length of Fwd Packets | Fwd Packet Length Std | Bwd Packet Length Max | Bwd Packet Length Min | Flow Bytes/s | Fwd IAT Total | Bwd IAT Std | Fwd Packets/s | Bwd Packets/s | Min Packet Length | Max Packet Length | Down/Up Ratio | Idle Max,3
1649,Total Fwd Packets | Fwd Packet Length Std | Bwd Packet Length Max | Bwd Packet Length Mean | Flow IAT Max | Flow IAT Min | Fwd IAT Std | Fwd IAT Min | Bwd IAT Total | Fwd Packets/s | ACK Flag Count | Average Packet Size | Active Min,2
1650,Fwd Packet Length Max | Flow Bytes/s | Flow Packets/s | Flow IAT Min | Fwd IAT Mean | Fwd IAT Max | Bwd IAT Max | Fwd PSH Flags | Fwd Header Length | Packet Length Std | PSH Flag Count | Average Packet Size | Idle Std,1
1651,Total Length of Fwd Packets | Fwd Packet Length Std | Bwd Packet Length Max | Bwd Packet Length Mean | Flow IAT Min | Fwd IAT Mean | Bwd IAT Min | Fwd PSH Flags | Fwd Header Length | FIN Flag Count | URG Flag Count | Init_Win_bytes_forward | Init_Win_bytes_backward,4
1652,Flow Duration | Fwd Packet Length Max | Fwd Packet Length Min | Bwd Packet Length Max | Flow IAT Std | Fwd IAT Mean | Fwd IAT Max | Fwd URG Flags | Bwd Header Length | RST Flag Count | URG Flag Count | act_data_pkt_fwd | Active Min,2
1653,Total Fwd Packets | Total Length of Bwd Packets | Fwd Packet Length Min | Bwd Packet Length Mean | Bwd Packet Length Std | Bwd IAT Total | Fwd URG Flags | Min Packet Length | Packet Length Std | Init_Win_bytes_forward | act_data_pkt_fwd | Active Max | Idle Min,4
1654,Fwd Packet Length Max | Fwd Packet Length Mean | Bwd Packet Length Min | Bwd Packet Length Std | Flow Bytes/s | Flow IAT Max | Max Packet Length | Packet Length Mean | PSH Flag Count | ECE Flag Count | Average Packet Size | Active Mean | Idle Min,3
1655,Total Length of Fwd Packets | Fwd Packet Length Min | Bwd Packet Length Max | Bwd Packet Length Std | Flow Packets/s | Flow IAT Mean | Bwd Header Length | Packet Length Std | PSH Flag Count | Init_Win_bytes_forward | Active Std | Active Max | Idle Mean,2
1656,Total Fwd Packets | Fwd Packet Length Min | Fwd Packet Length Mean | Fwd URG Flags | Bwd Header Length | Fwd Packets/s | Packet Length Mean | PSH Flag Count | Down/Up Ratio | Average Packet Size | Active Mean | Idle Std | Idle Min,0
1657,Total Backward Packets | Total Length of Fwd Packets | Bwd Packet Length Max | Flow IAT Mean | Flow IAT Min | Fwd IAT Min | Fwd URG Flags | Fwd Packets/s | Min Packet Length | Packet Length Mean | Packet Length Std | Idle Max | Idle Min,3
1658,Total Length of Bwd Packets | Fwd Packet Length Mean | Fwd Packet Length Std | Flow Bytes/s | Flow Packets/s | Fwd IAT Total | Fwd IAT Mean | Fwd IAT Max | Bwd IAT Min | Fwd PSH Flags | ACK Flag Count | Init_Win_bytes_forward | Active Mean,2
1659,Total Fwd Packets | Fwd Packet Length Min | Fwd Packet Length Mean | Bwd Packet Length Min | Bwd Packet Length Std | Flow IAT Std | Bwd IAT Mean | Packet Length Mean | PSH Flag Count | ACK Flag Count | Down/Up Ratio | Init_Win_bytes_forward | act_data_pkt_fwd,4
1660,Destination Port | Total Fwd Packets | Total Length of Bwd Packets | Fwd Packet Length Std | Flow IAT Max | Fwd IAT Min | Bwd IAT Mean | Bwd IAT Std | Fwd URG Flags | Min Packet Length | RST Flag Count | PSH Flag Count | Init_Win_bytes_backward,5
1661,Bwd Packet Length Std | Fwd PSH Flags | Min Packet Length | Max Packet Length | FIN Flag Count | ACK Flag Count | Down/Up Ratio | Init_Win_bytes_forward | act_data_pkt_fwd | min_seg_size_forward | Active Mean | Active Std | Idle Max,6
1662,Total Fwd Packets | Total Length of Bwd Packets | Bwd Packet Length Max | Bwd Packet Length Min | Flow Bytes/s | Flow IAT Std | Bwd IAT Std | Bwd IAT Min | Max Packet Length | ACK Flag Count | Init_Win_bytes_backward | act_data_pkt_fwd | Active Mean,5
1663,Destination Port | Total Length of Bwd Packets | Bwd Packet Length Mean | Flow IAT Std | Fwd IAT Total | Fwd IAT Mean | Fwd Header Length | Min Packet Length | Max Packet Length | PSH Flag Count | ECE Flag Count | act_data_pkt_fwd | Idle Min,4
1664,Destination Port | Total Length of Bwd Packets | Fwd Packet Length Min | Bwd Packet Length Min | Flow Bytes/s | Flow IAT Std | Fwd IAT Min | Bwd Header Length | Max Packet Length | Down/Up Ratio | act_data_pkt_fwd | Idle Mean | Idle Max,5
1665,Fwd Packet Length Mean | Bwd Packet Length Std | Flow Bytes/s | Fwd IAT Mean | Fwd IAT Std | Bwd IAT Mean | Fwd PSH Flags | Fwd Packets/s | PSH Flag Count | Down/Up Ratio | Init_Win_bytes_forward | Active Std | Idle Mean,2
1666,Flow Bytes/s | Flow IAT Mean | Bwd IAT Std | Fwd URG Flags | Fwd Header Length | Packet Length Mean | Packet Length Std | RST Flag Count | Down/Up Ratio | Average Packet Size | min_seg_size_forward | Active Max | Idle Max,2
1667,Total Backward Packets | Fwd Packet Length Mean | Bwd Packet Length Max | Flow IAT Max | Fwd IAT Mean | Bwd IAT Std | Min Packet Length | PSH Flag Count | Init_Win_bytes_backward | act_data_pkt_fwd | Active Min | Idle Mean | Idle Min,3
1668,Total Length of Fwd Packets | Bwd Packet Length Std | Flow Packets/s | Fwd IAT Min | Bwd IAT Mean | Fwd URG Flags | Fwd Header Length | Max Packet Length | Packet Length Mean | PSH Flag Count | ECE Flag Count | Average Packet Size | Active Max,3
1669,Destination Port | Total Fwd Packets | Total Length of Bwd Packets | Bwd Packet Length Min | Flow IAT Mean | Fwd IAT Total | Bwd IAT Total | FIN Flag Count | RST Flag Count | Average Packet Size | Active Mean | Idle Mean | Idle Std,3
1670,Total Fwd Packets | Total Length of Bwd Packets | Bwd Packet Length Max | Flow Bytes/s | Flow IAT Mean | Fwd IAT Max | Bwd IAT Mean | Bwd IAT Max | Fwd Header Length | Bwd Header Length | Max Packet Length | Active Max | Active Min,1
1671,Total Length of Bwd Packets | Fwd Packet Length Mean | Bwd Packet Length Std | Flow Packets/s | Flow IAT Std | Bwd IAT Std | Min Packet Length | Packet Length Std | FIN Flag Count | Init_Win_bytes_backward | min_seg_size_forward | Active Std | Idle Min,4
1672,Fwd Packet Length Mean | Bwd Packet Length Std | Flow Bytes/s | Flow Packets/s | Fwd IAT Mean | Fwd IAT Std | Bwd IAT Min | Max Packet Length | ECE Flag Count | Init_Win_bytes_backward | act_data_pkt_fwd | Active Max | Idle Max,5
1673,Total Fwd Packets | Total Length of Fwd Packets | Bwd Packet Length Min | Bwd Packet Length Mean | Flow Bytes/s | Flow Packets/s | Flow IAT Max | Fwd IAT Std | Bwd Header Length | Fwd Packets/s | Packet Length Std | FIN Flag Count | URG Flag Count,1
1674,Total Fwd Packets | Total Backward Packets | Fwd Packet Length Min | Bwd Packet Length Max | Flow Bytes/s | Flow IAT Std | Fwd Packets/s | Bwd Packets/s | ACK Flag Count | Average Packet Size | min_seg_size_forward | Active Mean | Active Std,1
1675,Total Backward Packets | Flow Packets/s | Fwd IAT Min | Bwd IAT Std | Bwd IAT Max | Fwd URG Flags | Fwd Header Length | Bwd Packets/s | Min Packet Length | Max Packet Length | Active Mean | Idle Mean | Idle Max,3
1676,Fwd Packet Length Mean | Bwd Packet Length Std | Fwd IAT Min | Bwd IAT Total | Bwd IAT Max | Fwd URG Flags | Fwd Packets/s | Packet Length Std | URG Flag Count | Average Packet Size | Init_Win_bytes_forward | Active Mean | Idle Mean,3
1677,Destination Port | Flow Duration | Total Length of Fwd Packets | Fwd Packet Length Mean | Bwd Packet Length Max | Flow Packets/s | Bwd IAT Max | Min Packet Length | Packet Length Mean | RST Flag Count | PSH Flag Count | Init_Win_bytes_forward | Idle Std,4
1678,Total Backward Packets | Flow Packets/s | Flow IAT Std | Fwd IAT Std | Fwd IAT Max | Fwd IAT Min | Bwd IAT Std | Fwd PSH Flags | Fwd Header Length | Bwd Header Length | Fwd Packets/s | Active Mean | Active Min,1
1679,Total Fwd Packets | Fwd Packet Length Max | Fwd Packet Length Std | Bwd Packet Length Mean | Flow IAT Std | Fwd IAT Min | Bwd IAT Mean | Fwd URG Flags | Bwd Packets/s | Min Packet Length | Packet Length Mean | PSH Flag Count | Active Std,2
1680,Flow Duration | Fwd Packet Length Min | Fwd Packet Length Mean | Bwd Packet Length Mean | Flow Bytes/s | Fwd IAT Mean | Bwd IAT Min | Fwd URG Flags | Bwd Header Length | Fwd Packets/s | Min Packet Length | ACK Flag Count | act_data_pkt_fwd,3
1681,Destination Port | Fwd Packet Length Min | Flow Bytes/s | Fwd IAT Total | Fwd IAT Std | Bwd IAT Total | Fwd PSH Flags | Fwd Header Length | Bwd Header Length | ACK Flag Count | Down/Up Ratio | Active Mean | Idle Max,1
1682,Total Fwd Packets | Total Length of Fwd Packets | Total Length of Bwd Packets | Fwd Packet Length Std | Bwd Packet Length Mean | Bwd Packet Length Std | Fwd IAT Total | Fwd IAT Mean | Fwd IAT Std | Bwd IAT Mean | Bwd IAT Std | Down/Up Ratio | Average Packet Size,1
1683,Destination Port | Total Length of Bwd Packets | Bwd Packet Length Max | Bwd Packet Length Min | Bwd Packet Length Std | Flow IAT Max | Fwd IAT Min | Bwd IAT Total | Bwd IAT Mean | Bwd IAT Max | PSH Flag Count | Active Max | Active Min,4
1684,Destination Port | Flow Duration | Total Fwd Packets | Bwd Packet Length Min | Bwd Packet Length Mean | Flow IAT Max | Fwd IAT Std | Bwd IAT Std | Min Packet Length | PSH Flag Count | ACK Flag Count | Init_Win_bytes_forward | min_seg_size_forward,5
1685,Flow Duration | Total Backward Packets | Total Length of Fwd Packets | Flow Packets/s | Bwd IAT Mean | Bwd IAT Min | Max Packet Length | ACK Flag Count | Init_Win_bytes_forward | min_seg_size_forward | Active Max | Idle Std | Idle Max,4
1686,Total Length of Fwd Packets | Bwd Packet Length Min | Bwd Packet Length Mean | Fwd IAT Total | Fwd IAT Mean | Fwd IAT Max | Bwd IAT Std | Fwd Header Length | Min Packet Length | Packet Length Std | FIN Flag Count | min_seg_size_forward | Idle Max,3
1687,Destination Port | Fwd Packet Length Mean | Bwd Packet Length Mean | Flow IAT Mean | Fwd IAT Mean | Fwd IAT Max | Fwd IAT Min | Bwd IAT Max | RST Flag Count | act_data_pkt_fwd | Active Mean | Idle Std | Idle Max,4
1688,Total Backward Packets | Fwd Packet Length Max | Bwd Packet Length Mean | Flow IAT Mean | Flow IAT Min | Fwd IAT Total | Fwd IAT Min | Bwd IAT Min | Fwd Header Length | RST Flag Count | Init_Win_bytes_backward | Active Min | Idle Std,5
1689,Flow Duration | Fwd Packet Length Std | Flow IAT Max | Flow IAT Min | Fwd IAT Max | Min Packet Length | Max Packet Length | Packet Length Mean | Init_Win_bytes_backward | Active Min | Idle Std | Idle Max | Idle Min,4
1690,Flow Duration | Total Backward Packets | Total Length of Bwd Packets | Fwd Packet Length Max | Bwd Packet Length Min | Bwd Packet Length Std | Flow IAT Mean | Fwd Header Length | Max Packet Length | Packet Length Std | PSH Flag Count | Active Max | Idle Mean,3
1691,Total Fwd Packets | Total Length of Bwd Packets | Fwd Packet Length Mean | Fwd Packet Length Std | Bwd Packet Length Min | Flow Packets/s | Fwd IAT Mean | Fwd IAT Std | Bwd IAT Mean | Bwd IAT Std | Packet Length Mean | Init_Win_bytes_forward | Active Std,2
1692,Flow Duration | Total Backward Packets | Bwd Packet Length Max | Bwd Packet Length Std | Flow IAT Max | Fwd IAT Total | Bwd IAT Std | Init_Win_bytes_forward | Init_Win_bytes_backward | min_seg_size_forward | Active Std | Active Max | Idle Max,4
1693,Total Backward Packets | Total Length of Bwd Packets | Bwd Packet Length Mean | Flow IAT Std | Fwd IAT Min | Bwd IAT Min | Bwd Header Length | Bwd Packets/s | Min Packet Length | Max Packet Length | PSH Flag Count | ECE Flag Count | Down/Up Ratio,4
1694,Flow Duration | Total Length of Fwd Packets | Total Length of Bwd Packets | Fwd Packet Length Max | Bwd Packet Length Std | Fwd IAT Mean | Bwd IAT Min | Fwd PSH Flags | Fwd URG Flags | Bwd Packets/s | Max Packet Length | Active Std | Idle Std,3
1695,Destination Port | Total Length of Fwd Packets | Fwd Packet Length Min | Fwd Packet Length Mean | Fwd Packet Length Std | Bwd Packet Length Max | Flow Packets/s | Flow IAT Max | Flow IAT Min | PSH Flag Count | ECE Flag Count | Active Std | Idle Min,2
1696,Total Length of Fwd Packets | Fwd Packet Length Min | Flow IAT Mean | Flow IAT Min | Fwd IAT Total | Bwd IAT Total | Fwd PSH Flags | Min Packet Length | Max Packet Length | PSH Flag Count | URG Flag Count | Average Packet Size | Active Mean,3
1697,Destination Port | Flow Duration | Bwd IAT Mean | Fwd PSH Flags | Fwd URG Flags | Fwd Header Length | Bwd Header Length | Min Packet Length | PSH Flag Count | Average Packet Size | Init_Win_bytes_backward | Idle Max | Idle Min,3
1698,Total Length of Fwd Packets | Fwd Packet Length Std | Bwd Packet Length Max | Flow Packets/s | Bwd IAT Std | Bwd IAT Min | Fwd PSH Flags | Fwd Header Length | Bwd Packets/s | Min Packet Length | FIN Flag Count | Init_Win_bytes_forward | Idle Std,3
1699,Bwd Packet Length Mean | Flow IAT Min | Fwd IAT Mean | Fwd IAT Max | Bwd IAT Mean | Bwd IAT Std | Bwd Packets/s | Min Packet Length | RST Flag Count | Average Packet Size | Init_Win_bytes_forward | Active Max | Idle Min,4
1700,Fwd Packet Length Mean | Bwd Packet Length Max | Bwd Packet Length Mean | Flow Packets/s | Fwd IAT Std | Fwd IAT Max | Fwd Packets/s | URG Flag Count | act_data_pkt_fwd | min_seg_size_forward | Active Max | Active Min | Idle Max,2
1701,Total Backward Packets | Total Length of Fwd Packets | Fwd Packet Length Max | Flow Bytes/s | Flow Packets/s | Flow IAT Min | Fwd IAT Mean | Packet Length Std | RST Flag Count | ECE Flag Count | Init_Win_bytes_forward | Init_Win_bytes_backward | Idle Max,4
1702,Bwd Packet Length Max | Flow IAT Mean | Fwd IAT Std | Fwd IAT Min | Bwd IAT Total | Bwd IAT Max | Bwd IAT Min | Bwd Header Length | Max Packet Length | PSH Flag Count | Active Mean | Active Max | Idle Min,3
1703,Total Backward Packets | Fwd Packet Length Std | Bwd Packet Length Mean | Flow IAT Max | Fwd IAT Total | Bwd IAT Total | Fwd URG Flags | Bwd Header Length | Fwd Packets/s | Packet Length Std | ACK Flag Count | min_seg_size_forward | Active Max,1
1704,Flow IAT Max | Fwd IAT Std | Fwd PSH Flags | Fwd URG Flags | Fwd Header Length | Packet Length Mean | FIN Flag Count | RST Flag Count | ECE Flag Count | Init_Win_bytes_backward | act_data_pkt_fwd | Active Max | Idle Mean,3
1705,Destination Port | Total Backward Packets | Fwd Packet Length Std | Bwd Packet Length Std | Bwd IAT Max | Fwd URG Flags | Bwd Packets/s | Min Packet Length | Max Packet Length | FIN Flag Count | RST Flag Count | Down/Up Ratio | Init_Win_bytes_backward,6
1706,Destination Port | Total Length of Fwd Packets | Bwd Packet Length Std | Fwd IAT Total | Fwd IAT Std | Fwd IAT Max | Packet Length Std | ACK Flag Count | ECE Flag Count | Init_Win_bytes_forward | Init_Win_bytes_backward | Active Std | Active Min,4
1707,Total Length of Fwd Packets | Fwd Packet Length Max | Fwd Packet Length Mean | Flow IAT Std | Fwd IAT Min | Fwd PSH Flags | Fwd URG Flags | Min Packet Length | FIN Flag Count | PSH Flag Count | URG Flag Count | ECE Flag Count | Active Std,2
1708,Destination Port | Total Fwd Packets | Fwd Packet Length Max | Fwd Packet Length Min | Bwd Packet Length Mean | Bwd Packet Length Std | Flow IAT Mean | Flow IAT Max | Fwd IAT Mean | Bwd IAT Min | Max Packet Length | PSH Flag Count | ACK Flag Count,4
1709,Flow Duration | Total Backward Packets | Total Length of Bwd Packets | Bwd Packet Length Max | Bwd Packet Length Min | Bwd Packet Length Std | Flow IAT Max | Fwd URG Flags | Fwd Header Length | PSH Flag Count | act_data_pkt_fwd | Idle Std | Idle Max,3
1710,Fwd Packet Length Max | Fwd Packet Length Mean | Flow IAT Mean | Flow IAT Min | Fwd IAT Std | Fwd IAT Min | Fwd URG Flags | Bwd Packets/s | Max Packet Length | Init_Win_bytes_backward | act_data_pkt_fwd | min_seg_size_forward | Active Std,6
1711,Destination Port | Fwd Packet Length Min | Fwd Packet Length Mean | Bwd Packet Length Min | Bwd IAT Total | Bwd IAT Mean | Fwd URG Flags | Packet Length Mean | Packet Length Std | RST Flag Count | URG Flag Count | Init_Win_bytes_forward | Idle Min,4
1712,Total Fwd Packets | Fwd IAT Total | Fwd IAT Std | Fwd IAT Min | Fwd PSH Flags | Max Packet Length | Packet Length Std | FIN Flag Count | PSH Flag Count | Down/Up Ratio | Init_Win_bytes_backward | act_data_pkt_fwd | Idle Std,4
1713,Total Length of Fwd Packets | Flow Bytes/s | Flow IAT Std | Fwd IAT Total | Fwd IAT Min | Fwd PSH Flags | Max Packet Length | RST Flag Count | URG Flag Count | min_seg_size_forward | Active Mean | Active Std | Active Max,4
1714,Flow Duration | Fwd Packet Length Max | Fwd Packet Length Mean | Flow Bytes/s | Flow Packets/s | Bwd IAT Total | Bwd IAT Std | Fwd URG Flags | Packet Length Std | RST Flag Count | ECE Flag Count | Average Packet Size | act_data_pkt_fwd,2
1715,Destination Port | Total Length of Fwd Packets | Bwd Packet Length Std | Fwd IAT Total | Bwd IAT Std | Packet Length Std | FIN Flag Count | ACK Flag Count | Average Packet Size | Init_Win_bytes_backward | Active Std | Idle Std | Idle Max,3
1716,Fwd Packet Length Mean | Flow Bytes/s | Fwd IAT Mean | Bwd IAT Max | Bwd Header Length | Fwd Packets/s | Packet Length Std | PSH Flag Count | min_seg_size_forward | Active Min | Idle Mean | Idle Max | Idle Min,1
1717,Destination Port | Fwd Packet Length Max | Fwd Packet Length Mean | Bwd Packet Length Max | Bwd Packet Length Mean | Flow Bytes/s | Bwd IAT Mean | Fwd PSH Flags | Bwd Packets/s | RST Flag Count | ACK Flag Count | Active Min | Idle Std,2
1718,Total Fwd Packets | Fwd Packet Length Max | Flow Packets/s | Fwd IAT Max | Bwd IAT Total | Fwd PSH Flags | Fwd Header Length | Fwd Packets/s | Bwd Packets/s | Packet Length Mean | Init_Win_bytes_forward | Active Mean | Idle Mean,1
1719,Total Backward Packets | Fwd Packet Length Min | Fwd Packet Length Mean | Flow IAT Min | Fwd IAT Std | Bwd IAT Mean | Bwd Header Length | Fwd Packets/s | Max Packet Length | Init_Win_bytes_forward | Active Max | Idle Mean | Idle Max,3
1720,Flow Duration | Total Length of Fwd Packets | Flow IAT Mean | Fwd IAT Total | Fwd IAT Mean | Fwd IAT Max | Fwd IAT Min | Bwd IAT Std | Fwd URG Flags | Bwd Packets/s | min_seg_size_forward | Active Min | Idle Mean,2
1721,Bwd Packet Length Mean | Bwd Packet Length Std | Flow Bytes/s | Fwd IAT Mean | Fwd IAT Max | Bwd IAT Mean | Bwd Header Length | Packet Length Mean | Packet Length Std | URG Flag Count | Active Min | Idle Mean | Idle Std,1
1722,Destination Port | Total Fwd Packets | Total Length of Bwd Packets | Flow Packets/s | Flow IAT Max | Flow IAT Min | Fwd IAT Min | Bwd IAT Mean | Fwd Header Length | PSH Flag Count | ACK Flag Count | Idle Max | Idle Min,3
1723,Flow Duration | Total Backward Packets | Total Length of Fwd Packets | Flow Bytes/s | Flow IAT Std | Flow IAT Max | Bwd IAT Std | Bwd IAT Min | Packet Length Std | URG Flag Count | ECE Flag Count | Active Min | Idle Min,1
1724,Flow Duration | Total Length of Fwd Packets | Total Length of Bwd Packets | Flow IAT Mean | Fwd IAT Std | Bwd IAT Total | Bwd Header Length | Bwd Packets/s | RST Flag Count | ACK Flag Count | Down/Up Ratio | Init_Win_bytes_forward | Active Max,2
1725,Total Fwd Packets | Flow Bytes/s | Flow IAT Mean | Fwd IAT Std | Fwd IAT Max | Bwd IAT Min | Fwd URG Flags | Min Packet Length | Packet Length Std | min_seg_size_forward | Active Max | Active Min | Idle Min,3
1726,Flow Duration | Bwd Packet Length Max | Fwd IAT Std | Bwd IAT Min | Fwd Header Length | Bwd Header Length | Packet Length Std | ACK Flag Count | ECE Flag Count | Down/Up Ratio | Idle Mean | Idle Max | Idle Min,1
1727,Destination Port | Total Length of Bwd Packets | Fwd Packet Length Min | Flow Bytes/s | Bwd IAT Total | Bwd IAT Std | Bwd IAT Min | Fwd URG Flags | Fwd Packets/s | PSH Flag Count | Down/Up Ratio | min_seg_size_forward | Active Mean,3
1728,Total Length of Fwd Packets | Bwd Packet Length Max | Bwd Packet Length Min | Flow Packets/s | Flow IAT Min | Fwd IAT Min | Bwd IAT Total | Bwd IAT Min | Fwd URG Flags | Fwd Header Length | FIN Flag Count | Active Std | Idle Max,4
1729,Total Backward Packets | Bwd Packet Length Min | Flow Bytes/s | Fwd IAT Mean | Fwd IAT Std | Fwd IAT Min | Bwd Packets/s | URG Flag Count | Init_Win_bytes_backward | min_seg_size_forward | Active Mean | Active Max | Idle Max,4
1730,Fwd Packet Length Mean | Bwd Packet Length Std | Flow Packets/s | Flow IAT Mean | Bwd IAT Mean | Bwd IAT Max | Packet Length Std | FIN Flag Count | RST Flag Count | URG Flag Count | ECE Flag Count | min_seg_size_forward | Active Std,3
1731,Flow Duration | Total Length of Bwd Packets | Fwd Packet Length Std | Bwd Packet Length Min | Bwd Packet Length Mean | Fwd IAT Std | Bwd IAT Total | Bwd IAT Max | PSH Flag Count | URG Flag Count | Down/Up Ratio | Average Packet Size | min_seg_size_forward,2
1732,Fwd Packet Length Mean | Fwd Packet Length Std | Flow IAT Min | Fwd IAT Min | Bwd IAT Min | Fwd Header Length | Packet Length Std | URG Flag Count | Down/Up Ratio | min_seg_size_forward | Active Max | Idle Std | Idle Max,4
1733,Fwd Packet Length Max | Fwd Packet Length Min | Fwd Packet Length Mean | Flow IAT Mean | Flow IAT Std | Fwd IAT Mean | Fwd IAT Min | Fwd Packets/s | Max Packet Length | ACK Flag Count | Init_Win_bytes_forward | Active Max | Active Min,3
1734,Fwd Packet Length Min | Bwd Packet Length Min | Flow IAT Mean | Bwd IAT Mean | Fwd Header Length | Min Packet Length | RST Flag Count | ECE Flag Count | Average Packet Size | Init_Win_bytes_backward | Active Mean | Active Std | Idle Std,4
1735,Total Backward Packets | Bwd Packet Length Std | Flow IAT Mean | Flow IAT Max | Flow IAT Min | Fwd IAT Std | Fwd PSH Flags | Fwd URG Flags | Packet Length Std | ACK Flag Count | Average Packet Size | Init_Win_bytes_backward | Active Mean,3
1736,Destination Port | Total Backward Packets | Total Length of Fwd Packets | Fwd Packet Length Mean | Bwd Packet Length Min | Flow IAT Std | Fwd IAT Std | Fwd PSH Flags | Packet Length Mean | PSH Flag Count | Init_Win_bytes_backward | act_data_pkt_fwd | Active Max,4
1737,Total Backward Packets | Total Length of Bwd Packets | Bwd Packet Length Std | Flow Packets/s | Flow IAT Min | Fwd IAT Std | Bwd IAT Total | Max Packet Length | Packet Length Std | PSH Flag Count | URG Flag Count | Active Mean | Idle Min,3
1738,Total Backward Packets | Total Length of Bwd Packets | Bwd Packet Length Max | Bwd Packet Length Std | Flow Bytes/s | Flow IAT Std | Fwd IAT Mean | Fwd IAT Min | Fwd Packets/s | PSH Flag Count | Average Packet Size | Active Std | Active Min,2
1739,Total Backward Packets | Total Length of Bwd Packets | Fwd Packet Length Mean | Bwd Packet Length Std | Flow Bytes/s | Fwd IAT Mean | Fwd IAT Min | Fwd URG Flags | Min Packet Length | Max Packet Length | Down/Up Ratio | Average Packet Size | Active Min,4
1740,Total Length of Bwd Packets | Fwd IAT Std | Bwd IAT Max | Bwd IAT Min | Fwd Header Length | Bwd Header Length | Bwd Packets/s | Max Packet Length | Packet Length Std | ACK Flag Count | ECE Flag Count | act_data_pkt_fwd | min_seg_size_forward,4
1741,Fwd Packet Length Mean | Fwd Packet Length Std | Bwd Packet Length Max | Bwd Packet Length Std | Bwd IAT Std | Bwd IAT Max | Bwd IAT Min | Fwd PSH Flags | Packet Length Mean | PSH Flag Count | ACK Flag Count | Average Packet Size | act_data_pkt_fwd,3
1742,Total Length of Fwd Packets | Fwd Packet Length Min | Fwd Packet Length Mean | Flow Bytes/s | Flow IAT Min | Fwd IAT Max | Bwd IAT Std | Bwd Header Length | Min Packet Length | PSH Flag Count | ACK Flag Count | URG Flag Count | Active Std,2
1743,Total Length of Fwd Packets | Fwd Packet Length Min | Flow IAT Mean | Flow IAT Max | Fwd IAT Total | Fwd IAT Std | Fwd IAT Min | Bwd IAT Std | Fwd Header Length | FIN Flag Count | min_seg_size_forward | Active Std | Idle Mean,2
1744,Destination Port | Flow Duration | Fwd Packet Length Max | Bwd Packet Length Max | Fwd IAT Mean | Fwd IAT Max | Fwd IAT Min | Bwd IAT Min | Packet Length Std | ECE Flag Count | Down/Up Ratio | Init_Win_bytes_backward | Idle Std,4
1745,Fwd Packet Length Min | Fwd Packet Length Std | Bwd Packet Length Min | Bwd IAT Max | Fwd URG Flags | Fwd Header Length | Fwd Packets/s | Max Packet Length | PSH Flag Count | Down/Up Ratio | Init_Win_bytes_backward | Active Std | Active Max,3
1746,Destination Port | Flow Duration | Fwd Packet Length Min | Fwd Packet Length Mean | Flow Bytes/s | Flow Packets/s | Fwd IAT Mean | Fwd IAT Max | Bwd IAT Total | Bwd Header Length | ACK Flag Count | act_data_pkt_fwd | Idle Mean,2
1747,Total Length of Fwd Packets | Fwd Packet Length Max | Bwd Packet Length Min | Flow IAT Mean | Fwd IAT Mean | Bwd IAT Std | Packet Length Std | FIN Flag Count | RST Flag Count | Down/Up Ratio | Average Packet Size | Init_Win_bytes_forward | Idle Min,3
1748,Flow Duration | Total Backward Packets | Bwd Packet Length Min | Bwd Packet Length Std | Flow IAT Max | Bwd IAT Min | Fwd Packets/s | PSH Flag Count | ECE Flag Count | Init_Win_bytes_backward | act_data_pkt_fwd | Active Min | Idle Min,5
1749,Fwd Packet Length Max | Fwd Packet Length Mean | Bwd Packet Length Max | Bwd Packet Length Mean | Flow Bytes/s | Flow IAT Std | Fwd IAT Max | Bwd IAT Mean | Fwd URG Flags | Max Packet Length | Packet Length Std | RST Flag Count | Active Std,2
1750,Flow Duration | Total Fwd Packets | Fwd Packet Length Std | Bwd Packet Length Min | Fwd IAT Std | Bwd IAT Max | Fwd URG Flags | Fwd Header Length | Bwd Header Length | Max Packet Length | URG Flag Count | Init_Win_bytes_backward | Idle Min,3
1751,Destination Port | Flow Duration | Total Length of Bwd Packets | Bwd Packet Length Max | Flow Packets/s | Flow IAT Min | Fwd PSH Flags | Fwd Packets/s | ACK Flag Count | URG Flag Count | Active Std | Idle Std | Idle Min,2
1752,Total Fwd Packets | Fwd Packet Length Std | Flow Packets/s | Fwd IAT Max | Bwd IAT Total | Bwd IAT Mean | Fwd URG Flags | Fwd Header Length | Max Packet Length | Packet Length Mean | Average Packet Size | Active Min | Idle Max,1
1753,Fwd Packet Length Min | Fwd Packet Length Mean | Fwd Packet Length Std | Fwd IAT Min | Bwd IAT Mean | Bwd Header Length | Fwd Packets/s | Packet Length Mean | URG Flag Count | Down/Up Ratio | min_seg_size_forward | Active Min | Idle Mean,2
1754,Total Fwd Packets | Total Length of Fwd Packets | Bwd Packet Length Max | Fwd IAT Mean | Fwd Header Length | Fwd Packets/s | Min Packet Length | Max Packet Length | PSH Flag Count | Down/Up Ratio | Init_Win_bytes_backward | min_seg_size_forward | Active Mean,4
1755,Total Length of Bwd Packets | Fwd Packet Length Max | Bwd Packet Length Min | Flow IAT Mean | Flow IAT Min | Fwd IAT Total | Bwd IAT Min | Fwd PSH Flags | Fwd URG Flags | Fwd Packets/s | Packet Length Mean | URG Flag Count | ECE Flag Count,3
1756,Destination Port | Fwd Packet Length Min | Fwd Packet Length Std | Bwd Packet Length Max | Bwd Packet Length Mean | Fwd IAT Std | Bwd IAT Total | Max Packet Length | PSH Flag Count | ACK Flag Count | min_seg_size_forward | Active Max | Idle Mean,3
1757,Total Length of Bwd Packets | Bwd Packet Length Max | Fwd IAT Mean | Bwd IAT Std | Bwd IAT Min | Fwd URG Flags | Fwd Packets/s | Bwd Packets/s | URG Flag Count | Init_Win_bytes_forward | Init_Win_bytes_backward | Active Min | Idle Max,3
1758,Flow Duration | Total Fwd Packets | Fwd Packet Length Max | Bwd Packet Length Min | Flow Packets/s | Flow IAT Std | Bwd IAT Std | Bwd IAT Min | Packet Length Std | RST Flag Count | ACK Flag Count | Average Packet Size | Idle Max,3
1759,Flow Duration | Total Backward Packets | Fwd Packet Length Max | Flow Packets/s | Bwd IAT Total | Fwd Header Length | Bwd Header Length | Fwd Packets/s | Max Packet Length | ECE Flag Count | Average Packet Size | Init_Win_bytes_forward | Idle Max,2
1760,Total Length of Bwd Packets | Fwd Packet Length Max | Bwd Packet Length Max | Flow Packets/s | Fwd IAT Mean | Bwd Header Length | Bwd Packets/s | ACK Flag Count | ECE Flag Count | Down/Up Ratio | min_seg_size_forward | Idle Std | Idle Max,1
1761,Total Length of Fwd Packets | Bwd Packet Length Min | Fwd IAT Mean | Bwd IAT Max | Bwd IAT Min | Fwd URG Flags | Bwd Packets/s | URG Flag Count | Active Std | Active Max | Active Min | Idle Mean | Idle Min,2
1762,Destination Port | Fwd Packet Length Max | Fwd Packet Length Min | Bwd Packet Length Std | Fwd IAT Max | Bwd IAT Min | Fwd PSH Flags | Fwd URG Flags | ECE Flag Count | Down/Up Ratio | Average Packet Size | Active Std | Idle Mean,3
1763,Total Backward Packets | Bwd Packet Length Min | Flow Packets/s | Flow IAT Std | Bwd IAT Mean | Bwd IAT Min | Min Packet Length | Packet Length Mean | Packet Length Std | FIN Flag Count | URG Flag Count | Active Std | Idle Max,3
1764,Bwd Packet Length Min | Flow Bytes/s | Flow IAT Mean | Flow IAT Min | Fwd IAT Max | Min Packet Length | RST Flag Count | URG Flag Count | ECE Flag Count | Active Mean | Active Std | Idle Mean | Idle Max,4
1765,Destination Port | Total Backward Packets | Fwd Packet Length Max | Fwd Packet Length Min | Bwd Packet Length Max | Flow IAT Mean | Fwd IAT Mean | Max Packet Length | FIN Flag Count | RST Flag Count | URG Flag Count | Active Min | Idle Max,3
1766,Total Fwd Packets | Fwd Packet Length Max | Fwd Packet Length Min | Bwd Packet Length Min | Fwd IAT Total | Bwd IAT Total | Bwd Header Length | Max Packet Length | FIN Flag Count | RST Flag Count | min_seg_size_forward | Active Mean | Active Std,4
1767,Total Backward Packets | Fwd Packet Length Min | Fwd Packet Length Std | Bwd Packet Length Min | Flow IAT Std | Flow IAT Max | Bwd IAT Std | Bwd IAT Min | Fwd Packets/s | Bwd Packets/s | FIN Flag Count | act_data_pkt_fwd | Active Max,3
1768,Total Backward Packets | Total Length of Fwd Packets | Total Length of Bwd Packets | Bwd Packet Length Std | Fwd IAT Max | Bwd IAT Mean | Bwd IAT Std | Bwd IAT Max | Fwd PSH Flags | Bwd Header Length | PSH Flag Count | ECE Flag Count | min_seg_size_forward,2
1769,Flow Duration | Bwd Packet Length Std | Flow Packets/s | Bwd IAT Std | Bwd IAT Max | Packet Length Mean | PSH Flag Count | URG Flag Count | Down/Up Ratio | min_seg_size_forward | Active Max | Idle Mean | Idle Min,2
1770,Total Backward Packets | Total Length of Fwd Packets | Fwd Packet Length Max | Bwd Packet Length Max | Bwd IAT Std | Bwd IAT Max | Min Packet Length | PSH Flag Count | Init_Win_bytes_backward | Active Mean | Active Max | Active Min | Idle Mean,2
1771,Destination Port | Flow Duration | Fwd Packet Length Std | Bwd IAT Mean | Bwd IAT Min | Fwd Header Length | Max Packet Length | RST Flag Count | URG Flag Count | Active Mean | Active Max | Active Min | Idle Min,4
1772,Fwd Packet Length Max | Fwd Packet Length Std | Bwd Packet Length Std | Flow Packets/s | Fwd IAT Min | Bwd IAT Mean | Packet Length Std | Init_Win_bytes_forward | Active Mean | Active Std | Active Min | Idle Mean | Idle Min,3
1773,Total Fwd Packets | Fwd Packet Length Mean | Flow IAT Mean | Fwd IAT Total | Fwd IAT Mean | Fwd IAT Max | Bwd IAT Min | Max Packet Length | ECE Flag Count | Init_Win_bytes_forward | min_seg_size_forward | Active Std | Idle Max,4
1774,Flow Duration | Fwd Packet Length Mean | Flow IAT Mean | Fwd PSH Flags | Fwd Header Length | Fwd Packets/s | Max Packet Length | Packet Length Mean | RST Flag Count | PSH Flag Count | Init_Win_bytes_forward | min_seg_size_forward | Idle Mean,4
1775,Fwd Packet Length Max | Fwd Packet Length Std | Bwd Packet Length Max | Bwd Packet Length Mean | Flow Packets/s | Flow IAT Mean | Fwd IAT Std | Bwd IAT Std | Bwd IAT Max | Bwd IAT Min | Fwd PSH Flags | Max Packet Length | Down/Up Ratio,2
1776,Flow Duration | Flow Packets/s | Flow IAT Max | Fwd IAT Mean | Fwd IAT Max | Bwd IAT Total | Bwd IAT Std | Bwd Header Length | Down/Up Ratio | Init_Win_bytes_backward | Active Std | Active Max | Active Min,1
1777,Total Fwd Packets | Total Backward Packets | Total Length of Fwd Packets | Bwd Packet Length Max | Bwd Packet Length Mean | Flow Packets/s | Bwd IAT Total | Fwd Packets/s | Packet Length Std | PSH Flag Count | Active Max | Idle Std | Idle Max,0
1778,Fwd Packet Length Max | Bwd Packet Length Min | Flow IAT Mean | Bwd IAT Total | Bwd IAT Min | Bwd Header Length | Down/Up Ratio | Init_Win_bytes_forward | Init_Win_bytes_backward | min_seg_size_forward | Active Mean | Idle Std | Idle Max,5
1779,Total Backward Packets | Total Length of Fwd Packets | Bwd Packet Length Max | Bwd Packet Length Mean | Flow IAT Std | Fwd IAT Min | Bwd IAT Total | Bwd Packets/s | Max Packet Length | Down/Up Ratio | Average Packet Size | Idle Std | Idle Min,2
1780,Total Backward Packets | Total Length of Bwd Packets | Bwd Packet Length Mean | Flow IAT Mean | Flow IAT Max | Flow IAT Min | Bwd IAT Mean | Bwd IAT Std | Bwd IAT Min | URG Flag Count | Init_Win_bytes_backward | act_data_pkt_fwd | Active Min,4
1781,Total Fwd Packets | Bwd Packet Length Min | Bwd Packet Length Std | Flow Packets/s | Fwd IAT Mean | Fwd IAT Max | Fwd IAT Min | Bwd Packets/s | Min Packet Length | RST Flag Count | PSH Flag Count | Active Mean | Idle Min,5
1782,Flow Duration | Fwd Packet Length Max | Bwd Packet Length Max | Bwd Packet Length Std | Flow IAT Std | Flow IAT Max | Flow IAT Min | Fwd PSH Flags | FIN Flag Count | ACK Flag Count | Init_Win_bytes_forward | act_data_pkt_fwd | Active Min,4
1783,Destination Port | Total Length of Bwd Packets | Bwd Packet Length Min | Flow IAT Max | Fwd URG Flags | Fwd Header Length | Bwd Packets/s | Packet Length Std | RST Flag Count | Active Max | Idle Mean | Idle Max | Idle Min,3
1784,Flow Duration | Total Backward Packets | Bwd Packet Length Min | Bwd Packet Length Std | Flow Bytes/s | Flow IAT Max | Flow IAT Min | Fwd IAT Mean | Bwd IAT Std | Bwd IAT Min | Fwd Packets/s | Packet Length Std | ACK Flag Count,4
1785,Total Backward Packets | Total Length of Fwd Packets | Total Length of Bwd Packets | Fwd Packet Length Min | Bwd Packet Length Max | Bwd Packet Length Std | Flow IAT Max | Fwd IAT Max | Bwd IAT Std | RST Flag Count | Average Packet Size | Idle Max | Idle Min,2
1786,Total Fwd Packets | Total Length of Bwd Packets | Fwd Packet Length Mean | Bwd Packet Length Max | Flow IAT Mean | Bwd IAT Total | Fwd Header Length | Min Packet Length | PSH Flag Count | Init_Win_bytes_forward | act_data_pkt_fwd | Idle Std | Idle Max,3
1787,Destination Port | Fwd Packet Length Mean | Flow Bytes/s | Flow Packets/s | Fwd IAT Total | Fwd IAT Std | Bwd IAT Total | Fwd PSH Flags | Init_Win_bytes_forward | Init_Win_bytes_backward | act_data_pkt_fwd | Active Min | Idle Max,4
1788,Total Fwd Packets | Total Backward Packets | Bwd Packet Length Mean | Bwd Packet Length Std | Flow IAT Max | Fwd IAT Mean | Packet Length Std | FIN Flag Count | PSH Flag Count | ACK Flag Count | Average Packet Size | Active Mean | Idle Min,1
1789,Destination Port | Flow IAT Mean | Flow IAT Std | Fwd IAT Total | Bwd IAT Total | Bwd IAT Mean | Bwd IAT Max | Fwd PSH Flags | Min Packet Length | Packet Length Mean | FIN Flag Count | Down/Up Ratio | Idle Std,2
1790,Total Backward Packets | Fwd Packet Length Std | Bwd Packet Length Mean | Flow Packets/s | Fwd IAT Total | Bwd IAT Mean | Max Packet Length | Packet Length Mean | Init_Win_bytes_forward | min_seg_size_forward | Active Max | Active Min | Idle Min,3
1791,Fwd Packet Length Max | Bwd Packet Length Std | Flow IAT Max | Bwd IAT Total | Fwd URG Flags | Bwd Header Length | Bwd Packets/s | Min Packet Length | Packet Length Mean | PSH Flag Count | ACK Flag Count | ECE Flag Count | Active Max,2
1792,Flow Duration | Fwd Packet Length Min | Fwd Packet Length Std | Bwd Packet Length Min | Flow Packets/s | Flow IAT Min | Bwd IAT Mean | Bwd IAT Min | Packet Length Mean | PSH Flag Count | URG Flag Count | min_seg_size_forward | Idle Mean,4
1793,Flow Duration | Total Backward Packets | Fwd Packet Length Max | Bwd Packet Length Max | Flow Packets/s | Fwd IAT Max | Bwd IAT Std | Bwd IAT Max | Bwd Packets/s | Down/Up Ratio | Active Min | Idle Std | Idle Max,0
1794,Destination Port | Bwd Packet Length Mean | Bwd Packet Length Std | Flow Packets/s | Fwd IAT Total | Bwd IAT Max | Fwd PSH Flags | Min Packet Length | Max Packet Length | FIN Flag Count | RST Flag Count | Init_Win_bytes_forward | min_seg_size_forward,7
1795,Destination Port | Total Fwd Packets | Total Length of Fwd Packets | Bwd Packet Length Max | Bwd Packet Length Min | Bwd Packet Length Mean | Fwd IAT Total | Fwd URG Flags | Fwd Header Length | Fwd Packets/s | Active Std | Active Max | Active Min,2
1796,Bwd Packet Length Max | Fwd IAT Total | Fwd IAT Std | Fwd IAT Max | Fwd Header Length | Bwd Packets/s | Packet Length Mean | URG Flag Count | ECE Flag Count | Init_Win_bytes_forward | Active Std | Idle Std | Idle Max,1
1797,Flow Duration | Total Fwd Packets | Total Length of Bwd Packets | Bwd Packet Length Min | Flow IAT Std | Bwd IAT Mean | Fwd URG Flags | Bwd Header Length | ECE Flag Count | Average Packet Size | min_seg_size_forward | Active Min | Idle Max,2
1798,Total Length of Bwd Packets | Bwd Packet Length Min | Flow Bytes/s | Flow Packets/s | Flow IAT Mean | Flow IAT Min | Fwd IAT Mean | Bwd IAT Mean | Fwd URG Flags | Bwd Header Length | Bwd Packets/s | ACK Flag Count | Idle Mean,2
1799,Total Fwd Packets | Fwd Packet Length Std | Bwd Packet Length Min | Flow IAT Max | Fwd IAT Std | Fwd PSH Flags | Bwd Header Length | Packet Length Mean | Packet Length Std | URG Flag Count | Average Packet Size | Active Mean | Idle Mean,1
1800,Fwd Packet Length Std | Bwd Packet Length Min | Bwd Packet Length Std | Flow Bytes/s | Flow IAT Std | Fwd IAT Min | Fwd Header Length | Max Packet Length | Packet Length Std | ACK Flag Count | Down/Up Ratio | Init_Win_bytes_backward | Active Mean,5
1801,Destination Port | Fwd Packet Length Max | Fwd Packet Length Std | Bwd Packet Length Max | Flow Packets/s | Flow IAT Max | Fwd IAT Min | Bwd IAT Std | Bwd IAT Min | Fwd PSH Flags | URG Flag Count | act_data_pkt_fwd | min_seg_size_forward,5
1802,Destination Port | Bwd Packet Length Min | Bwd Packet Length Mean | Bwd Packet Length Std | Flow IAT Mean | Flow IAT Min | Bwd IAT Mean | Bwd IAT Max | Fwd Header Length | Fwd Packets/s | Packet Length Mean | RST Flag Count | URG Flag Count,5
1803,Destination Port | Total Fwd Packets | Fwd Packet Length Min | Bwd Packet Length Std | Flow Packets/s | Fwd IAT Mean | Fwd IAT Min | Bwd IAT Min | Packet Length Std | PSH Flag Count | URG Flag Count | Idle Mean | Idle Max,4
1804,Destination Port | Total Backward Packets | Fwd Packet Length Max | Fwd Packet Length Std | Flow IAT Min | Fwd IAT Std | Bwd IAT Max | Fwd URG Flags | Packet Length Mean | Packet Length Std | Active Std | Idle Mean | Idle Std,2
1805,Bwd Packet Length Mean | Flow Bytes/s | Fwd IAT Total | Fwd IAT Max | Bwd IAT Total | Bwd IAT Mean | Bwd IAT Max | Bwd Packets/s | RST Flag Count | PSH Flag Count | min_seg_size_forward | Idle Std | Idle Min,2
1806,Fwd Packet Length Max | Bwd Packet Length Min | Bwd Packet Length Mean | Flow IAT Max | Fwd IAT Total | Fwd IAT Min | Bwd IAT Total | Fwd URG Flags | Fwd Packets/s | FIN Flag Count | ACK Flag Count | Init_Win_bytes_backward | Idle Mean,3
1807,Total Fwd Packets | Total Length of Fwd Packets | Fwd Packet Length Max | Bwd Packet Length Mean | Flow Packets/s | Flow IAT Mean | Fwd IAT Mean | Bwd IAT Total | Bwd IAT Std | Bwd IAT Min | Bwd Header Length | Packet Length Std | RST Flag Count,2
1808,Destination Port | Flow Duration | Total Backward Packets | Fwd Packet Length Min | Fwd Packet Length Mean | Flow Packets/s | Flow IAT Max | Fwd IAT Total | Packet Length Mean | Init_Win_bytes_forward | Active Std | Idle Mean | Idle Std,2
1809,Destination Port | Flow Duration | Fwd Packet Length Min | Bwd Packet Length Min | Flow IAT Std | Flow IAT Min | Bwd Header Length | Fwd Packets/s | FIN Flag Count | Init_Win_bytes_forward | Active Max | Active Min | Idle Max,4
1810,Destination Port | Total Fwd Packets | Total Length of Fwd Packets | Bwd Packet Length Std | Flow Bytes/s | Fwd Header Length | Fwd Packets/s | Min Packet Length | FIN Flag Count | RST Flag Count | Init_Win_bytes_backward | act_data_pkt_fwd | Active Min,6
1811,Fwd Packet Length Std | Bwd Packet Length Max | Flow IAT Min | Bwd IAT Total | Bwd IAT Mean | Fwd Packets/s | Bwd Packets/s | ECE Flag Count | Init_Win_bytes_forward | act_data_pkt_fwd | Active Min | Idle Max | Idle Min,3
1812,Destination Port | Flow Duration | Total Length of Bwd Packets | Bwd IAT Max | Fwd PSH Flags | Bwd Header Length | Packet Length Mean | FIN Flag Count | act_data_pkt_fwd | Active Mean | Active Std | Active Max | Idle Max,2
1813,Destination Port | Total Fwd Packets | Fwd Packet Length Min | Bwd Packet Length Std | Fwd IAT Std | Fwd IAT Max | Bwd IAT Total | RST Flag Count | Down/Up Ratio | Average Packet Size | Active Max | Active Min | Idle Mean,3
1814,Total Backward Packets | Total Length of Fwd Packets | Fwd Packet Length Mean | Bwd Packet Length Max | Fwd IAT Total | Fwd IAT Max | Bwd Packets/s | Packet Length Std | FIN Flag Count | Init_Win_bytes_forward | Init_Win_bytes_backward | act_data_pkt_fwd | Idle Max,3
1815,Total Backward Packets | Fwd Packet Length Max | Flow IAT Min | Fwd IAT Mean | Fwd IAT Min | Bwd IAT Max | Fwd PSH Flags | Fwd Header Length | Packet Length Std | RST Flag Count | Average Packet Size | Active Max | Idle Min,3
1816,Total Fwd Packets | Fwd Packet Length Max | Fwd Packet Length Std | Bwd Packet Length Max | Bwd Packet Length Std | Flow IAT Max | Fwd IAT Max | Fwd URG Flags | Min Packet Length | Packet Length Mean | Average Packet Size | Init_Win_bytes_backward | Idle Mean,3
1817,Flow Duration | Fwd Packet Length Mean | Fwd Packet Length Std | Bwd Packet Length Min | Fwd IAT Total | Bwd Packets/s | Packet Length Mean | RST Flag Count | URG Flag Count | Down/Up Ratio | Average Packet Size | Init_Win_bytes_backward | Idle Min,3
1818,Total Backward Packets | Total Length of Bwd Packets | Bwd Packet Length Max | Flow Packets/s | Flow IAT Std | Fwd IAT Min | Bwd IAT Min | Fwd Header Length | Min Packet Length | FIN Flag Count | Average Packet Size | act_data_pkt_fwd | Idle Mean,4
1819,Flow Duration | Total Fwd Packets | Fwd Packet Length Std | Flow Packets/s | Fwd IAT Mean | Bwd IAT Total | Bwd IAT Max | Fwd PSH Flags | Min Packet Length | URG Flag Count | Init_Win_bytes_forward | Active Mean | Active Max,2
1820,Flow Duration | Fwd Packet Length Min | Bwd Packet Length Min | Bwd Packet Length Std | Flow IAT Std | Fwd IAT Total | Bwd Packets/s | Min Packet Length | FIN Flag Count | RST Flag Count | URG Flag Count | Average Packet Size | Active Mean,4
1821,Destination Port | Total Length of Bwd Packets | Fwd Packet Length Mean | Flow Packets/s | Flow IAT Std | Fwd IAT Max | Bwd IAT Mean | Bwd IAT Std | Bwd Header Length | Packet Length Mean | Packet Length Std | Average Packet Size | act_data_pkt_fwd,2
1822,Total Fwd Packets | Fwd Packet Length Mean | Bwd Packet Length Max | Flow Bytes/s | Flow IAT Std | Fwd IAT Mean | Fwd IAT Min | Bwd IAT Total | Bwd IAT Max | Down/Up Ratio | Active Max | Active Min | Idle Min,1
1823,Flow Duration | Total Length of Fwd Packets | Total Length of Bwd Packets | Flow Bytes/s | Flow Packets/s | Flow IAT Min | Bwd IAT Max | Fwd Header Length | Fwd Packets/s | Bwd Packets/s | Min Packet Length | Max Packet Length | Active Mean,3
1824,Fwd Packet Length Max | Fwd Packet Length Std | Bwd Packet Length Min | Fwd IAT Min | Bwd IAT Std | Bwd IAT Min | Min Packet Length | Packet Length Std | FIN Flag Count | Down/Up Ratio | Init_Win_bytes_backward | Active Max | Active Min,5
1825,Destination Port | Fwd Packet Length Max | Bwd Packet Length Mean | Bwd Packet Length Std | Flow Bytes/s | Flow IAT Max | Flow IAT Min | Bwd IAT Std | Fwd Header Length | ECE Flag Count | Down/Up Ratio | Active Min | Idle Mean,3
1826,Total Length of Bwd Packets | Fwd Packet Length Min | Fwd Packet Length Mean | Bwd Packet Length Max | Bwd Packet Length Std | Fwd IAT Mean | Fwd IAT Std | Fwd Packets/s | Min Packet Length | RST Flag Count | Down/Up Ratio | min_seg_size_forward | Idle Min,4
1827,Total Fwd Packets | Total Backward Packets | Bwd Packet Length Max | Bwd Packet Length Mean | Bwd Packet Length Std | Flow IAT Mean | Flow IAT Min | Fwd IAT Total | Fwd IAT Mean | Fwd URG Flags | Bwd Packets/s | Active Min | Idle Max,2
1828,Flow Duration | Fwd Packet Length Min | Bwd Packet Length Max | Fwd IAT Std | Fwd IAT Max | Bwd IAT Total | Bwd IAT Mean | Bwd Packets/s | Packet Length Std | URG Flag Count | act_data_pkt_fwd | Active Max | Active Min,1
1829,Total Length of Bwd Packets | Fwd Packet Length Mean | Bwd Packet Length Max | Bwd Packet Length Min | Fwd IAT Total | Fwd PSH Flags | Packet Length Mean | Packet Length Std | RST Flag Count | Init_Win_bytes_forward | Init_Win_bytes_backward | min_seg_size_forward | Active Mean,5
1830,Destination Port | Total Fwd Packets | Total Length of Bwd Packets | Bwd Packet Length Max | Bwd Packet Length Min | Flow IAT Min | Bwd IAT Std | Fwd Header Length | Bwd Header Length | Fwd Packets/s | Packet Length Mean | Down/Up Ratio | Idle Std,3
1831,Flow Duration | Total Backward Packets | Fwd Packet Length Mean | Flow Bytes/s | Bwd IAT Mean | Bwd IAT Std | Fwd PSH Flags | Min Packet Length | FIN Flag Count | ACK Flag Count | Down/Up Ratio | Active Mean | Active Std,1
1832,Total Length of Fwd Packets | Fwd Packet Length Mean | Bwd Packet Length Mean | Fwd IAT Mean | Fwd IAT Std | Fwd IAT Min | Bwd Header Length | Down/Up Ratio | Average Packet Size | Init_Win_bytes_forward | Active Std | Idle Std | Idle Max,2
1833,Flow Duration | Total Length of Fwd Packets | Fwd Packet Length Mean | Bwd Packet Length Std | Fwd IAT Min | Fwd URG Flags | Bwd Packets/s | Min Packet Length | FIN Flag Count | Active Std | Active Max | Active Min | Idle Max,3
1834,Total Length of Bwd Packets | Bwd Packet Length Mean | Flow IAT Mean | Flow IAT Min | Fwd IAT Total | Bwd IAT Total | Bwd IAT Mean | Bwd IAT Max | Fwd Packets/s | Bwd Packets/s | Max Packet Length | RST Flag Count | ECE Flag Count,3
1835,Fwd Packet Length Max | Bwd Packet Length Mean | Bwd Packet Length Std | Flow IAT Max | Flow IAT Min | Fwd IAT Mean | Bwd IAT Std | Fwd PSH Flags | Fwd URG Flags | Fwd Packets/s | RST Flag Count | URG Flag Count | ECE Flag Count,3
1836,Destination Port | Total Backward Packets | Fwd Packet Length Mean | Bwd Packet Length Std | Flow Packets/s | Flow IAT Std | Flow IAT Min | Fwd IAT Std | Bwd IAT Max | Packet Length Std | Down/Up Ratio | Active Max | Idle Mean,3
1837,Destination Port | Flow Duration | Total Length of Fwd Packets | Flow IAT Mean | Flow IAT Std | Flow IAT Min | Fwd IAT Total | Fwd IAT Max | Bwd IAT Min | Bwd Header Length | Min Packet Length | Init_Win_bytes_backward | Active Max,5
1838,Fwd Packet Length Max | Bwd Packet Length Min | Flow IAT Min | Fwd IAT Total | Fwd IAT Min | Bwd IAT Total | Bwd IAT Std | Bwd IAT Max | Fwd Header Length | RST Flag Count | min_seg_size_forward | Active Std | Idle Mean,5
1839,Fwd Packet Length Min | Fwd Packet Length Std | Bwd Packet Length Max | Flow Bytes/s | Fwd IAT Max | Bwd IAT Max | Fwd PSH Flags | Fwd Header Length | Max Packet Length | FIN Flag Count | RST Flag Count | Active Mean | Active Std,2
1840,Destination Port | Flow Duration | Total Fwd Packets | Total Length of Bwd Packets | Fwd Packet Length Mean | Fwd Packet Length Std | Fwd IAT Min | Bwd Packets/s | Max Packet Length | RST Flag Count | PSH Flag Count | act_data_pkt_fwd | min_seg_size_forward,6
1841,Total Fwd Packets | Total Backward Packets | Total Length of Fwd Packets | Bwd Packet Length Mean | Bwd Packet Length Std | Flow Packets/s | Flow IAT Std | Fwd IAT Std | Bwd IAT Total | Packet Length Std | RST Flag Count | Idle Mean | Idle Max,2
1842,Total Fwd Packets | Bwd Packet Length Mean | Fwd IAT Max | Bwd IAT Mean | Fwd Header Length | Fwd Packets/s | Min Packet Length | Packet Length Std | FIN Flag Count | Average Packet Size | act_data_pkt_fwd | min_seg_size_forward | Active Max,3
1843,Destination Port | Total Backward Packets | Fwd IAT Mean | Fwd IAT Max | Fwd IAT Min | Bwd IAT Total | Bwd IAT Min | FIN Flag Count | RST Flag Count | URG Flag Count | Active Mean | Active Std | Idle Std,4
1844,Total Backward Packets | Total Length of Fwd Packets | Bwd Packet Length Max | Flow Bytes/s | Fwd IAT Min | Fwd Packets/s | Bwd Packets/s | Min Packet Length | Packet Length Mean | Average Packet Size | Init_Win_bytes_backward | Active Mean | Idle Max,3
1845,Fwd Packet Length Mean | Flow Packets/s | Flow IAT Mean | Flow IAT Std | Fwd IAT Max | Bwd IAT Mean | Bwd IAT Std | Fwd Header Length | Min Packet Length | FIN Flag Count | Down/Up Ratio | Init_Win_bytes_backward | act_data_pkt_fwd,3
1846,Flow Duration | Total Fwd Packets | Total Length of Fwd Packets | Fwd Packet Length Std | Fwd IAT Std | Fwd IAT Min | Bwd IAT Max | Fwd PSH Flags | Packet Length Mean | PSH Flag Count | Average Packet Size | act_data_pkt_fwd | Idle Std,2
1847,Fwd Packet Length Min | Fwd Packet Length Std | Bwd Packet Length Mean | Flow Packets/s | Fwd PSH Flags | Max Packet Length | Packet Length Std | RST Flag Count | URG Flag Count | Init_Win_bytes_forward | act_data_pkt_fwd | Idle Max | Idle Min,4
1848,Fwd Packet Length Max | Bwd Packet Length Std | Bwd IAT Mean | Bwd IAT Max | Bwd IAT Min | Fwd Header Length | Bwd Packets/s | ECE Flag Count | Down/Up Ratio | Init_Win_bytes_forward | Active Std | Active Max | Idle Min,3
1849,Destination Port | Bwd Packet Length Min | Flow Packets/s | Flow IAT Max | Bwd IAT Mean | Fwd URG Flags | Fwd Packets/s | Max Packet Length | FIN Flag Count | RST Flag Count | Init_Win_bytes_forward | min_seg_size_forward | Idle Max,6
1850,Flow Duration | Bwd Packet Length Max | Bwd Packet Length Std | Flow Bytes/s | Flow IAT Max | Bwd IAT Std | Fwd Header Length | Fwd Packets/s | Packet Length Mean | ACK Flag Count | URG Flag Count | Active Max | Idle Mean,1
1851,Flow Duration | Total Length of Fwd Packets | Bwd Packet Length Max | Fwd IAT Std | Fwd IAT Min | Bwd IAT Max | Fwd PSH Flags | RST Flag Count | Down/Up Ratio | Active Std | Active Max | Idle Max | Idle Min,2
1852,Total Backward Packets | Total Length of Fwd Packets | Fwd Packet Length Mean | Fwd Packet Length Std | Bwd IAT Std | Bwd Packets/s | Min Packet Length | RST Flag Count | ACK Flag Count | Average Packet Size | act_data_pkt_fwd | min_seg_size_forward | Idle Max,4
1853,Total Backward Packets | Total Length of Bwd Packets | Fwd Packet Length Max | Fwd Packet Length Min | Fwd Packet Length Std | Bwd Packet Length Min | Fwd IAT Std | Bwd IAT Min | Fwd PSH Flags | Bwd Packets/s | ECE Flag Count | Active Min | Idle Mean,2
1854,Flow Duration | Total Length of Fwd Packets | Fwd Packet Length Min | Fwd Packet Length Std | Bwd Packet Length Std | Flow IAT Max | Flow IAT Min | Fwd IAT Max | Packet Length Mean | Average Packet Size | Init_Win_bytes_forward | min_seg_size_forward | Active Mean,4
1855,Total Fwd Packets | Fwd Packet Length Max | Bwd Packet Length Std | Fwd IAT Min | Bwd IAT Min | Packet Length Mean | Packet Length Std | ACK Flag Count | Average Packet Size | act_data_pkt_fwd | Active Std | Active Min | Idle Std,4
1856,Fwd Packet Length Mean | Bwd Packet Length Max | Bwd Packet Length Mean | Bwd Packet Length Std | Flow IAT Max | Flow IAT Min | Fwd IAT Mean | Fwd IAT Max | Bwd IAT Min | Fwd URG Flags | Init_Win_bytes_backward | Active Max | Idle Mean,4
1857,Total Length of Fwd Packets | Fwd Packet Length Mean | Bwd Packet Length Max | Flow IAT Mean | Fwd IAT Std | Bwd IAT Max | Fwd PSH Flags | Fwd Header Length | Bwd Header Length | Fwd Packets/s | Max Packet Length | RST Flag Count | Active Std,2
1858,Total Fwd Packets | Total Backward Packets | Total Length of Fwd Packets | Fwd Packet Length Std | Bwd Packet Length Max | Flow IAT Min | Fwd IAT Mean | Bwd IAT Std | Fwd PSH Flags | Fwd Header Length | Bwd Header Length | Active Std | Idle Mean,1
1859,Total Length of Fwd Packets | Total Length of Bwd Packets | Fwd Packet Length Max | Fwd Packet Length Std | Flow IAT Mean | Flow IAT Max | Fwd IAT Total | Bwd IAT Std | Fwd Packets/s | Packet Length Mean | Down/Up Ratio | Init_Win_bytes_backward | Active Min,1
1860,Flow IAT Mean | Flow IAT Std | Fwd IAT Total | Fwd IAT Std | Fwd IAT Min | Bwd IAT Mean | Bwd IAT Min | Bwd Header Length | PSH Flag Count | Down/Up Ratio | Init_Win_bytes_backward | Idle Std | Idle Min,3
1861,Bwd Packet Length Max | Flow Packets/s | Flow IAT Mean | Flow IAT Max | Fwd IAT Total | Fwd IAT Std | Fwd IAT Max | Bwd IAT Total | Bwd IAT Min | Down/Up Ratio | Init_Win_bytes_forward | Active Max | Active Min,2
1862,Fwd Packet Length Mean | Fwd Packet Length Std | Flow Bytes/s | Flow IAT Max | Flow IAT Min | Fwd IAT Total | Fwd IAT Std | Bwd IAT Total | PSH Flag Count | ECE Flag Count | Active Max | Idle Max | Idle Min,1
1863,Total Fwd Packets | Total Length of Bwd Packets | Fwd Packet Length Std | Bwd Packet Length Max | Bwd Packet Length Min | Fwd IAT Std | Fwd IAT Min | Bwd Header Length | ECE Flag Count | min_seg_size_forward | Active Mean | Active Std | Active Min,3
1864,Fwd Packet Length Std | Bwd Packet Length Min | Flow IAT Std | Flow IAT Min | Fwd IAT Total | Fwd PSH Flags | Fwd Header Length | Packet Length Std | FIN Flag Count | PSH Flag Count | ACK Flag Count | Idle Max | Idle Min,2
1865,Flow Duration | Fwd Packet Length Min | Bwd Packet Length Max | Fwd IAT Min | Bwd IAT Std | Bwd IAT Max | Bwd IAT Min | Fwd Packets/s | Bwd Packets/s | Average Packet Size | act_data_pkt_fwd | Idle Mean | Idle Min,3
1866,Total Length of Bwd Packets | Fwd Packet Length Mean | Bwd Packet Length Max | Bwd Packet Length Mean | Flow IAT Max | Fwd IAT Std | Bwd IAT Std | Bwd IAT Max | Fwd Header Length | Bwd Packets/s | Min Packet Length | PSH Flag Count | Init_Win_bytes_forward,2
1867,Fwd Packet Length Mean | Bwd Packet Length Max | Bwd Packet Length Std | Flow Packets/s | Fwd IAT Min | Bwd IAT Min | Fwd URG Flags | Fwd Header Length | Bwd Packets/s | PSH Flag Count | min_seg_size_forward | Active Mean | Active Min,4
1868,Total Length of Fwd Packets | Flow Bytes/s | Flow IAT Mean | Flow IAT Std | Fwd IAT Total | Fwd Header Length | Bwd Header Length | Bwd Packets/s | Packet Length Std | RST Flag Count | Average Packet Size | Init_Win_bytes_backward | Idle Max,2
1869,Total Length of Fwd Packets | Fwd Packet Length Max | Flow IAT Max | Fwd IAT Total | Fwd IAT Mean | Fwd IAT Std | Fwd IAT Max | Fwd URG Flags | Fwd Packets/s | Bwd Packets/s | Packet Length Mean | act_data_pkt_fwd | Idle Min,1
1870,Total Length of Fwd Packets | Fwd Packet Length Max | Fwd Packet Length Mean | Bwd Packet Length Max | Bwd Packet Length Std | Fwd IAT Mean | Bwd IAT Std | Fwd PSH Flags | Fwd URG Flags | Bwd Header Length | Packet Length Std | ECE Flag Count | Idle Min,1
1871,Destination Port | Fwd Packet Length Max | Flow Bytes/s | Flow IAT Min | Fwd IAT Min | Bwd Header Length | Min Packet Length | Packet Length Std | Average Packet Size | Active Mean | Active Std | Idle Std | Idle Min,4
1872,Destination Port | Flow Duration | Total Fwd Packets | Total Length of Bwd Packets | Fwd Packet Length Max | Bwd Packet Length Mean | Bwd Packet Length Std | Flow Packets/s | Bwd IAT Std | Fwd Packets/s | Active Mean | Idle Max | Idle Min,2
1873,Total Fwd Packets | Fwd Packet Length Mean | Bwd Packet Length Std | Flow Packets/s | Flow IAT Min | Fwd IAT Std | Bwd IAT Total | Bwd IAT Std | Bwd IAT Min | Fwd Packets/s | Bwd Packets/s | ACK Flag Count | min_seg_size_forward,4
1874,Destination Port | Fwd Packet Length Min | Fwd Packet Length Mean | Bwd Packet Length Max | Bwd Packet Length Min | Flow Packets/s | Fwd PSH Flags | Min Packet Length | Packet Length Mean | FIN Flag Count | URG Flag Count | Init_Win_bytes_backward | Active Std,4
1875,Total Fwd Packets | Total Length of Bwd Packets | Flow Bytes/s | Flow Packets/s | Flow IAT Mean | Flow IAT Std | Bwd IAT Total | Min Packet Length | Packet Length Std | RST Flag Count | Average Packet Size | Active Mean | Active Std,2
1876,Flow Duration | Bwd Packet Length Std | Flow IAT Min | Fwd IAT Mean | Bwd IAT Total | Bwd IAT Mean | Fwd Header Length | Min Packet Length | PSH Flag Count | ACK Flag Count | act_data_pkt_fwd | Active Min | Idle Max,4
1877,Total Backward Packets | Fwd Packet Length Mean | Flow Packets/s | Flow IAT Max | Fwd IAT Min | Bwd IAT Min | Bwd Header Length | Bwd Packets/s | Max Packet Length | PSH Flag Count | ACK Flag Count | Active Mean | Idle Min,3
1878,Destination Port | Flow Duration | Fwd Packet Length Mean | Bwd Packet Length Max | Bwd Packet Length Std | Fwd IAT Std | Fwd IAT Max | Bwd IAT Min | FIN Flag Count | RST Flag Count | Down/Up Ratio | Init_Win_bytes_backward | Idle Mean,5
1879,Bwd Packet Length Max | Bwd Packet Length Min | Bwd Packet Length Mean | Bwd Packet Length Std | Flow IAT Min | Fwd IAT Total | Bwd IAT Max | Fwd Header Length | Bwd Packets/s | ECE Flag Count | Init_Win_bytes_forward | Active Max | Idle Max,4
1880,Total Fwd Packets | Fwd Packet Length Max | Bwd Packet Length Min | Flow Bytes/s | Flow IAT Mean | Flow IAT Min | Fwd IAT Total | Bwd IAT Std | Bwd IAT Min | Fwd Header Length | ACK Flag Count | Active Mean | Active Max,3
1881,Total Fwd Packets | Total Length of Bwd Packets | Bwd Packet Length Min | Bwd Packet Length Mean | Flow Bytes/s | Flow IAT Max | Fwd IAT Std | Bwd IAT Min | FIN Flag Count | Init_Win_bytes_backward | min_seg_size_forward | Idle Std | Idle Max,4
1882,Fwd Packet Length Std | Bwd Packet Length Max | Bwd Packet Length Min | Flow Packets/s | Fwd IAT Total | Bwd IAT Total | Bwd IAT Std | Bwd IAT Min | Packet Length Mean | Down/Up Ratio | Init_Win_bytes_forward | Active Mean | Idle Std,3
1883,Flow Duration | Flow Packets/s | Flow IAT Max | Bwd IAT Mean | Fwd PSH Flags | Fwd Packets/s | Bwd Packets/s | RST Flag Count | PSH Flag Count | Down/Up Ratio | Init_Win_bytes_backward | Active Mean | Idle Std,2
1884,Total Length of Fwd Packets | Bwd Packet Length Std | Flow Packets/s | Flow IAT Mean | Fwd IAT Min | Bwd IAT Max | Packet Length Std | RST Flag Count | ACK Flag Count | Init_Win_bytes_forward | Active Std | Active Max | Active Min,4
1885,Destination Port | Total Length of Fwd Packets | Fwd Packet Length Std | Bwd Packet Length Std | Fwd URG Flags | Bwd Packets/s | Packet Length Mean | PSH Flag Count | ACK Flag Count | URG Flag Count | Active Std | Active Min | Idle Min,2
1886,Total Length of Bwd Packets | Fwd Packet Length Min | Fwd Packet Length Mean | Bwd Packet Length Std | Fwd IAT Mean | Fwd URG Flags | Bwd Packets/s | ACK Flag Count | Average Packet Size | Init_Win_bytes_forward | Active Mean | Active Max | Active Min,2
1887,Destination Port | Fwd Packet Length Min | Flow Packets/s | Flow IAT Mean | Bwd IAT Max | Fwd Header Length | Packet Length Std | RST Flag Count | ECE Flag Count | act_data_pkt_fwd | Active Max | Idle Std | Idle Max,3
1888,Total Length of Fwd Packets | Fwd Packet Length Mean | Flow Bytes/s | Fwd IAT Min | Fwd PSH Flags | Fwd Header Length | Max Packet Length | Packet Length Mean | ACK Flag Count | ECE Flag Count | Active Mean | Active Max | Active Min,2
1889,Total Fwd Packets | Fwd Packet Length Mean | Flow Bytes/s | Flow Packets/s | Fwd IAT Total | Fwd IAT Std | Bwd IAT Total | Bwd IAT Mean | Bwd IAT Max | Fwd Header Length | Fwd Packets/s | Bwd Packets/s | Init_Win_bytes_forward,1
1890,Total Fwd Packets | Fwd Packet Length Mean | Bwd Packet Length Min | Bwd Packet Length Std | Flow Bytes/s | Fwd IAT Std | Fwd Header Length | Fwd Packets/s | RST Flag Count | ACK Flag Count | Init_Win_bytes_forward | Active Std | Active Min,4
1891,Total Backward Packets | Bwd Packet Length Min | Bwd Packet Length Std | Flow IAT Max | Fwd IAT Max | Fwd IAT Min | Bwd IAT Total | Bwd Packets/s | Max Packet Length | Packet Length Mean | FIN Flag Count | PSH Flag Count | Active Min,4
1892,Total Fwd Packets | Fwd Packet Length Max | Bwd Packet Length Mean | Bwd Packet Length Std | Fwd Packets/s | Max Packet Length | Packet Length Mean | Packet Length Std | PSH Flag Count | Average Packet Size | Active Mean | Active Max | Idle Min,2
1893,Total Fwd Packets | Total Length of Fwd Packets | Fwd Packet Length Max | Bwd Packet Length Mean | Flow Bytes/s | Fwd IAT Min | Bwd IAT Max | Bwd Packets/s | Max Packet Length | Packet Length Mean | FIN Flag Count | Down/Up Ratio | Active Min,2
1894,Destination Port | Total Length of Bwd Packets | Fwd Packet Length Max | Bwd Packet Length Std | Flow IAT Std | Flow IAT Max | Fwd IAT Max | Fwd PSH Flags | Fwd URG Flags | Packet Length Std | FIN Flag Count | act_data_pkt_fwd | Idle Max,3
1895,Total Fwd Packets | Total Length of Fwd Packets | Bwd Packet Length Min | Bwd Packet Length Mean | Bwd Packet Length Std | Flow IAT Min | Fwd IAT Total | Fwd IAT Mean | Fwd IAT Min | Bwd IAT Total | Fwd URG Flags | Init_Win_bytes_forward | act_data_pkt_fwd,6
1896,Total Fwd Packets | Total Length of Bwd Packets | Fwd Packet Length Mean | Flow Packets/s | Flow IAT Min | Bwd IAT Mean | Bwd IAT Max | Fwd PSH Flags | Fwd URG Flags | FIN Flag Count | Average Packet Size | Idle Std | Idle Min,1
1897,Total Backward Packets | Fwd Packet Length Max | Fwd Packet Length Std | Flow Packets/s | Flow IAT Mean | Flow IAT Max | Bwd IAT Std | Max Packet Length | Packet Length Mean | ACK Flag Count | ECE Flag Count | min_seg_size_forward | Active Max,2
1898,Flow Duration | Total Backward Packets | Fwd Packet Length Mean | Bwd Packet Length Min | Flow IAT Std | Bwd IAT Min | Fwd PSH Flags | Fwd URG Flags | Fwd Header Length | RST Flag Count | URG Flag Count | Init_Win_bytes_forward | Idle Mean,4
1899,Bwd Packet Length Max | Flow Bytes/s | Flow IAT Min | Fwd IAT Min | Bwd IAT Std | Bwd IAT Min | PSH Flag Count | Init_Win_bytes_backward | act_data_pkt_fwd | min_seg_size_forward | Active Mean | Idle Mean | Idle Min,6
1900,Destination Port | Flow Duration | Bwd Packet Length Max | Bwd Packet Length Mean | Flow Bytes/s | Fwd IAT Std | Fwd IAT Min | Bwd Header Length | Packet Length Std | ACK Flag Count | min_seg_size_forward | Active Std | Active Min,3
1901,Total Length of Bwd Packets | Bwd Packet Length Mean | Flow Bytes/s | Flow IAT Min | Fwd IAT Std | Bwd IAT Max | Bwd Header Length | Fwd Packets/s | Min Packet Length | PSH Flag Count | Active Max | Active Min | Idle Max,2
1902,Total Length of Bwd Packets | Fwd Packet Length Min | Flow IAT Std | Fwd IAT Total | Fwd IAT Std | Bwd IAT Min | Fwd Header Length | URG Flag Count | Active Std | Active Min | Idle Mean | Idle Std | Idle Max,1
1903,Fwd Packet Length Min | Flow IAT Std | Bwd IAT Total | Bwd IAT Mean | Bwd IAT Std | Bwd IAT Max | Bwd IAT Min | Packet Length Std | URG Flag Count | Init_Win_bytes_backward | Active Max | Idle Mean | Idle Std,2
1904,Fwd Packet Length Max | Fwd Packet Length Min | Bwd Packet Length Min | Bwd Packet Length Mean | Flow IAT Std | Fwd IAT Max | Bwd Header Length | Bwd Packets/s | Max Packet Length | PSH Flag Count | Active Min | Idle Std | Idle Min,2
1905,Total Length of Fwd Packets | Fwd Packet Length Max | Fwd Packet Length Min | Bwd Packet Length Mean | Flow IAT Max | Fwd IAT Mean | Bwd IAT Total | Min Packet Length | Max Packet Length | Packet Length Std | Down/Up Ratio | act_data_pkt_fwd | Idle Min,3
1906,Total Length of Fwd Packets | Fwd Packet Length Max | Bwd Packet Length Mean | Fwd IAT Total | Fwd IAT Mean | Fwd IAT Std | Bwd IAT Mean | Fwd URG Flags | Fwd Header Length | Fwd Packets/s | FIN Flag Count | Init_Win_bytes_forward | Active Std,1
1907,Destination Port | Total Fwd Packets | Total Length of Bwd Packets | Fwd Packet Length Min | Bwd Packet Length Mean | Flow Bytes/s | Fwd IAT Std | Bwd IAT Max | Min Packet Length | Packet Length Mean | FIN Flag Count | PSH Flag Count | Init_Win_bytes_backward,3
1908,Total Length of Bwd Packets | Fwd Packet Length Mean | Bwd Packet Length Max | Bwd Packet Length Std | Flow Packets/s | Fwd IAT Max | Bwd IAT Max | Fwd URG Flags | URG Flag Count | Init_Win_bytes_forward | Active Std | Idle Std | Idle Min,2
1909,Flow Duration | Total Fwd Packets | Flow IAT Mean | Fwd IAT Std | Bwd IAT Mean | Fwd PSH Flags | Fwd Header Length | PSH Flag Count | ACK Flag Count | URG Flag Count | Init_Win_bytes_forward | Idle Std | Idle Min,1
1910,Flow Duration | Fwd Packet Length Min | Flow IAT Min | Bwd IAT Std | Bwd IAT Min | Min Packet Length | Max Packet Length | RST Flag Count | ACK Flag Count | ECE Flag Count | Init_Win_bytes_backward | Active Std | Active Min,6
1911,Flow Duration | Total Fwd Packets | Total Length of Fwd Packets | Total Length of Bwd Packets | Fwd IAT Max | Fwd Packets/s | Bwd Packets/s | Min Packet Length | RST Flag Count | Active Mean | Active Min | Idle Max | Idle Min,2
1912,Total Backward Packets | Fwd Packet Length Min | Flow IAT Std | Flow IAT Max | Flow IAT Min | Fwd URG Flags | Fwd Header Length | Fwd Packets/s | FIN Flag Count | ACK Flag Count | Init_Win_bytes_backward | act_data_pkt_fwd | Active Mean,3
1913,Fwd Packet Length Mean | Bwd Packet Length Std | Flow IAT Std | Flow IAT Min | Fwd IAT Std | Fwd IAT Min | Bwd IAT Mean | Bwd Header Length | Bwd Packets/s | act_data_pkt_fwd | Active Std | Active Max | Idle Max,4
1914,Fwd Packet Length Max | Fwd Packet Length Min | Bwd Packet Length Std | Flow Bytes/s | Flow IAT Max | Bwd IAT Std | Fwd Header Length | Packet Length Std | Down/Up Ratio | Init_Win_bytes_forward | act_data_pkt_fwd | Active Max | Idle Min,3
1915,Destination Port | Flow Duration | Flow Packets/s | Fwd IAT Total | Fwd PSH Flags | Fwd Header Length | Min Packet Length | Max Packet Length | Packet Length Mean | Down/Up Ratio | act_data_pkt_fwd | Active Min | Idle Mean,4
1916,Flow Duration | Total Backward Packets | Fwd Packet Length Mean | Bwd Packet Length Min | Flow IAT Mean | Flow IAT Std | Bwd IAT Min | Fwd Header Length | FIN Flag Count | RST Flag Count | ACK Flag Count | ECE Flag Count | Active Min,3
1917,Total Backward Packets | Bwd Packet Length Mean | Flow Packets/s | Fwd IAT Mean | Fwd IAT Std | Fwd Header Length | Bwd Packets/s | Max Packet Length | Packet Length Std | ACK Flag Count | act_data_pkt_fwd | Active Std | Active Min,2
1918,Destination Port | Fwd IAT Mean | Fwd IAT Max | Fwd IAT Min | Bwd IAT Total | Bwd IAT Mean | Fwd PSH Flags | Bwd Header Length | Down/Up Ratio | Init_Win_bytes_forward | min_seg_size_forward | Idle Mean | Idle Std,4
1919,Flow Duration | Total Backward Packets | Total Length of Bwd Packets | Fwd Packet Length Std | Bwd Packet Length Mean | Bwd Packet Length Std | Bwd IAT Std | Bwd IAT Max | Bwd IAT Min | Fwd URG Flags | Packet Length Mean | ACK Flag Count | act_data_pkt_fwd,3
1920,Destination Port | Flow Duration | Flow IAT Std | Flow IAT Max | Fwd IAT Std | Fwd IAT Min | Bwd IAT Total | Bwd Header Length | Min Packet Length | ECE Flag Count | Init_Win_bytes_forward | act_data_pkt_fwd | Idle Mean,5
1921,Total Fwd Packets | Total Length of Fwd Packets | Fwd Packet Length Min | Bwd Packet Length Max | Fwd IAT Max | Fwd Packets/s | Min Packet Length | Packet Length Std | FIN Flag Count | Init_Win_bytes_backward | act_data_pkt_fwd | min_seg_size_forward | Active Std,4
1922,Bwd Packet Length Mean | Flow IAT Max | Fwd IAT Min | Fwd PSH Flags | Fwd Header Length | Fwd Packets/s | Min Packet Length | Packet Length Mean | Packet Length Std | FIN Flag Count | ECE Flag Count | Init_Win_bytes_backward | Active Max,3
1923,Flow Duration | Fwd Packet Length Mean | Bwd Packet Length Min | Bwd Packet Length Mean | Fwd IAT Std | Fwd IAT Max | Bwd IAT Mean | Min Packet Length | Max Packet Length | Packet Length Std | RST Flag Count | Init_Win_bytes_forward | Active Max,5
1924,Destination Port | Fwd Packet Length Std | Fwd IAT Mean | Fwd IAT Std | Bwd IAT Mean | Bwd IAT Std | Bwd IAT Max | Fwd URG Flags | Bwd Header Length | Bwd Packets/s | act_data_pkt_fwd | Idle Mean | Idle Std,2
1925,Flow Duration | Total Length of Fwd Packets | Bwd Packet Length Mean | Flow Bytes/s | Fwd IAT Std | Fwd IAT Max | Bwd Packets/s | Min Packet Length | ACK Flag Count | Active Mean | Active Std | Idle Std | Idle Min,1
1926,Total Backward Packets | Bwd Packet Length Max | Bwd Packet Length Mean | Bwd Packet Length Std | Flow IAT Min | Bwd IAT Std | Min Packet Length | RST Flag Count | PSH Flag Count | Active Std | Active Min | Idle Mean | Idle Min,4
1927,Total Length of Fwd Packets | Fwd IAT Total | Fwd IAT Mean | Bwd IAT Mean | Bwd IAT Std | Bwd Header Length | Bwd Packets/s | Min Packet Length | Down/Up Ratio | Average Packet Size | Idle Std | Idle Max | Idle Min,1
1928,Total Fwd Packets | Fwd Packet Length Min | Fwd Packet Length Mean | Fwd Packet Length Std | Max Packet Length | PSH Flag Count | ACK Flag Count | ECE Flag Count | Average Packet Size | Init_Win_bytes_forward | Active Mean | Active Max | Idle Std,2
1929,Total Length of Fwd Packets | Flow IAT Std | Fwd IAT Mean | Bwd IAT Mean | Bwd IAT Std | Bwd IAT Max | Fwd Header Length | Bwd Header Length | Fwd Packets/s | Max Packet Length | ACK Flag Count | ECE Flag Count | Average Packet Size,1
1930,Total Backward Packets | Total Length of Fwd Packets | Fwd Packet Length Min | Flow Packets/s | Flow IAT Mean | Flow IAT Std | Flow IAT Min | Fwd IAT Std | Fwd Header Length | Fwd Packets/s | ACK Flag Count | Average Packet Size | Active Std,1
1931,Flow Duration | Total Backward Packets | Fwd Packet Length Std | Flow Bytes/s | Flow Packets/s | Bwd IAT Total | Bwd IAT Std | Fwd Packets/s | Min Packet Length | ECE Flag Count | Down/Up Ratio | min_seg_size_forward | Active Std,2
1932,Destination Port | Flow Duration | Fwd Packet Length Max | Bwd Packet Length Std | Flow IAT Std | Flow IAT Max | Bwd Header Length | Packet Length Mean | FIN Flag Count | ACK Flag Count | ECE Flag Count | Active Mean | Idle Std,2
1933,Destination Port | Fwd Packet Length Max | Fwd Packet Length Mean | Fwd IAT Max | Fwd PSH Flags | Packet Length Mean | Packet Length Std | PSH Flag Count | Init_Win_bytes_backward | Active Max | Active Min | Idle Std | Idle Min,2
1934,Flow IAT Mean | Flow IAT Std | Fwd IAT Total | Fwd IAT Std | Bwd IAT Mean | Bwd IAT Min | Fwd URG Flags | Packet Length Mean | FIN Flag Count | Down/Up Ratio | Init_Win_bytes_forward | Active Mean | Active Std,2
1935,Total Length of Fwd Packets | Fwd Packet Length Std | Flow Packets/s | Flow IAT Mean | Flow IAT Min | Fwd IAT Total | Bwd IAT Std | Bwd IAT Max | PSH Flag Count | Down/Up Ratio | Average Packet Size | Init_Win_bytes_backward | act_data_pkt_fwd,3
1936,Destination Port | Total Length of Bwd Packets | Flow IAT Min | Bwd IAT Total | Bwd IAT Mean | Max Packet Length | Packet Length Std | PSH Flag Count | URG Flag Count | min_seg_size_forward | Active Std | Active Max | Idle Mean,4
1937,Fwd Packet Length Min | Flow Packets/s | Flow IAT Mean | Flow IAT Std | Flow IAT Min | Fwd IAT Mean | Fwd URG Flags | Fwd Header Length | Max Packet Length | ACK Flag Count | Active Mean | Active Std | Idle Mean,2
1938,Flow Duration | Total Fwd Packets | Total Length of Fwd Packets | Total Length of Bwd Packets | Fwd Packet Length Max | Fwd Packet Length Std | Bwd Packet Length Std | Flow Bytes/s | Fwd URG Flags | ACK Flag Count | ECE Flag Count | Average Packet Size | Active Min,1
1939,Destination Port | Fwd Packet Length Max | Bwd Packet Length Max | Bwd Packet Length Min | Bwd Packet Length Mean | Bwd Packet Length Std | Fwd IAT Mean | Bwd IAT Mean | Fwd PSH Flags | Fwd Header Length | Fwd Packets/s | Packet Length Std | act_data_pkt_fwd,4
1940,Total Backward Packets | Bwd Packet Length Min | Flow Bytes/s | Flow Packets/s | Flow IAT Mean | Fwd IAT Min | Min Packet Length | Max Packet Length | FIN Flag Count | RST Flag Count | Init_Win_bytes_backward | min_seg_size_forward | Active Min,7
1941,Total Backward Packets | Flow Packets/s | Flow IAT Mean | Flow IAT Max | Fwd IAT Std | Fwd IAT Max | Bwd IAT Mean | Fwd URG Flags | Bwd Header Length | Fwd Packets/s | FIN Flag Count | RST Flag Count | ACK Flag Count,1
1942,Flow Duration | Total Fwd Packets | Fwd Packet Length Min | Fwd IAT Mean | Bwd IAT Min | Max Packet Length | Packet Length Mean | FIN Flag Count | RST Flag Count | Init_Win_bytes_forward | act_data_pkt_fwd | Idle Std | Idle Max,5
1943,Destination Port | Bwd Packet Length Max | Flow IAT Max | Bwd IAT Max | Fwd PSH Flags | Fwd Header Length | Bwd Header Length | Bwd Packets/s | Packet Length Mean | RST Flag Count | Idle Mean | Idle Std | Idle Max,2
1944,Total Length of Bwd Packets | Fwd Packet Length Mean | Fwd Packet Length Std | Flow Packets/s | Flow IAT Std | Fwd IAT Total | Fwd IAT Min | Bwd IAT Total | Bwd Header Length | PSH Flag Count | URG Flag Count | Average Packet Size | Idle Max,1
1945,Destination Port | Fwd Packet Length Min | Fwd Packet Length Mean | Bwd Packet Length Mean | Flow Packets/s | Flow IAT Std | Fwd IAT Std | Fwd URG Flags | Max Packet Length | URG Flag Count | Down/Up Ratio | Active Mean | Idle Min,2
1946,Fwd Packet Length Max | Bwd Packet Length Mean | Flow Bytes/s | Flow IAT Mean | Fwd IAT Min | Bwd Header Length | Max Packet Length | Packet Length Std | RST Flag Count | Average Packet Size | min_seg_size_forward | Idle Std | Idle Max,4
1947,Destination Port | Bwd Packet Length Max | Bwd Packet Length Mean | Bwd Packet Length Std | Flow IAT Min | Fwd IAT Mean | Bwd IAT Std | Fwd Header Length | Bwd Header Length | Packet Length Mean | ECE Flag Count | Init_Win_bytes_forward | Idle Min,4
1948,Fwd Packet Length Max | Bwd Packet Length Max | Bwd Packet Length Min | Flow IAT Max | Fwd IAT Total | Fwd IAT Min | Bwd IAT Total | Bwd IAT Min | Down/Up Ratio | act_data_pkt_fwd | Active Mean | Active Max | Idle Max,4
1949,Fwd Packet Length Min | Fwd Packet Length Mean | Bwd Packet Length Max | Bwd Packet Length Std | Flow Bytes/s | Flow IAT Max | Fwd IAT Min | Bwd IAT Std | Min Packet Length | Packet Length Std | Down/Up Ratio | Init_Win_bytes_backward | Active Std,4
1950,Flow Duration | Total Fwd Packets | Total Backward Packets | Fwd Packet Length Min | Fwd Packet Length Mean | Bwd Packet Length Std | Fwd IAT Total | Fwd IAT Max | URG Flag Count | Init_Win_bytes_backward | act_data_pkt_fwd | min_seg_size_forward | Idle Mean,4
1951,Flow Duration | Total Backward Packets | Total Length of Bwd Packets | Fwd Packet Length Min | Flow Packets/s | Fwd IAT Min | Bwd IAT Max | Bwd IAT Min | Fwd Packets/s | Packet Length Std | ECE Flag Count | Average Packet Size | Idle Min,2
1952,Flow Duration | Total Length of Bwd Packets | Bwd Packet Length Max | Bwd Packet Length Min | Flow Packets/s | Flow IAT Mean | Fwd IAT Mean | Bwd IAT Std | Bwd IAT Max | Fwd Header Length | Min Packet Length | RST Flag Count | ECE Flag Count,3
1953,Total Length of Bwd Packets | Bwd Packet Length Mean | Flow Bytes/s | Flow IAT Std | Fwd IAT Total | Bwd IAT Mean | Min Packet Length | PSH Flag Count | ECE Flag Count | Average Packet Size | Init_Win_bytes_forward | Active Min | Idle Mean,2
1954,Fwd Packet Length Std | Bwd Packet Length Max | Flow Bytes/s | Flow IAT Max | Fwd IAT Max | Fwd IAT Min | Fwd PSH Flags | Down/Up Ratio | Average Packet Size | act_data_pkt_fwd | Active Mean | Active Min | Idle Mean,2
1955,Flow Duration | Fwd Packet Length Min | Bwd Packet Length Max | Fwd IAT Std | Fwd IAT Min | Bwd IAT Mean | Fwd PSH Flags | PSH Flag Count | Init_Win_bytes_backward | Active Std | Active Min | Idle Mean | Idle Max,2
1956,Destination Port | Fwd Packet Length Mean | Bwd Packet Length Mean | Fwd IAT Total | Fwd IAT Mean | Fwd IAT Max | Packet Length Std | FIN Flag Count | RST Flag Count | Active Mean | Active Max | Active Min | Idle Mean,2
1957,Total Fwd Packets | Total Backward Packets | Total Length of Fwd Packets | Total Length of Bwd Packets | Bwd Packet Length Std | Fwd IAT Min | Fwd URG Flags | Bwd Header Length | Packet Length Mean | Packet Length Std | Active Mean | Idle Mean | Idle Std,2
1958,Total Fwd Packets | Total Length of Bwd Packets | Fwd Packet Length Mean | Bwd Packet Length Max | Bwd Packet Length Min | Bwd IAT Max | Fwd Packets/s | Min Packet Length | Max Packet Length | Down/Up Ratio | Average Packet Size | Active Mean | Idle Min,3
1959,Total Backward Packets | Fwd Packet Length Min | Bwd Packet Length Min | Flow IAT Mean | Flow IAT Max | Fwd IAT Max | Fwd IAT Min | Bwd IAT Std | Bwd IAT Min | Bwd Packets/s | PSH Flag Count | Down/Up Ratio | Average Packet Size,3
1960,Flow IAT Mean | Flow IAT Min | Fwd IAT Std | Fwd PSH Flags | Fwd URG Flags | Fwd Header Length | Fwd Packets/s | Bwd Packets/s | RST Flag Count | URG Flag Count | Down/Up Ratio | Idle Mean | Idle Max,2
1961,Total Length of Bwd Packets | Flow Packets/s | Flow IAT Std | Flow IAT Max | Fwd IAT Std | Bwd IAT Max | Fwd Header Length | Bwd Header Length | Min Packet Length | Packet Length Mean | ECE Flag Count | Average Packet Size | Active Mean,1
1962,Total Length of Bwd Packets | Bwd Packet Length Min | Flow Bytes/s | Fwd IAT Mean | Fwd IAT Min | Bwd IAT Min | Fwd PSH Flags | Fwd URG Flags | Fwd Header Length | Fwd Packets/s | FIN Flag Count | Down/Up Ratio | Average Packet Size,3
1963,Flow Duration | Flow IAT Min | Fwd IAT Max | Bwd IAT Total | Fwd Header Length | Min Packet Length | Max Packet Length | PSH Flag Count | ACK Flag Count | min_seg_size_forward | Active Max | Active Min | Idle Max,4
1964,Destination Port | Bwd Packet Length Min | Bwd Packet Length Mean | Flow IAT Std | Bwd IAT Std | Fwd URG Flags | Fwd Header Length | Bwd Header Length | Fwd Packets/s | Max Packet Length | Down/Up Ratio | Active Mean | Active Std,3
1965,Total Fwd Packets | Fwd Packet Length Mean | Fwd Packet Length Std | Bwd Packet Length Max | Flow Packets/s | Bwd IAT Total | Packet Length Mean | RST Flag Count | Down/Up Ratio | Average Packet Size | Active Std | Idle Max | Idle Min,1
1966,Fwd Packet Length Max | Fwd Packet Length Min | Fwd Packet Length Mean | Flow Bytes/s | Fwd IAT Total | Fwd IAT Mean | Fwd IAT Max | Fwd IAT Min | Bwd IAT Total | Bwd IAT Std | Fwd Header Length | RST Flag Count | min_seg_size_forward,3
1967,Destination Port | Total Backward Packets | Bwd Packet Length Min | Flow Packets/s | Flow IAT Min | Fwd PSH Flags | Fwd Packets/s | Packet Length Mean | RST Flag Count | min_seg_size_forward | Active Mean | Idle Max | Idle Min,5
1968,Total Backward Packets | Total Length of Bwd Packets | Bwd Packet Length Max | Flow Bytes/s | Fwd IAT Min | Fwd Header Length | Bwd Header Length | Bwd Packets/s | Packet Length Std | PSH Flag Count | Down/Up Ratio | Init_Win_bytes_forward | Active Max,2
1969,Flow Duration | Total Backward Packets | Fwd Packet Length Min | Bwd Packet Length Max | Flow IAT Mean | Fwd IAT Max | Bwd IAT Mean | Bwd IAT Max | Bwd IAT Min | Fwd Packets/s | Average Packet Size | Init_Win_bytes_forward | min_seg_size_forward,3
1970,Total Length of Bwd Packets | Bwd Packet Length Min | Flow IAT Max | Fwd IAT Mean | Fwd IAT Max | Bwd IAT Std | Bwd Header Length | Max Packet Length | FIN Flag Count | ACK Flag Count | URG Flag Count | Init_Win_bytes_forward | min_seg_size_forward,4
1971,Destination Port | Total Fwd Packets | Fwd Packet Length Max | Fwd Packet Length Min | Flow IAT Std | Fwd IAT Min | Bwd IAT Total | Bwd IAT Mean | Fwd Header Length | Bwd Packets/s | Init_Win_bytes_forward | Init_Win_bytes_backward | Idle Std,4
1972,Flow Duration | Total Length of Bwd Packets | Bwd Packet Length Max | Flow IAT Std | Bwd IAT Total | Bwd IAT Mean | Fwd URG Flags | Bwd Packets/s | Packet Length Std | act_data_pkt_fwd | min_seg_size_forward | Active Mean | Idle Max,2
1973,Flow Duration | Total Backward Packets | Fwd Packet Length Std | Flow Packets/s | Flow IAT Min | Bwd IAT Total | Bwd IAT Min | Fwd URG Flags | Fwd Packets/s | Packet Length Std | ACK Flag Count | Down/Up Ratio | Idle Max,2
1974,Total Fwd Packets | Fwd Packet Length Std | Bwd Packet Length Min | Fwd IAT Max | Fwd IAT Min | Bwd IAT Total | Max Packet Length | Packet Length Mean | FIN Flag Count | RST Flag Count | URG Flag Count | min_seg_size_forward | Active Std,5
1975,Total Backward Packets | Total Length of Fwd Packets | Fwd Packet Length Max | Bwd Packet Length Max | Flow Packets/s | Fwd IAT Mean | Fwd IAT Max | Bwd IAT Std | ACK Flag Count | Down/Up Ratio | Init_Win_bytes_forward | Init_Win_bytes_backward | Idle Min,2
1976,Flow IAT Min | Fwd IAT Total | Fwd IAT Mean | Bwd IAT Max | Bwd IAT Min | Fwd URG Flags | Bwd Header Length | Min Packet Length | Max Packet Length | FIN Flag Count | PSH Flag Count | Init_Win_bytes_forward | Active Min,5
1977,Total Length of Fwd Packets | Total Length of Bwd Packets | Fwd Packet Length Max | Bwd Packet Length Std | Flow Bytes/s | Flow IAT Std | Flow IAT Max | Fwd IAT Mean | Bwd IAT Total | Bwd IAT Min | RST Flag Count | Init_Win_bytes_backward | act_data_pkt_fwd,5
1978,Destination Port | Total Length of Bwd Packets | Fwd Packet Length Min | Bwd Packet Length Max | Bwd Packet Length Min | Flow Bytes/s | Flow Packets/s | Flow IAT Std | Fwd IAT Total | Bwd IAT Mean | Bwd IAT Min | Min Packet Length | ECE Flag Count,4
1979,Flow Duration | Fwd Packet Length Max | Bwd Packet Length Min | Flow Bytes/s | Fwd IAT Total | Bwd IAT Mean | Bwd IAT Min | Fwd URG Flags | Fwd Header Length | Bwd Header Length | min_seg_size_forward | Active Std | Idle Std,3
1980,Fwd Packet Length Max | Fwd Packet Length Mean | Flow IAT Mean | Flow IAT Min | Fwd IAT Std | Max Packet Length | Packet Length Mean | ACK Flag Count | ECE Flag Count | Down/Up Ratio | Init_Win_bytes_backward | Active Max | Idle Mean,3
1981,Total Fwd Packets | Total Backward Packets | Bwd Packet Length Min | Bwd Packet Length Std | Flow IAT Std | Fwd IAT Max | Bwd IAT Std | Fwd Packets/s | Packet Length Mean | Packet Length Std | RST Flag Count | Init_Win_bytes_forward | Idle Mean,4
1982,Total Backward Packets | Fwd Packet Length Mean | Bwd Packet Length Max | Flow Bytes/s | Flow IAT Min | Fwd IAT Mean | Bwd IAT Mean | Bwd IAT Std | FIN Flag Count | PSH Flag Count | Init_Win_bytes_backward | Idle Mean | Idle Std,2
1983,Flow Duration | Total Backward Packets | Total Length of Bwd Packets | Fwd Packet Length Mean | Bwd Packet Length Max | Flow IAT Std | Fwd IAT Min | RST Flag Count | URG Flag Count | act_data_pkt_fwd | Active Std | Idle Std | Idle Max,3
1984,Flow Duration | Fwd Packet Length Max | Bwd Packet Length Min | Flow Bytes/s | Flow Packets/s | Flow IAT Mean | Fwd IAT Min | Bwd IAT Total | Bwd IAT Std | Min Packet Length | Packet Length Mean | Active Max | Active Min,3
1985,Flow Duration | Total Fwd Packets | Total Backward Packets | Bwd Packet Length Max | Flow Packets/s | Flow IAT Mean | Flow IAT Min | Fwd IAT Total | Fwd IAT Mean | Bwd IAT Max | Fwd Header Length | Min Packet Length | URG Flag Count,2
1986,Bwd Packet Length Max | Flow IAT Max | Flow IAT Min | Fwd IAT Std | Bwd IAT Max | Fwd Header Length | Bwd Header Length | Max Packet Length | Packet Length Std | Init_Win_bytes_forward | Idle Mean | Idle Std | Idle Min,3
1987,Destination Port | Total Fwd Packets | Fwd Packet Length Max | Fwd Packet Length Min | Bwd Packet Length Max | Bwd Packet Length Min | Flow IAT Mean | Flow IAT Max | Fwd Header Length | Bwd Header Length | URG Flag Count | Active Std | Idle Min,2
1988,Destination Port | Fwd Packet Length Max | Bwd Packet Length Max | Flow Bytes/s | Flow IAT Max | Flow IAT Min | Fwd IAT Std | Fwd IAT Max | Bwd IAT Mean | Bwd IAT Min | Fwd URG Flags | Min Packet Length | PSH Flag Count,4
1989,Destination Port | Total Backward Packets | Fwd Packet Length Std | Flow IAT Mean | Flow IAT Std | Flow IAT Max | Bwd IAT Max | Fwd URG Flags | Max Packet Length | Packet Length Std | PSH Flag Count | Init_Win_bytes_backward | Active Max,3
1990,Total Backward Packets | Fwd Packet Length Max | Bwd Packet Length Min | Bwd Packet Length Std | Flow IAT Max | Bwd IAT Max | Fwd PSH Flags | Bwd Packets/s | Min Packet Length | Max Packet Length | URG Flag Count | min_seg_size_forward | Idle Std,5
1991,Total Backward Packets | Fwd Packet Length Max | Fwd Packet Length Mean | Fwd Packet Length Std | Bwd Packet Length Mean | Fwd Header Length | Max Packet Length | Packet Length Mean | PSH Flag Count | ECE Flag Count | Average Packet Size | Init_Win_bytes_backward | Idle Max,2
1992,Total Fwd Packets | Fwd Packet Length Mean | Bwd Packet Length Std | Fwd IAT Mean | Fwd PSH Flags | PSH Flag Count | ACK Flag Count | URG Flag Count | Average Packet Size | act_data_pkt_fwd | min_seg_size_forward | Active Mean | Idle Std,3
1993,Total Fwd Packets | Fwd Packet Length Max | Bwd Packet Length Max | Bwd Packet Length Mean | Bwd Packet Length Std | Bwd IAT Mean | Fwd URG Flags | Fwd Header Length | Packet Length Std | RST Flag Count | Init_Win_bytes_forward | Active Max | Idle Std,3
1994,Flow Duration | Total Fwd Packets | Fwd Packet Length Mean | Bwd Packet Length Min | Flow Bytes/s | Fwd IAT Std | Bwd IAT Mean | Fwd Header Length | Bwd Packets/s | Min Packet Length | Init_Win_bytes_forward | Active Max | Idle Mean,3
1995,Fwd Packet Length Max | Fwd Packet Length Mean | Bwd Packet Length Mean | Flow Packets/s | Fwd IAT Mean | Fwd IAT Min | Bwd IAT Std | Fwd URG Flags | FIN Flag Count | ACK Flag Count | Average Packet Size | Init_Win_bytes_forward | act_data_pkt_fwd,3
1996,Destination Port | Total Fwd Packets | Fwd Packet Length Std | Flow IAT Max | Fwd IAT Std | Fwd IAT Max | Bwd IAT Std | RST Flag Count | Init_Win_bytes_backward | act_data_pkt_fwd | min_seg_size_forward | Active Std | Active Min,5
1997,Destination Port | Total Length of Fwd Packets | Total Length of Bwd Packets | Bwd Packet Length Min | Flow Bytes/s | Flow IAT Mean | Fwd IAT Mean | Fwd Header Length | Bwd Packets/s | Min Packet Length | Max Packet Length | ECE Flag Count | Idle Std,4
1998,Destination Port | Bwd Packet Length Mean | Flow IAT Std | Bwd IAT Max | Fwd URG Flags | Bwd Packets/s | Min Packet Length | Packet Length Mean | PSH Flag Count | Average Packet Size | Init_Win_bytes_forward | min_seg_size_forward | Active Max,4
1999,Total Length of Fwd Packets | Fwd Packet Length Mean | Bwd Packet Length Std | Fwd IAT Std | Fwd IAT Max | Bwd IAT Mean | Bwd IAT Max | Bwd Header Length | Fwd Packets/s | URG Flag Count | act_data_pkt_fwd | Active Min | Idle Max,2
